min_1k_count,Date
0,2009-01-03
0,2009-01-04
0,2009-01-05
0,2009-01-06
0,2009-01-07
0,2009-01-08
0,2009-01-09
1,2009-01-10
1,2009-01-11
1,2009-01-12
1,2009-01-13
1,2009-01-14
1,2009-01-15
1,2009-01-16
1,2009-01-17
1,2009-01-18
2,2009-01-19
2,2009-01-20
2,2009-01-21
2,2009-01-22
2,2009-01-23
3,2009-01-24
4,2009-01-25
3,2009-01-26
3,2009-01-27
3,2009-01-28
3,2009-01-29
3,2009-01-30
3,2009-01-31
4,2009-02-01
5,2009-02-02
5,2009-02-03
5,2009-02-04
5,2009-02-05
6,2009-02-06
7,2009-02-07
7,2009-02-08
6,2009-02-09
6,2009-02-10
6,2009-02-11
6,2009-02-12
6,2009-02-13
8,2009-02-14
8,2009-02-15
8,2009-02-16
10,2009-02-17
10,2009-02-18
10,2009-02-19
10,2009-02-20
10,2009-02-21
11,2009-02-22
11,2009-02-23
11,2009-02-24
11,2009-02-25
11,2009-02-26
10,2009-02-27
10,2009-02-28
10,2009-03-01
10,2009-03-02
12,2009-03-03
11,2009-03-04
11,2009-03-05
11,2009-03-06
12,2009-03-07
12,2009-03-08
12,2009-03-09
12,2009-03-10
12,2009-03-11
12,2009-03-12
12,2009-03-13
13,2009-03-14
13,2009-03-15
12,2009-03-16
12,2009-03-17
12,2009-03-18
12,2009-03-19
12,2009-03-20
13,2009-03-21
14,2009-03-22
15,2009-03-23
15,2009-03-24
16,2009-03-25
15,2009-03-26
15,2009-03-27
16,2009-03-28
16,2009-03-29
16,2009-03-30
15,2009-03-31
15,2009-04-01
15,2009-04-02
16,2009-04-03
17,2009-04-04
17,2009-04-05
17,2009-04-06
18,2009-04-07
19,2009-04-08
20,2009-04-09
20,2009-04-10
20,2009-04-11
20,2009-04-12
20,2009-04-13
20,2009-04-14
20,2009-04-15
20,2009-04-16
21,2009-04-17
21,2009-04-18
21,2009-04-19
20,2009-04-20
21,2009-04-21
21,2009-04-22
21,2009-04-23
23,2009-04-24
23,2009-04-25
23,2009-04-26
23,2009-04-27
25,2009-04-28
26,2009-04-29
26,2009-04-30
26,2009-05-01
29,2009-05-02
29,2009-05-03
28,2009-05-04
28,2009-05-05
28,2009-05-06
28,2009-05-07
28,2009-05-08
29,2009-05-09
30,2009-05-10
31,2009-05-11
31,2009-05-12
31,2009-05-13
31,2009-05-14
31,2009-05-15
31,2009-05-16
31,2009-05-17
33,2009-05-18
34,2009-05-19
34,2009-05-20
34,2009-05-21
34,2009-05-22
34,2009-05-23
34,2009-05-24
34,2009-05-25
34,2009-05-26
34,2009-05-27
34,2009-05-28
33,2009-05-29
34,2009-05-30
35,2009-05-31
35,2009-06-01
35,2009-06-02
35,2009-06-03
35,2009-06-04
35,2009-06-05
35,2009-06-06
35,2009-06-07
35,2009-06-08
35,2009-06-09
35,2009-06-10
35,2009-06-11
35,2009-06-12
35,2009-06-13
36,2009-06-14
36,2009-06-15
36,2009-06-16
36,2009-06-17
37,2009-06-18
38,2009-06-19
38,2009-06-20
38,2009-06-21
37,2009-06-22
37,2009-06-23
38,2009-06-24
37,2009-06-25
37,2009-06-26
37,2009-06-27
39,2009-06-28
39,2009-06-29
39,2009-06-30
39,2009-07-01
39,2009-07-02
39,2009-07-03
39,2009-07-04
39,2009-07-05
39,2009-07-06
39,2009-07-07
39,2009-07-08
40,2009-07-09
41,2009-07-10
41,2009-07-11
43,2009-07-12
43,2009-07-13
43,2009-07-14
43,2009-07-15
43,2009-07-16
43,2009-07-17
43,2009-07-18
43,2009-07-19
44,2009-07-20
44,2009-07-21
44,2009-07-22
44,2009-07-23
44,2009-07-24
44,2009-07-25
44,2009-07-26
44,2009-07-27
44,2009-07-28
44,2009-07-29
45,2009-07-30
46,2009-07-31
46,2009-08-01
46,2009-08-02
46,2009-08-03
46,2009-08-04
46,2009-08-05
46,2009-08-06
45,2009-08-07
47,2009-08-08
47,2009-08-09
48,2009-08-10
48,2009-08-11
48,2009-08-12
48,2009-08-13
48,2009-08-14
48,2009-08-15
48,2009-08-16
48,2009-08-17
48,2009-08-18
48,2009-08-19
48,2009-08-20
49,2009-08-21
49,2009-08-22
49,2009-08-23
49,2009-08-24
50,2009-08-25
49,2009-08-26
49,2009-08-27
49,2009-08-28
50,2009-08-29
51,2009-08-30
52,2009-08-31
53,2009-09-01
53,2009-09-02
53,2009-09-03
53,2009-09-04
53,2009-09-05
53,2009-09-06
53,2009-09-07
53,2009-09-08
53,2009-09-09
53,2009-09-10
53,2009-09-11
53,2009-09-12
53,2009-09-13
53,2009-09-14
54,2009-09-15
55,2009-09-16
54,2009-09-17
55,2009-09-18
55,2009-09-19
55,2009-09-20
55,2009-09-21
54,2009-09-22
54,2009-09-23
55,2009-09-24
54,2009-09-25
56,2009-09-26
56,2009-09-27
56,2009-09-28
55,2009-09-29
55,2009-09-30
55,2009-10-01
56,2009-10-02
56,2009-10-03
57,2009-10-04
57,2009-10-05
57,2009-10-06
57,2009-10-07
57,2009-10-08
58,2009-10-09
58,2009-10-10
58,2009-10-11
59,2009-10-12
60,2009-10-13
60,2009-10-14
62,2009-10-15
62,2009-10-16
62,2009-10-17
62,2009-10-18
62,2009-10-19
61,2009-10-20
62,2009-10-21
62,2009-10-22
64,2009-10-23
65,2009-10-24
66,2009-10-25
66,2009-10-26
66,2009-10-27
67,2009-10-28
66,2009-10-29
66,2009-10-30
67,2009-10-31
67,2009-11-01
67,2009-11-02
68,2009-11-03
68,2009-11-04
68,2009-11-05
68,2009-11-06
68,2009-11-07
71,2009-11-08
71,2009-11-09
72,2009-11-10
70,2009-11-11
70,2009-11-12
70,2009-11-13
70,2009-11-14
71,2009-11-15
71,2009-11-16
71,2009-11-17
71,2009-11-18
71,2009-11-19
73,2009-11-20
75,2009-11-21
75,2009-11-22
75,2009-11-23
75,2009-11-24
75,2009-11-25
75,2009-11-26
75,2009-11-27
75,2009-11-28
75,2009-11-29
76,2009-11-30
77,2009-12-01
77,2009-12-02
78,2009-12-03
78,2009-12-04
78,2009-12-05
79,2009-12-06
80,2009-12-07
82,2009-12-08
82,2009-12-09
82,2009-12-10
82,2009-12-11
82,2009-12-12
82,2009-12-13
83,2009-12-14
83,2009-12-15
84,2009-12-16
85,2009-12-17
85,2009-12-18
85,2009-12-19
87,2009-12-20
90,2009-12-21
90,2009-12-22
90,2009-12-23
90,2009-12-24
91,2009-12-25
92,2009-12-26
93,2009-12-27
93,2009-12-28
93,2009-12-29
93,2009-12-30
93,2009-12-31
93,2010-01-01
97,2010-01-02
98,2010-01-03
99,2010-01-04
99,2010-01-05
99,2010-01-06
100,2010-01-07
102,2010-01-08
104,2010-01-09
104,2010-01-10
106,2010-01-11
107,2010-01-12
107,2010-01-13
110,2010-01-14
111,2010-01-15
111,2010-01-16
111,2010-01-17
112,2010-01-18
114,2010-01-19
114,2010-01-20
116,2010-01-21
116,2010-01-22
117,2010-01-23
117,2010-01-24
119,2010-01-25
121,2010-01-26
121,2010-01-27
123,2010-01-28
124,2010-01-29
124,2010-01-30
125,2010-01-31
126,2010-02-01
125,2010-02-02
127,2010-02-03
129,2010-02-04
132,2010-02-05
136,2010-02-06
142,2010-02-07
144,2010-02-08
144,2010-02-09
143,2010-02-10
143,2010-02-11
142,2010-02-12
143,2010-02-13
145,2010-02-14
144,2010-02-15
146,2010-02-16
151,2010-02-17
153,2010-02-18
154,2010-02-19
156,2010-02-20
158,2010-02-21
157,2010-02-22
160,2010-02-23
160,2010-02-24
158,2010-02-25
158,2010-02-26
161,2010-02-27
162,2010-02-28
167,2010-03-01
166,2010-03-02
165,2010-03-03
167,2010-03-04
168,2010-03-05
170,2010-03-06
169,2010-03-07
168,2010-03-08
170,2010-03-09
171,2010-03-10
170,2010-03-11
172,2010-03-12
174,2010-03-13
175,2010-03-14
175,2010-03-15
177,2010-03-16
176,2010-03-17
176,2010-03-18
176,2010-03-19
176,2010-03-20
178,2010-03-21
178,2010-03-22
181,2010-03-23
183,2010-03-24
182,2010-03-25
187,2010-03-26
191,2010-03-27
194,2010-03-28
193,2010-03-29
195,2010-03-30
197,2010-03-31
200,2010-04-01
202,2010-04-02
205,2010-04-03
205,2010-04-04
205,2010-04-05
204,2010-04-06
203,2010-04-07
204,2010-04-08
205,2010-04-09
207,2010-04-10
210,2010-04-11
215,2010-04-12
215,2010-04-13
216,2010-04-14
217,2010-04-15
219,2010-04-16
220,2010-04-17
223,2010-04-18
223,2010-04-19
224,2010-04-20
226,2010-04-21
226,2010-04-22
227,2010-04-23
227,2010-04-24
228,2010-04-25
229,2010-04-26
232,2010-04-27
233,2010-04-28
235,2010-04-29
239,2010-04-30
238,2010-05-01
241,2010-05-02
243,2010-05-03
239,2010-05-04
239,2010-05-05
239,2010-05-06
242,2010-05-07
240,2010-05-08
242,2010-05-09
244,2010-05-10
247,2010-05-11
244,2010-05-12
245,2010-05-13
246,2010-05-14
247,2010-05-15
247,2010-05-16
245,2010-05-17
246,2010-05-18
248,2010-05-19
249,2010-05-20
252,2010-05-21
252,2010-05-22
253,2010-05-23
254,2010-05-24
256,2010-05-25
260,2010-05-26
260,2010-05-27
261,2010-05-28
264,2010-05-29
265,2010-05-30
265,2010-05-31
264,2010-06-01
265,2010-06-02
264,2010-06-03
265,2010-06-04
265,2010-06-05
265,2010-06-06
264,2010-06-07
264,2010-06-08
267,2010-06-09
267,2010-06-10
270,2010-06-11
270,2010-06-12
272,2010-06-13
272,2010-06-14
270,2010-06-15
268,2010-06-16
269,2010-06-17
270,2010-06-18
269,2010-06-19
270,2010-06-20
271,2010-06-21
278,2010-06-22
277,2010-06-23
276,2010-06-24
278,2010-06-25
278,2010-06-26
278,2010-06-27
282,2010-06-28
282,2010-06-29
286,2010-06-30
288,2010-07-01
290,2010-07-02
291,2010-07-03
292,2010-07-04
296,2010-07-05
299,2010-07-06
299,2010-07-07
299,2010-07-08
299,2010-07-09
296,2010-07-10
299,2010-07-11
302,2010-07-12
305,2010-07-13
307,2010-07-14
309,2010-07-15
311,2010-07-16
310,2010-07-17
310,2010-07-18
311,2010-07-19
311,2010-07-20
310,2010-07-21
313,2010-07-22
314,2010-07-23
315,2010-07-24
322,2010-07-25
324,2010-07-26
324,2010-07-27
321,2010-07-28
321,2010-07-29
322,2010-07-30
324,2010-07-31
325,2010-08-01
328,2010-08-02
329,2010-08-03
331,2010-08-04
331,2010-08-05
334,2010-08-06
333,2010-08-07
336,2010-08-08
335,2010-08-09
338,2010-08-10
333,2010-08-11
337,2010-08-12
339,2010-08-13
343,2010-08-14
344,2010-08-15
346,2010-08-16
346,2010-08-17
351,2010-08-18
351,2010-08-19
356,2010-08-20
362,2010-08-21
362,2010-08-22
363,2010-08-23
365,2010-08-24
366,2010-08-25
369,2010-08-26
369,2010-08-27
372,2010-08-28
374,2010-08-29
379,2010-08-30
384,2010-08-31
387,2010-09-01
386,2010-09-02
388,2010-09-03
389,2010-09-04
389,2010-09-05
390,2010-09-06
394,2010-09-07
395,2010-09-08
397,2010-09-09
399,2010-09-10
400,2010-09-11
402,2010-09-12
407,2010-09-13
415,2010-09-14
413,2010-09-15
412,2010-09-16
413,2010-09-17
415,2010-09-18
414,2010-09-19
419,2010-09-20
420,2010-09-21
421,2010-09-22
418,2010-09-23
421,2010-09-24
419,2010-09-25
421,2010-09-26
421,2010-09-27
422,2010-09-28
425,2010-09-29
430,2010-09-30
430,2010-10-01
436,2010-10-02
436,2010-10-03
441,2010-10-04
441,2010-10-05
437,2010-10-06
432,2010-10-07
432,2010-10-08
435,2010-10-09
431,2010-10-10
436,2010-10-11
434,2010-10-12
439,2010-10-13
440,2010-10-14
443,2010-10-15
447,2010-10-16
448,2010-10-17
451,2010-10-18
457,2010-10-19
460,2010-10-20
461,2010-10-21
465,2010-10-22
463,2010-10-23
466,2010-10-24
469,2010-10-25
473,2010-10-26
470,2010-10-27
474,2010-10-28
476,2010-10-29
475,2010-10-30
481,2010-10-31
477,2010-11-01
477,2010-11-02
478,2010-11-03
481,2010-11-04
481,2010-11-05
485,2010-11-06
488,2010-11-07
489,2010-11-08
492,2010-11-09
495,2010-11-10
498,2010-11-11
499,2010-11-12
504,2010-11-13
506,2010-11-14
505,2010-11-15
505,2010-11-16
510,2010-11-17
513,2010-11-18
512,2010-11-19
509,2010-11-20
510,2010-11-21
515,2010-11-22
515,2010-11-23
513,2010-11-24
515,2010-11-25
515,2010-11-26
520,2010-11-27
522,2010-11-28
519,2010-11-29
522,2010-11-30
522,2010-12-01
519,2010-12-02
518,2010-12-03
516,2010-12-04
518,2010-12-05
525,2010-12-06
527,2010-12-07
527,2010-12-08
524,2010-12-09
522,2010-12-10
521,2010-12-11
522,2010-12-12
527,2010-12-13
526,2010-12-14
526,2010-12-15
526,2010-12-16
525,2010-12-17
526,2010-12-18
530,2010-12-19
531,2010-12-20
531,2010-12-21
536,2010-12-22
540,2010-12-23
543,2010-12-24
544,2010-12-25
546,2010-12-26
541,2010-12-27
542,2010-12-28
545,2010-12-29
545,2010-12-30
547,2010-12-31
548,2011-01-01
548,2011-01-02
543,2011-01-03
542,2011-01-04
543,2011-01-05
544,2011-01-06
544,2011-01-07
544,2011-01-08
544,2011-01-09
543,2011-01-10
548,2011-01-11
546,2011-01-12
545,2011-01-13
549,2011-01-14
547,2011-01-15
547,2011-01-16
546,2011-01-17
544,2011-01-18
541,2011-01-19
546,2011-01-20
540,2011-01-21
538,2011-01-22
534,2011-01-23
538,2011-01-24
537,2011-01-25
541,2011-01-26
538,2011-01-27
540,2011-01-28
543,2011-01-29
540,2011-01-30
534,2011-01-31
534,2011-02-01
538,2011-02-02
539,2011-02-03
541,2011-02-04
543,2011-02-05
545,2011-02-06
548,2011-02-07
551,2011-02-08
549,2011-02-09
549,2011-02-10
553,2011-02-11
557,2011-02-12
558,2011-02-13
553,2011-02-14
552,2011-02-15
556,2011-02-16
559,2011-02-17
562,2011-02-18
568,2011-02-19
570,2011-02-20
570,2011-02-21
572,2011-02-22
572,2011-02-23
573,2011-02-24
573,2011-02-25
574,2011-02-26
579,2011-02-27
593,2011-02-28
604,2011-03-01
637,2011-03-02
637,2011-03-03
642,2011-03-04
643,2011-03-05
643,2011-03-06
646,2011-03-07
648,2011-03-08
651,2011-03-09
654,2011-03-10
652,2011-03-11
653,2011-03-12
654,2011-03-13
655,2011-03-14
662,2011-03-15
661,2011-03-16
660,2011-03-17
661,2011-03-18
663,2011-03-19
664,2011-03-20
670,2011-03-21
670,2011-03-22
670,2011-03-23
672,2011-03-24
673,2011-03-25
677,2011-03-26
682,2011-03-27
682,2011-03-28
678,2011-03-29
680,2011-03-30
683,2011-03-31
683,2011-04-01
687,2011-04-02
688,2011-04-03
687,2011-04-04
689,2011-04-05
692,2011-04-06
689,2011-04-07
689,2011-04-08
686,2011-04-09
687,2011-04-10
683,2011-04-11
684,2011-04-12
683,2011-04-13
686,2011-04-14
685,2011-04-15
685,2011-04-16
685,2011-04-17
683,2011-04-18
683,2011-04-19
681,2011-04-20
687,2011-04-21
690,2011-04-22
695,2011-04-23
704,2011-04-24
702,2011-04-25
698,2011-04-26
696,2011-04-27
697,2011-04-28
698,2011-04-29
698,2011-04-30
699,2011-05-01
698,2011-05-02
700,2011-05-03
707,2011-05-04
707,2011-05-05
713,2011-05-06
709,2011-05-07
712,2011-05-08
718,2011-05-09
712,2011-05-10
712,2011-05-11
707,2011-05-12
712,2011-05-13
713,2011-05-14
722,2011-05-15
717,2011-05-16
719,2011-05-17
720,2011-05-18
723,2011-05-19
719,2011-05-20
724,2011-05-21
724,2011-05-22
725,2011-05-23
730,2011-05-24
736,2011-05-25
737,2011-05-26
738,2011-05-27
742,2011-05-28
742,2011-05-29
741,2011-05-30
746,2011-05-31
749,2011-06-01
748,2011-06-02
746,2011-06-03
748,2011-06-04
752,2011-06-05
755,2011-06-06
759,2011-06-07
769,2011-06-08
773,2011-06-09
772,2011-06-10
774,2011-06-11
781,2011-06-12
788,2011-06-13
802,2011-06-14
810,2011-06-15
812,2011-06-16
820,2011-06-17
814,2011-06-18
793,2011-06-19
799,2011-06-20
802,2011-06-21
800,2011-06-22
798,2011-06-23
796,2011-06-24
799,2011-06-25
799,2011-06-26
797,2011-06-27
796,2011-06-28
800,2011-06-29
797,2011-06-30
793,2011-07-01
791,2011-07-02
791,2011-07-03
791,2011-07-04
782,2011-07-05
783,2011-07-06
782,2011-07-07
785,2011-07-08
786,2011-07-09
784,2011-07-10
784,2011-07-11
786,2011-07-12
787,2011-07-13
786,2011-07-14
789,2011-07-15
790,2011-07-16
790,2011-07-17
793,2011-07-18
794,2011-07-19
794,2011-07-20
796,2011-07-21
799,2011-07-22
799,2011-07-23
801,2011-07-24
800,2011-07-25
800,2011-07-26
802,2011-07-27
805,2011-07-28
805,2011-07-29
807,2011-07-30
808,2011-07-31
811,2011-08-01
806,2011-08-02
807,2011-08-03
804,2011-08-04
809,2011-08-05
802,2011-08-06
802,2011-08-07
815,2011-08-08
814,2011-08-09
811,2011-08-10
810,2011-08-11
808,2011-08-12
806,2011-08-13
808,2011-08-14
807,2011-08-15
806,2011-08-16
809,2011-08-17
810,2011-08-18
813,2011-08-19
811,2011-08-20
809,2011-08-21
810,2011-08-22
809,2011-08-23
805,2011-08-24
821,2011-08-25
807,2011-08-26
812,2011-08-27
814,2011-08-28
817,2011-08-29
817,2011-08-30
817,2011-08-31
815,2011-09-01
815,2011-09-02
819,2011-09-03
825,2011-09-04
821,2011-09-05
817,2011-09-06
821,2011-09-07
829,2011-09-08
820,2011-09-09
822,2011-09-10
811,2011-09-11
811,2011-09-12
814,2011-09-13
806,2011-09-14
805,2011-09-15
807,2011-09-16
807,2011-09-17
802,2011-09-18
802,2011-09-19
799,2011-09-20
802,2011-09-21
798,2011-09-22
802,2011-09-23
799,2011-09-24
799,2011-09-25
802,2011-09-26
801,2011-09-27
802,2011-09-28
801,2011-09-29
800,2011-09-30
802,2011-10-01
800,2011-10-02
802,2011-10-03
803,2011-10-04
801,2011-10-05
797,2011-10-06
799,2011-10-07
803,2011-10-08
802,2011-10-09
805,2011-10-10
809,2011-10-11
804,2011-10-12
803,2011-10-13
804,2011-10-14
801,2011-10-15
800,2011-10-16
798,2011-10-17
800,2011-10-18
797,2011-10-19
802,2011-10-20
805,2011-10-21
803,2011-10-22
801,2011-10-23
805,2011-10-24
804,2011-10-25
813,2011-10-26
814,2011-10-27
820,2011-10-28
813,2011-10-29
814,2011-10-30
819,2011-10-31
817,2011-11-01
818,2011-11-02
821,2011-11-03
825,2011-11-04
825,2011-11-05
829,2011-11-06
826,2011-11-07
826,2011-11-08
829,2011-11-09
831,2011-11-10
832,2011-11-11
827,2011-11-12
824,2011-11-13
824,2011-11-14
830,2011-11-15
832,2011-11-16
837,2011-11-17
832,2011-11-18
844,2011-11-19
847,2011-11-20
849,2011-11-21
843,2011-11-22
848,2011-11-23
849,2011-11-24
846,2011-11-25
854,2011-11-26
858,2011-11-27
844,2011-11-28
845,2011-11-29
846,2011-11-30
848,2011-12-01
854,2011-12-02
856,2011-12-03
858,2011-12-04
857,2011-12-05
866,2011-12-06
863,2011-12-07
893,2011-12-08
951,2011-12-09
942,2011-12-10
904,2011-12-11
874,2011-12-12
873,2011-12-13
871,2011-12-14
874,2011-12-15
876,2011-12-16
876,2011-12-17
880,2011-12-18
890,2011-12-19
887,2011-12-20
890,2011-12-21
897,2011-12-22
900,2011-12-23
900,2011-12-24
903,2011-12-25
908,2011-12-26
910,2011-12-27
907,2011-12-28
905,2011-12-29
907,2011-12-30
910,2011-12-31
906,2012-01-01
905,2012-01-02
903,2012-01-03
903,2012-01-04
903,2012-01-05
907,2012-01-06
909,2012-01-07
910,2012-01-08
916,2012-01-09
918,2012-01-10
914,2012-01-11
918,2012-01-12
929,2012-01-13
931,2012-01-14
928,2012-01-15
932,2012-01-16
921,2012-01-17
917,2012-01-18
919,2012-01-19
917,2012-01-20
914,2012-01-21
912,2012-01-22
919,2012-01-23
920,2012-01-24
917,2012-01-25
921,2012-01-26
920,2012-01-27
919,2012-01-28
918,2012-01-29
921,2012-01-30
919,2012-01-31
928,2012-02-01
928,2012-02-02
929,2012-02-03
933,2012-02-04
938,2012-02-05
935,2012-02-06
935,2012-02-07
938,2012-02-08
936,2012-02-09
933,2012-02-10
942,2012-02-11
942,2012-02-12
939,2012-02-13
943,2012-02-14
971,2012-02-15
950,2012-02-16
958,2012-02-17
961,2012-02-18
961,2012-02-19
962,2012-02-20
968,2012-02-21
969,2012-02-22
970,2012-02-23
978,2012-02-24
979,2012-02-25
980,2012-02-26
979,2012-02-27
981,2012-02-28
983,2012-02-29
977,2012-03-01
992,2012-03-02
1005,2012-03-03
1004,2012-03-04
1005,2012-03-05
1015,2012-03-06
1011,2012-03-07
1014,2012-03-08
1013,2012-03-09
1013,2012-03-10
1013,2012-03-11
1013,2012-03-12
1008,2012-03-13
1004,2012-03-14
1003,2012-03-15
1004,2012-03-16
1006,2012-03-17
1009,2012-03-18
1010,2012-03-19
1009,2012-03-20
1015,2012-03-21
1015,2012-03-22
1012,2012-03-23
1016,2012-03-24
1015,2012-03-25
1014,2012-03-26
1017,2012-03-27
1011,2012-03-28
1010,2012-03-29
1012,2012-03-30
1017,2012-03-31
1014,2012-04-01
1009,2012-04-02
1011,2012-04-03
1007,2012-04-04
1013,2012-04-05
1012,2012-04-06
1016,2012-04-07
1018,2012-04-08
1037,2012-04-09
1014,2012-04-10
1013,2012-04-11
1016,2012-04-12
1025,2012-04-13
1016,2012-04-14
1018,2012-04-15
1019,2012-04-16
1013,2012-04-17
1014,2012-04-18
1019,2012-04-19
1011,2012-04-20
1017,2012-04-21
1019,2012-04-22
1021,2012-04-23
1019,2012-04-24
1025,2012-04-25
1033,2012-04-26
1037,2012-04-27
1040,2012-04-28
1041,2012-04-29
1041,2012-04-30
1038,2012-05-01
1047,2012-05-02
1052,2012-05-03
1049,2012-05-04
1049,2012-05-05
1049,2012-05-06
1047,2012-05-07
1055,2012-05-08
1048,2012-05-09
1046,2012-05-10
1045,2012-05-11
1042,2012-05-12
1044,2012-05-13
1045,2012-05-14
1044,2012-05-15
1041,2012-05-16
1039,2012-05-17
1045,2012-05-18
1038,2012-05-19
1045,2012-05-20
1051,2012-05-21
1038,2012-05-22
1040,2012-05-23
1036,2012-05-24
1037,2012-05-25
1036,2012-05-26
1035,2012-05-27
1039,2012-05-28
1033,2012-05-29
1041,2012-05-30
1049,2012-05-31
1046,2012-06-01
1054,2012-06-02
1056,2012-06-03
1059,2012-06-04
1060,2012-06-05
1057,2012-06-06
1067,2012-06-07
1061,2012-06-08
1066,2012-06-09
1072,2012-06-10
1081,2012-06-11
1080,2012-06-12
1074,2012-06-13
1080,2012-06-14
1077,2012-06-15
1074,2012-06-16
1077,2012-06-17
1083,2012-06-18
1087,2012-06-19
1088,2012-06-20
1092,2012-06-21
1103,2012-06-22
1101,2012-06-23
1090,2012-06-24
1089,2012-06-25
1097,2012-06-26
1098,2012-06-27
1095,2012-06-28
1099,2012-06-29
1098,2012-06-30
1099,2012-07-01
1115,2012-07-02
1123,2012-07-03
1122,2012-07-04
1121,2012-07-05
1121,2012-07-06
1123,2012-07-07
1129,2012-07-08
1135,2012-07-09
1129,2012-07-10
1133,2012-07-11
1138,2012-07-12
1149,2012-07-13
1151,2012-07-14
1148,2012-07-15
1156,2012-07-16
1161,2012-07-17
1151,2012-07-18
1150,2012-07-19
1152,2012-07-20
1153,2012-07-21
1152,2012-07-22
1161,2012-07-23
1163,2012-07-24
1167,2012-07-25
1167,2012-07-26
1180,2012-07-27
1188,2012-07-28
1190,2012-07-29
1194,2012-07-30
1188,2012-07-31
1190,2012-08-01
1198,2012-08-02
1189,2012-08-03
1194,2012-08-04
1191,2012-08-05
1199,2012-08-06
1199,2012-08-07
1217,2012-08-08
1220,2012-08-09
1221,2012-08-10
1222,2012-08-11
1219,2012-08-12
1220,2012-08-13
1225,2012-08-14
1228,2012-08-15
1227,2012-08-16
1237,2012-08-17
1247,2012-08-18
1242,2012-08-19
1225,2012-08-20
1223,2012-08-21
1224,2012-08-22
1219,2012-08-23
1221,2012-08-24
1230,2012-08-25
1218,2012-08-26
1223,2012-08-27
1224,2012-08-28
1227,2012-08-29
1229,2012-08-30
1235,2012-08-31
1236,2012-09-01
1240,2012-09-02
1238,2012-09-03
1237,2012-09-04
1240,2012-09-05
1238,2012-09-06
1240,2012-09-07
1253,2012-09-08
1239,2012-09-09
1249,2012-09-10
1245,2012-09-11
1250,2012-09-12
1255,2012-09-13
1258,2012-09-14
1260,2012-09-15
1268,2012-09-16
1265,2012-09-17
1254,2012-09-18
1261,2012-09-19
1266,2012-09-20
1264,2012-09-21
1267,2012-09-22
1268,2012-09-23
1271,2012-09-24
1277,2012-09-25
1283,2012-09-26
1293,2012-09-27
1294,2012-09-28
1293,2012-09-29
1301,2012-09-30
1298,2012-10-01
1301,2012-10-02
1302,2012-10-03
1294,2012-10-04
1299,2012-10-05
1303,2012-10-06
1303,2012-10-07
1300,2012-10-08
1301,2012-10-09
1300,2012-10-10
1300,2012-10-11
1301,2012-10-12
1305,2012-10-13
1310,2012-10-14
1308,2012-10-15
1307,2012-10-16
1315,2012-10-17
1315,2012-10-18
1313,2012-10-19
1306,2012-10-20
1308,2012-10-21
1306,2012-10-22
1311,2012-10-23
1313,2012-10-24
1309,2012-10-25
1313,2012-10-26
1313,2012-10-27
1311,2012-10-28
1310,2012-10-29
1314,2012-10-30
1309,2012-10-31
1320,2012-11-01
1317,2012-11-02
1318,2012-11-03
1324,2012-11-04
1319,2012-11-05
1323,2012-11-06
1326,2012-11-07
1325,2012-11-08
1332,2012-11-09
1331,2012-11-10
1339,2012-11-11
1342,2012-11-12
1341,2012-11-13
1346,2012-11-14
1346,2012-11-15
1346,2012-11-16
1344,2012-11-17
1338,2012-11-18
1339,2012-11-19
1350,2012-11-20
1352,2012-11-21
1345,2012-11-22
1349,2012-11-23
1353,2012-11-24
1364,2012-11-25
1359,2012-11-26
1361,2012-11-27
1359,2012-11-28
1356,2012-11-29
1358,2012-11-30
1361,2012-12-01
1360,2012-12-02
1361,2012-12-03
1379,2012-12-04
1384,2012-12-05
1383,2012-12-06
1389,2012-12-07
1386,2012-12-08
1389,2012-12-09
1383,2012-12-10
1384,2012-12-11
1397,2012-12-12
1402,2012-12-13
1408,2012-12-14
1405,2012-12-15
1414,2012-12-16
1415,2012-12-17
1428,2012-12-18
1426,2012-12-19
1428,2012-12-20
1438,2012-12-21
1439,2012-12-22
1442,2012-12-23
1444,2012-12-24
1444,2012-12-25
1447,2012-12-26
1442,2012-12-27
1447,2012-12-28
1453,2012-12-29
1454,2012-12-30
1458,2012-12-31
1459,2013-01-01
1457,2013-01-02
1454,2013-01-03
1449,2013-01-04
1453,2013-01-05
1450,2013-01-06
1448,2013-01-07
1458,2013-01-08
1450,2013-01-09
1450,2013-01-10
1447,2013-01-11
1459,2013-01-12
1458,2013-01-13
1460,2013-01-14
1473,2013-01-15
1471,2013-01-16
1477,2013-01-17
1476,2013-01-18
1478,2013-01-19
1486,2013-01-20
1480,2013-01-21
1478,2013-01-22
1484,2013-01-23
1493,2013-01-24
1484,2013-01-25
1489,2013-01-26
1491,2013-01-27
1494,2013-01-28
1484,2013-01-29
1487,2013-01-30
1500,2013-01-31
1517,2013-02-01
1509,2013-02-02
1515,2013-02-03
1523,2013-02-04
1527,2013-02-05
1538,2013-02-06
1527,2013-02-07
1534,2013-02-08
1528,2013-02-09
1523,2013-02-10
1522,2013-02-11
1519,2013-02-12
1515,2013-02-13
1518,2013-02-14
1516,2013-02-15
1519,2013-02-16
1518,2013-02-17
1511,2013-02-18
1506,2013-02-19
1515,2013-02-20
1528,2013-02-21
1523,2013-02-22
1528,2013-02-23
1527,2013-02-24
1534,2013-02-25
1530,2013-02-26
1527,2013-02-27
1528,2013-02-28
1527,2013-03-01
1533,2013-03-02
1533,2013-03-03
1523,2013-03-04
1523,2013-03-05
1519,2013-03-06
1507,2013-03-07
1506,2013-03-08
1505,2013-03-09
1515,2013-03-10
1516,2013-03-11
1504,2013-03-12
1506,2013-03-13
1502,2013-03-14
1505,2013-03-15
1512,2013-03-16
1515,2013-03-17
1510,2013-03-18
1509,2013-03-19
1512,2013-03-20
1504,2013-03-21
1499,2013-03-22
1497,2013-03-23
1499,2013-03-24
1505,2013-03-25
1498,2013-03-26
1500,2013-03-27
1499,2013-03-28
1499,2013-03-29
1495,2013-03-30
1495,2013-03-31
1501,2013-04-01
1506,2013-04-02
1513,2013-04-03
1511,2013-04-04
1511,2013-04-05
1515,2013-04-06
1510,2013-04-07
1506,2013-04-08
1505,2013-04-09
1510,2013-04-10
1508,2013-04-11
1498,2013-04-12
1501,2013-04-13
1501,2013-04-14
1485,2013-04-15
1462,2013-04-16
1475,2013-04-17
1478,2013-04-18
1479,2013-04-19
1472,2013-04-20
1478,2013-04-21
1482,2013-04-22
1477,2013-04-23
1468,2013-04-24
1474,2013-04-25
1473,2013-04-26
1478,2013-04-27
1490,2013-04-28
1501,2013-04-29
1519,2013-04-30
1511,2013-05-01
1508,2013-05-02
1524,2013-05-03
1523,2013-05-04
1521,2013-05-05
1522,2013-05-06
1520,2013-05-07
1525,2013-05-08
1525,2013-05-09
1524,2013-05-10
1524,2013-05-11
1526,2013-05-12
1530,2013-05-13
1528,2013-05-14
1538,2013-05-15
1536,2013-05-16
1540,2013-05-17
1538,2013-05-18
1539,2013-05-19
1535,2013-05-20
1536,2013-05-21
1543,2013-05-22
1542,2013-05-23
1557,2013-05-24
1562,2013-05-25
1564,2013-05-26
1561,2013-05-27
1564,2013-05-28
1564,2013-05-29
1569,2013-05-30
1573,2013-05-31
1574,2013-06-01
1574,2013-06-02
1567,2013-06-03
1563,2013-06-04
1564,2013-06-05
1574,2013-06-06
1563,2013-06-07
1561,2013-06-08
1556,2013-06-09
1559,2013-06-10
1555,2013-06-11
1549,2013-06-12
1552,2013-06-13
1552,2013-06-14
1553,2013-06-15
1551,2013-06-16
1551,2013-06-17
1550,2013-06-18
1549,2013-06-19
1556,2013-06-20
1553,2013-06-21
1560,2013-06-22
1553,2013-06-23
1557,2013-06-24
1554,2013-06-25
1561,2013-06-26
1562,2013-06-27
1552,2013-06-28
1541,2013-06-29
1541,2013-06-30
1529,2013-07-01
1522,2013-07-02
1521,2013-07-03
1510,2013-07-04
1508,2013-07-05
1511,2013-07-06
1511,2013-07-07
1507,2013-07-08
1508,2013-07-09
1505,2013-07-10
1511,2013-07-11
1512,2013-07-12
1514,2013-07-13
1520,2013-07-14
1526,2013-07-15
1534,2013-07-16
1535,2013-07-17
1531,2013-07-18
1533,2013-07-19
1540,2013-07-20
1540,2013-07-21
1540,2013-07-22
1545,2013-07-23
1546,2013-07-24
1544,2013-07-25
1554,2013-07-26
1557,2013-07-27
1556,2013-07-28
1557,2013-07-29
1587,2013-07-30
1581,2013-07-31
1580,2013-08-01
1583,2013-08-02
1593,2013-08-03
1594,2013-08-04
1592,2013-08-05
1589,2013-08-06
1588,2013-08-07
1596,2013-08-08
1595,2013-08-09
1597,2013-08-10
1601,2013-08-11
1595,2013-08-12
1601,2013-08-13
1598,2013-08-14
1612,2013-08-15
1615,2013-08-16
1615,2013-08-17
1619,2013-08-18
1615,2013-08-19
1625,2013-08-20
1620,2013-08-21
1622,2013-08-22
1630,2013-08-23
1633,2013-08-24
1633,2013-08-25
1628,2013-08-26
1624,2013-08-27
1626,2013-08-28
1629,2013-08-29
1631,2013-08-30
1630,2013-08-31
1640,2013-09-01
1637,2013-09-02
1632,2013-09-03
1626,2013-09-04
1632,2013-09-05
1635,2013-09-06
1635,2013-09-07
1631,2013-09-08
1632,2013-09-09
1631,2013-09-10
1642,2013-09-11
1635,2013-09-12
1637,2013-09-13
1631,2013-09-14
1633,2013-09-15
1636,2013-09-16
1638,2013-09-17
1637,2013-09-18
1628,2013-09-19
1628,2013-09-20
1631,2013-09-21
1638,2013-09-22
1639,2013-09-23
1640,2013-09-24
1637,2013-09-25
1635,2013-09-26
1640,2013-09-27
1640,2013-09-28
1638,2013-09-29
1642,2013-09-30
1635,2013-10-01
1622,2013-10-02
1615,2013-10-03
1615,2013-10-04
1612,2013-10-05
1612,2013-10-06
1610,2013-10-07
1615,2013-10-08
1611,2013-10-09
1610,2013-10-10
1611,2013-10-11
1608,2013-10-12
1610,2013-10-13
1614,2013-10-14
1616,2013-10-15
1623,2013-10-16
1624,2013-10-17
1623,2013-10-18
1623,2013-10-19
1624,2013-10-20
1625,2013-10-21
1635,2013-10-22
1628,2013-10-23
1636,2013-10-24
1539,2013-10-25
1548,2013-10-26
1546,2013-10-27
1548,2013-10-28
1551,2013-10-29
1547,2013-10-30
1544,2013-10-31
1544,2013-11-01
1547,2013-11-02
1549,2013-11-03
1540,2013-11-04
1538,2013-11-05
1540,2013-11-06
1526,2013-11-07
1535,2013-11-08
1540,2013-11-09
1534,2013-11-10
1529,2013-11-11
1524,2013-11-12
1522,2013-11-13
1519,2013-11-14
1532,2013-11-15
1526,2013-11-16
1513,2013-11-17
1503,2013-11-18
1501,2013-11-19
1508,2013-11-20
1496,2013-11-21
1493,2013-11-22
1490,2013-11-23
1493,2013-11-24
1493,2013-11-25
1496,2013-11-26
1494,2013-11-27
1484,2013-11-28
1478,2013-11-29
1480,2013-11-30
1475,2013-12-01
1477,2013-12-02
1483,2013-12-03
1476,2013-12-04
1481,2013-12-05
1488,2013-12-06
1502,2013-12-07
1508,2013-12-08
1506,2013-12-09
1509,2013-12-10
1516,2013-12-11
1515,2013-12-12
1513,2013-12-13
1512,2013-12-14
1515,2013-12-15
1522,2013-12-16
1514,2013-12-17
1504,2013-12-18
1500,2013-12-19
1490,2013-12-20
1457,2013-12-21
1454,2013-12-22
1461,2013-12-23
1456,2013-12-24
1470,2013-12-25
1461,2013-12-26
1464,2013-12-27
1464,2013-12-28
1464,2013-12-29
1468,2013-12-30
1464,2013-12-31
1463,2014-01-01
1465,2014-01-02
1464,2014-01-03
1463,2014-01-04
1460,2014-01-05
1458,2014-01-06
1455,2014-01-07
1452,2014-01-08
1451,2014-01-09
1449,2014-01-10
1451,2014-01-11
1443,2014-01-12
1447,2014-01-13
1444,2014-01-14
1450,2014-01-15
1449,2014-01-16
1451,2014-01-17
1450,2014-01-18
1449,2014-01-19
1449,2014-01-20
1453,2014-01-21
1453,2014-01-22
1453,2014-01-23
1452,2014-01-24
1456,2014-01-25
1453,2014-01-26
1448,2014-01-27
1446,2014-01-28
1450,2014-01-29
1448,2014-01-30
1449,2014-01-31
1446,2014-02-01
1442,2014-02-02
1445,2014-02-03
1444,2014-02-04
1450,2014-02-05
1438,2014-02-06
1431,2014-02-07
1433,2014-02-08
1435,2014-02-09
1436,2014-02-10
1447,2014-02-11
1444,2014-02-12
1440,2014-02-13
1435,2014-02-14
1436,2014-02-15
1427,2014-02-16
1431,2014-02-17
1433,2014-02-18
1435,2014-02-19
1433,2014-02-20
1433,2014-02-21
1434,2014-02-22
1434,2014-02-23
1427,2014-02-24
1416,2014-02-25
1414,2014-02-26
1416,2014-02-27
1413,2014-02-28
1416,2014-03-01
1417,2014-03-02
1414,2014-03-03
1412,2014-03-04
1417,2014-03-05
1421,2014-03-06
1474,2014-03-07
1417,2014-03-08
1426,2014-03-09
1437,2014-03-10
1437,2014-03-11
1437,2014-03-12
1438,2014-03-13
1464,2014-03-14
1460,2014-03-15
1499,2014-03-16
1507,2014-03-17
1507,2014-03-18
1504,2014-03-19
1504,2014-03-20
1498,2014-03-21
1494,2014-03-22
1500,2014-03-23
1497,2014-03-24
1496,2014-03-25
1494,2014-03-26
1497,2014-03-27
1490,2014-03-28
1490,2014-03-29
1485,2014-03-30
1482,2014-03-31
1477,2014-04-01
1474,2014-04-02
1481,2014-04-03
1486,2014-04-04
1490,2014-04-05
1485,2014-04-06
1481,2014-04-07
1485,2014-04-08
1488,2014-04-09
1485,2014-04-10
1490,2014-04-11
1490,2014-04-12
1490,2014-04-13
1487,2014-04-14
1489,2014-04-15
1495,2014-04-16
1490,2014-04-17
1486,2014-04-18
1486,2014-04-19
1487,2014-04-20
1488,2014-04-21
1489,2014-04-22
1486,2014-04-23
1480,2014-04-24
1480,2014-04-25
1478,2014-04-26
1478,2014-04-27
1482,2014-04-28
1480,2014-04-29
1479,2014-04-30
1476,2014-05-01
1487,2014-05-02
1485,2014-05-03
1488,2014-05-04
1485,2014-05-05
1485,2014-05-06
1486,2014-05-07
1491,2014-05-08
1489,2014-05-09
1487,2014-05-10
1489,2014-05-11
1492,2014-05-12
1491,2014-05-13
1494,2014-05-14
1489,2014-05-15
1487,2014-05-16
1487,2014-05-17
1486,2014-05-18
1482,2014-05-19
1483,2014-05-20
1486,2014-05-21
1484,2014-05-22
1489,2014-05-23
1489,2014-05-24
1485,2014-05-25
1488,2014-05-26
1488,2014-05-27
1488,2014-05-28
1486,2014-05-29
1492,2014-05-30
1491,2014-05-31
1493,2014-06-01
1496,2014-06-02
1492,2014-06-03
1494,2014-06-04
1494,2014-06-05
1494,2014-06-06
1490,2014-06-07
1495,2014-06-08
1492,2014-06-09
1485,2014-06-10
1482,2014-06-11
1479,2014-06-12
1480,2014-06-13
1482,2014-06-14
1482,2014-06-15
1481,2014-06-16
1482,2014-06-17
1478,2014-06-18
1475,2014-06-19
1482,2014-06-20
1483,2014-06-21
1481,2014-06-22
1480,2014-06-23
1485,2014-06-24
1489,2014-06-25
1489,2014-06-26
1488,2014-06-27
1491,2014-06-28
1491,2014-06-29
1487,2014-06-30
1482,2014-07-01
1482,2014-07-02
1484,2014-07-03
1483,2014-07-04
1484,2014-07-05
1488,2014-07-06
1484,2014-07-07
1481,2014-07-08
1485,2014-07-09
1484,2014-07-10
1482,2014-07-11
1480,2014-07-12
1483,2014-07-13
1482,2014-07-14
1482,2014-07-15
1489,2014-07-16
1492,2014-07-17
1486,2014-07-18
1486,2014-07-19
1486,2014-07-20
1488,2014-07-21
1486,2014-07-22
1492,2014-07-23
1492,2014-07-24
1492,2014-07-25
1490,2014-07-26
1492,2014-07-27
1489,2014-07-28
1498,2014-07-29
1496,2014-07-30
1499,2014-07-31
1501,2014-08-01
1499,2014-08-02
1503,2014-08-03
1502,2014-08-04
1490,2014-08-05
1488,2014-08-06
1491,2014-08-07
1491,2014-08-08
1490,2014-08-09
1494,2014-08-10
1497,2014-08-11
1495,2014-08-12
1490,2014-08-13
1499,2014-08-14
1503,2014-08-15
1499,2014-08-16
1503,2014-08-17
1495,2014-08-18
1494,2014-08-19
1496,2014-08-20
1496,2014-08-21
1500,2014-08-22
1501,2014-08-23
1499,2014-08-24
1492,2014-08-25
1492,2014-08-26
1491,2014-08-27
1490,2014-08-28
1501,2014-08-29
1488,2014-08-30
1486,2014-08-31
1487,2014-09-01
1488,2014-09-02
1487,2014-09-03
1483,2014-09-04
1483,2014-09-05
1481,2014-09-06
1480,2014-09-07
1482,2014-09-08
1483,2014-09-09
1480,2014-09-10
1482,2014-09-11
1482,2014-09-12
1483,2014-09-13
1484,2014-09-14
1478,2014-09-15
1475,2014-09-16
1478,2014-09-17
1479,2014-09-18
1478,2014-09-19
1478,2014-09-20
1476,2014-09-21
1481,2014-09-22
1480,2014-09-23
1482,2014-09-24
1481,2014-09-25
1486,2014-09-26
1484,2014-09-27
1483,2014-09-28
1489,2014-09-29
1487,2014-09-30
1489,2014-10-01
1490,2014-10-02
1493,2014-10-03
1485,2014-10-04
1480,2014-10-05
1475,2014-10-06
1474,2014-10-07
1480,2014-10-08
1478,2014-10-09
1481,2014-10-10
1473,2014-10-11
1472,2014-10-12
1472,2014-10-13
1475,2014-10-14
1477,2014-10-15
1478,2014-10-16
1478,2014-10-17
1485,2014-10-18
1487,2014-10-19
1490,2014-10-20
1490,2014-10-21
1479,2014-10-22
1482,2014-10-23
1490,2014-10-24
1494,2014-10-25
1495,2014-10-26
1488,2014-10-27
1489,2014-10-28
1489,2014-10-29
1489,2014-10-30
1491,2014-10-31
1493,2014-11-01
1492,2014-11-02
1500,2014-11-03
1496,2014-11-04
1500,2014-11-05
1500,2014-11-06
1504,2014-11-07
1504,2014-11-08
1500,2014-11-09
1500,2014-11-10
1504,2014-11-11
1504,2014-11-12
1497,2014-11-13
1497,2014-11-14
1497,2014-11-15
1497,2014-11-16
1512,2014-11-17
1508,2014-11-18
1505,2014-11-19
1504,2014-11-20
1506,2014-11-21
1508,2014-11-22
1509,2014-11-23
1511,2014-11-24
1508,2014-11-25
1509,2014-11-26
1512,2014-11-27
1511,2014-11-28
1506,2014-11-29
1504,2014-11-30
1502,2014-12-01
1502,2014-12-02
1514,2014-12-03
1506,2014-12-04
1505,2014-12-05
1506,2014-12-06
1503,2014-12-07
1504,2014-12-08
1511,2014-12-09
1510,2014-12-10
1514,2014-12-11
1517,2014-12-12
1520,2014-12-13
1520,2014-12-14
1520,2014-12-15
1519,2014-12-16
1522,2014-12-17
1521,2014-12-18
1524,2014-12-19
1526,2014-12-20
1525,2014-12-21
1522,2014-12-22
1527,2014-12-23
1523,2014-12-24
1522,2014-12-25
1528,2014-12-26
1526,2014-12-27
1529,2014-12-28
1530,2014-12-29
1526,2014-12-30
1529,2014-12-31
1533,2015-01-01
1536,2015-01-02
1539,2015-01-03
1540,2015-01-04
1539,2015-01-05
1540,2015-01-06
1543,2015-01-07
1546,2015-01-08
1562,2015-01-09
1558,2015-01-10
1558,2015-01-11
1554,2015-01-12
1551,2015-01-13
1552,2015-01-14
1544,2015-01-15
1547,2015-01-16
1542,2015-01-17
1549,2015-01-18
1538,2015-01-19
1544,2015-01-20
1566,2015-01-21
1549,2015-01-22
1544,2015-01-23
1545,2015-01-24
1546,2015-01-25
1543,2015-01-26
1554,2015-01-27
1556,2015-01-28
1553,2015-01-29
1549,2015-01-30
1557,2015-01-31
1558,2015-02-01
1559,2015-02-02
1564,2015-02-03
1565,2015-02-04
1563,2015-02-05
1565,2015-02-06
1559,2015-02-07
1563,2015-02-08
1567,2015-02-09
1565,2015-02-10
1563,2015-02-11
1564,2015-02-12
1559,2015-02-13
1558,2015-02-14
1556,2015-02-15
1559,2015-02-16
1559,2015-02-17
1554,2015-02-18
1557,2015-02-19
1553,2015-02-20
1555,2015-02-21
1555,2015-02-22
1555,2015-02-23
1552,2015-02-24
1560,2015-02-25
1560,2015-02-26
1557,2015-02-27
1556,2015-02-28
1556,2015-03-01
1561,2015-03-02
1573,2015-03-03
1572,2015-03-04
1574,2015-03-05
1568,2015-03-06
1578,2015-03-07
1592,2015-03-08
1589,2015-03-09
1583,2015-03-10
1582,2015-03-11
1582,2015-03-12
1578,2015-03-13
1580,2015-03-14
1585,2015-03-15
1583,2015-03-16
1583,2015-03-17
1582,2015-03-18
1573,2015-03-19
1571,2015-03-20
1575,2015-03-21
1574,2015-03-22
1574,2015-03-23
1579,2015-03-24
1576,2015-03-25
1571,2015-03-26
1570,2015-03-27
1571,2015-03-28
1572,2015-03-29
1571,2015-03-30
1577,2015-03-31
1576,2015-04-01
1588,2015-04-02
1586,2015-04-03
1589,2015-04-04
1586,2015-04-05
1583,2015-04-06
1581,2015-04-07
1579,2015-04-08
1581,2015-04-09
1586,2015-04-10
1583,2015-04-11
1592,2015-04-12
1592,2015-04-13
1587,2015-04-14
1592,2015-04-15
1587,2015-04-16
1589,2015-04-17
1593,2015-04-18
1597,2015-04-19
1600,2015-04-20
1601,2015-04-21
1597,2015-04-22
1598,2015-04-23
1598,2015-04-24
1598,2015-04-25
1599,2015-04-26
1598,2015-04-27
1596,2015-04-28
1600,2015-04-29
1593,2015-04-30
1592,2015-05-01
1593,2015-05-02
1594,2015-05-03
1599,2015-05-04
1601,2015-05-05
1604,2015-05-06
1606,2015-05-07
1604,2015-05-08
1605,2015-05-09
1602,2015-05-10
1598,2015-05-11
1601,2015-05-12
1597,2015-05-13
1599,2015-05-14
1601,2015-05-15
1604,2015-05-16
1600,2015-05-17
1600,2015-05-18
1600,2015-05-19
1598,2015-05-20
1600,2015-05-21
1601,2015-05-22
1601,2015-05-23
1602,2015-05-24
1599,2015-05-25
1597,2015-05-26
1598,2015-05-27
1604,2015-05-28
1607,2015-05-29
1610,2015-05-30
1607,2015-05-31
1608,2015-06-01
1612,2015-06-02
1612,2015-06-03
1608,2015-06-04
1610,2015-06-05
1608,2015-06-06
1607,2015-06-07
1609,2015-06-08
1609,2015-06-09
1607,2015-06-10
1609,2015-06-11
1607,2015-06-12
1603,2015-06-13
1601,2015-06-14
1595,2015-06-15
1595,2015-06-16
1602,2015-06-17
1599,2015-06-18
1600,2015-06-19
1601,2015-06-20
1601,2015-06-21
1605,2015-06-22
1607,2015-06-23
1610,2015-06-24
1607,2015-06-25
1611,2015-06-26
1616,2015-06-27
1614,2015-06-28
1617,2015-06-29
1613,2015-06-30
1615,2015-07-01
1611,2015-07-02
1613,2015-07-03
1613,2015-07-04
1614,2015-07-05
1602,2015-07-06
1604,2015-07-07
1606,2015-07-08
1609,2015-07-09
1605,2015-07-10
1611,2015-07-11
1623,2015-07-12
1618,2015-07-13
1623,2015-07-14
1622,2015-07-15
1624,2015-07-16
1623,2015-07-17
1625,2015-07-18
1626,2015-07-19
1628,2015-07-20
1626,2015-07-21
1627,2015-07-22
1629,2015-07-23
1628,2015-07-24
1631,2015-07-25
1628,2015-07-26
1624,2015-07-27
1624,2015-07-28
1628,2015-07-29
1629,2015-07-30
1623,2015-07-31
1623,2015-08-01
1623,2015-08-02
1626,2015-08-03
1628,2015-08-04
1623,2015-08-05
1627,2015-08-06
1626,2015-08-07
1627,2015-08-08
1585,2015-08-09
1584,2015-08-10
1590,2015-08-11
1586,2015-08-12
1587,2015-08-13
1584,2015-08-14
1590,2015-08-15
1594,2015-08-16
1588,2015-08-17
1581,2015-08-18
1583,2015-08-19
1589,2015-08-20
1580,2015-08-21
1578,2015-08-22
1580,2015-08-23
1586,2015-08-24
1590,2015-08-25
1588,2015-08-26
1590,2015-08-27
1593,2015-08-28
1593,2015-08-29
1596,2015-08-30
1601,2015-08-31
1605,2015-09-01
1602,2015-09-02
1604,2015-09-03
1610,2015-09-04
1605,2015-09-05
1607,2015-09-06
1608,2015-09-07
1617,2015-09-08
1614,2015-09-09
1618,2015-09-10
1618,2015-09-11
1617,2015-09-12
1619,2015-09-13
1616,2015-09-14
1613,2015-09-15
1615,2015-09-16
1614,2015-09-17
1617,2015-09-18
1624,2015-09-19
1621,2015-09-20
1624,2015-09-21
1622,2015-09-22
1618,2015-09-23
1620,2015-09-24
1620,2015-09-25
1617,2015-09-26
1616,2015-09-27
1615,2015-09-28
1615,2015-09-29
1611,2015-09-30
1616,2015-10-01
1619,2015-10-02
1625,2015-10-03
1624,2015-10-04
1626,2015-10-05
1623,2015-10-06
1620,2015-10-07
1618,2015-10-08
1620,2015-10-09
1623,2015-10-10
1626,2015-10-11
1620,2015-10-12
1619,2015-10-13
1620,2015-10-14
1625,2015-10-15
1626,2015-10-16
1626,2015-10-17
1630,2015-10-18
1634,2015-10-19
1619,2015-10-20
1622,2015-10-21
1623,2015-10-22
1620,2015-10-23
1620,2015-10-24
1616,2015-10-25
1628,2015-10-26
1627,2015-10-27
1628,2015-10-28
1628,2015-10-29
1634,2015-10-30
1638,2015-10-31
1646,2015-11-01
1652,2015-11-02
1648,2015-11-03
1663,2015-11-04
1656,2015-11-05
1652,2015-11-06
1649,2015-11-07
1650,2015-11-08
1644,2015-11-09
1654,2015-11-10
1655,2015-11-11
1657,2015-11-12
1663,2015-11-13
1665,2015-11-14
1659,2015-11-15
1657,2015-11-16
1651,2015-11-17
1663,2015-11-18
1661,2015-11-19
1657,2015-11-20
1655,2015-11-21
1654,2015-11-22
1651,2015-11-23
1653,2015-11-24
1647,2015-11-25
1636,2015-11-26
1648,2015-11-27
1650,2015-11-28
1653,2015-11-29
1649,2015-11-30
1650,2015-12-01
1654,2015-12-02
1653,2015-12-03
1653,2015-12-04
1643,2015-12-05
1646,2015-12-06
1645,2015-12-07
1661,2015-12-08
1658,2015-12-09
1657,2015-12-10
1652,2015-12-11
1650,2015-12-12
1654,2015-12-13
1654,2015-12-14
1654,2015-12-15
1657,2015-12-16
1659,2015-12-17
1657,2015-12-18
1656,2015-12-19
1656,2015-12-20
1654,2015-12-21
1674,2015-12-22
1680,2015-12-23
1677,2015-12-24
1671,2015-12-25
1670,2015-12-26
1675,2015-12-27
1680,2015-12-28
1681,2015-12-29
1678,2015-12-30
1682,2015-12-31
1681,2016-01-01
1682,2016-01-02
1678,2016-01-03
1683,2016-01-04
1689,2016-01-05
1692,2016-01-06
1687,2016-01-07
1688,2016-01-08
1686,2016-01-09
1694,2016-01-10
1694,2016-01-11
1696,2016-01-12
1696,2016-01-13
1698,2016-01-14
1704,2016-01-15
1702,2016-01-16
1701,2016-01-17
1700,2016-01-18
1696,2016-01-19
1689,2016-01-20
1690,2016-01-21
1704,2016-01-22
1695,2016-01-23
1703,2016-01-24
1710,2016-01-25
1700,2016-01-26
1705,2016-01-27
1714,2016-01-28
1720,2016-01-29
1717,2016-01-30
1716,2016-01-31
1709,2016-02-01
1714,2016-02-02
1717,2016-02-03
1711,2016-02-04
1736,2016-02-05
1735,2016-02-06
1734,2016-02-07
1733,2016-02-08
1731,2016-02-09
1733,2016-02-10
1732,2016-02-11
1731,2016-02-12
1728,2016-02-13
1730,2016-02-14
1734,2016-02-15
1736,2016-02-16
1760,2016-02-17
1758,2016-02-18
1763,2016-02-19
1757,2016-02-20
1761,2016-02-21
1766,2016-02-22
1762,2016-02-23
1763,2016-02-24
1761,2016-02-25
1762,2016-02-26
1783,2016-02-27
1783,2016-02-28
1777,2016-02-29
1773,2016-03-01
1774,2016-03-02
1776,2016-03-03
1768,2016-03-04
1795,2016-03-05
1793,2016-03-06
1795,2016-03-07
1800,2016-03-08
1800,2016-03-09
1799,2016-03-10
1821,2016-03-11
1822,2016-03-12
1823,2016-03-13
1821,2016-03-14
1819,2016-03-15
1823,2016-03-16
1826,2016-03-17
1823,2016-03-18
1824,2016-03-19
1825,2016-03-20
1819,2016-03-21
1814,2016-03-22
1805,2016-03-23
1802,2016-03-24
1801,2016-03-25
1807,2016-03-26
1814,2016-03-27
1808,2016-03-28
1837,2016-03-29
1836,2016-03-30
1836,2016-03-31
1838,2016-04-01
1831,2016-04-02
1832,2016-04-03
1830,2016-04-04
1821,2016-04-05
1814,2016-04-06
1823,2016-04-07
1815,2016-04-08
1830,2016-04-09
1824,2016-04-10
1824,2016-04-11
1819,2016-04-12
1823,2016-04-13
1830,2016-04-14
1836,2016-04-15
1851,2016-04-16
1852,2016-04-17
1842,2016-04-18
1853,2016-04-19
1855,2016-04-20
1864,2016-04-21
1855,2016-04-22
1857,2016-04-23
1848,2016-04-24
1861,2016-04-25
1860,2016-04-26
1854,2016-04-27
1858,2016-04-28
1866,2016-04-29
1866,2016-04-30
1866,2016-05-01
1869,2016-05-02
1871,2016-05-03
1856,2016-05-04
1851,2016-05-05
1877,2016-05-06
1871,2016-05-07
1878,2016-05-08
1878,2016-05-09
1871,2016-05-10
1871,2016-05-11
1872,2016-05-12
1872,2016-05-13
1871,2016-05-14
1864,2016-05-15
1874,2016-05-16
1879,2016-05-17
1887,2016-05-18
1889,2016-05-19
1896,2016-05-20
1891,2016-05-21
1896,2016-05-22
1895,2016-05-23
1887,2016-05-24
1886,2016-05-25
1884,2016-05-26
1874,2016-05-27
1868,2016-05-28
1850,2016-05-29
1849,2016-05-30
1854,2016-05-31
1849,2016-06-01
1854,2016-06-02
1855,2016-06-03
1853,2016-06-04
1851,2016-06-05
1856,2016-06-06
1852,2016-06-07
1857,2016-06-08
1852,2016-06-09
1867,2016-06-10
1861,2016-06-11
1856,2016-06-12
1857,2016-06-13
1859,2016-06-14
1877,2016-06-15
1890,2016-06-16
1899,2016-06-17
1900,2016-06-18
1899,2016-06-19
1894,2016-06-20
1884,2016-06-21
1892,2016-06-22
1898,2016-06-23
1891,2016-06-24
1903,2016-06-25
1905,2016-06-26
1899,2016-06-27
1900,2016-06-28
1910,2016-06-29
1903,2016-06-30
1903,2016-07-01
1905,2016-07-02
1897,2016-07-03
1898,2016-07-04
1881,2016-07-05
1886,2016-07-06
1888,2016-07-07
1884,2016-07-08
1888,2016-07-09
1884,2016-07-10
1890,2016-07-11
1882,2016-07-12
1887,2016-07-13
1881,2016-07-14
1886,2016-07-15
1889,2016-07-16
1892,2016-07-17
1892,2016-07-18
1888,2016-07-19
1891,2016-07-20
1889,2016-07-21
1894,2016-07-22
1894,2016-07-23
1892,2016-07-24
1895,2016-07-25
1896,2016-07-26
1895,2016-07-27
1895,2016-07-28
1892,2016-07-29
1896,2016-07-30
1898,2016-07-31
1901,2016-08-01
1883,2016-08-02
1880,2016-08-03
1878,2016-08-04
1875,2016-08-05
1873,2016-08-06
1863,2016-08-07
1857,2016-08-08
1862,2016-08-09
1868,2016-08-10
1869,2016-08-11
1864,2016-08-12
1866,2016-08-13
1858,2016-08-14
1856,2016-08-15
1863,2016-08-16
1864,2016-08-17
1868,2016-08-18
1872,2016-08-19
1874,2016-08-20
1869,2016-08-21
1873,2016-08-22
1871,2016-08-23
1869,2016-08-24
1870,2016-08-25
1869,2016-08-26
1869,2016-08-27
1870,2016-08-28
1866,2016-08-29
1869,2016-08-30
1871,2016-08-31
1871,2016-09-01
1865,2016-09-02
1865,2016-09-03
1864,2016-09-04
1865,2016-09-05
1860,2016-09-06
1863,2016-09-07
1854,2016-09-08
1861,2016-09-09
1859,2016-09-10
1858,2016-09-11
1856,2016-09-12
1851,2016-09-13
1846,2016-09-14
1842,2016-09-15
1843,2016-09-16
1842,2016-09-17
1837,2016-09-18
1833,2016-09-19
1834,2016-09-20
1833,2016-09-21
1828,2016-09-22
1831,2016-09-23
1835,2016-09-24
1837,2016-09-25
1836,2016-09-26
1837,2016-09-27
1832,2016-09-28
1835,2016-09-29
1835,2016-09-30
1837,2016-10-01
1835,2016-10-02
1839,2016-10-03
1837,2016-10-04
1840,2016-10-05
1840,2016-10-06
1841,2016-10-07
1849,2016-10-08
1848,2016-10-09
1841,2016-10-10
1820,2016-10-11
1823,2016-10-12
1816,2016-10-13
1828,2016-10-14
1821,2016-10-15
1819,2016-10-16
1823,2016-10-17
1830,2016-10-18
1834,2016-10-19
1834,2016-10-20
1843,2016-10-21
1845,2016-10-22
1841,2016-10-23
1836,2016-10-24
1843,2016-10-25
1839,2016-10-26
1833,2016-10-27
1840,2016-10-28
1839,2016-10-29
1841,2016-10-30
1845,2016-10-31
1840,2016-11-01
1835,2016-11-02
1835,2016-11-03
1832,2016-11-04
1834,2016-11-05
1834,2016-11-06
1837,2016-11-07
1829,2016-11-08
1829,2016-11-09
1829,2016-11-10
1830,2016-11-11
1832,2016-11-12
1832,2016-11-13
1826,2016-11-14
1832,2016-11-15
1828,2016-11-16
1824,2016-11-17
1820,2016-11-18
1825,2016-11-19
1824,2016-11-20
1822,2016-11-21
1826,2016-11-22
1827,2016-11-23
1837,2016-11-24
1836,2016-11-25
1832,2016-11-26
1834,2016-11-27
1832,2016-11-28
1830,2016-11-29
1833,2016-11-30
1835,2016-12-01
1834,2016-12-02
1828,2016-12-03
1829,2016-12-04
1828,2016-12-05
1821,2016-12-06
1825,2016-12-07
1822,2016-12-08
1824,2016-12-09
1819,2016-12-10
1823,2016-12-11
1824,2016-12-12
1823,2016-12-13
1815,2016-12-14
1807,2016-12-15
1808,2016-12-16
1805,2016-12-17
1802,2016-12-18
1796,2016-12-19
1799,2016-12-20
1791,2016-12-21
1784,2016-12-22
1771,2016-12-23
1773,2016-12-24
1774,2016-12-25
1767,2016-12-26
1778,2016-12-27
1774,2016-12-28
1770,2016-12-29
1761,2016-12-30
1775,2016-12-31
1771,2017-01-01
1768,2017-01-02
1777,2017-01-03
1773,2017-01-04
1763,2017-01-05
1763,2017-01-06
1760,2017-01-07
1758,2017-01-08
1760,2017-01-09
1763,2017-01-10
1768,2017-01-11
1766,2017-01-12
1767,2017-01-13
1773,2017-01-14
1769,2017-01-15
1764,2017-01-16
1768,2017-01-17
1766,2017-01-18
1770,2017-01-19
1771,2017-01-20
1771,2017-01-21
1774,2017-01-22
1767,2017-01-23
1767,2017-01-24
1770,2017-01-25
1774,2017-01-26
1771,2017-01-27
1769,2017-01-28
1773,2017-01-29
1774,2017-01-30
1785,2017-01-31
1770,2017-02-01
1770,2017-02-02
1772,2017-02-03
1771,2017-02-04
1776,2017-02-05
1770,2017-02-06
1763,2017-02-07
1765,2017-02-08
1768,2017-02-09
1766,2017-02-10
1762,2017-02-11
1764,2017-02-12
1760,2017-02-13
1753,2017-02-14
1754,2017-02-15
1756,2017-02-16
1747,2017-02-17
1748,2017-02-18
1773,2017-02-19
1771,2017-02-20
1779,2017-02-21
1772,2017-02-22
1776,2017-02-23
1771,2017-02-24
1773,2017-02-25
1776,2017-02-26
1780,2017-02-27
1775,2017-02-28
1772,2017-03-01
1769,2017-03-02
1772,2017-03-03
1770,2017-03-04
1774,2017-03-05
1773,2017-03-06
1788,2017-03-07
1786,2017-03-08
1784,2017-03-09
1786,2017-03-10
1789,2017-03-11
1794,2017-03-12
1797,2017-03-13
1795,2017-03-14
1799,2017-03-15
1805,2017-03-16
1796,2017-03-17
1791,2017-03-18
1792,2017-03-19
1800,2017-03-20
1799,2017-03-21
1794,2017-03-22
1791,2017-03-23
1795,2017-03-24
1808,2017-03-25
1805,2017-03-26
1791,2017-03-27
1789,2017-03-28
1796,2017-03-29
1802,2017-03-30
1801,2017-03-31
1802,2017-04-01
1809,2017-04-02
1815,2017-04-03
1818,2017-04-04
1816,2017-04-05
1814,2017-04-06
1808,2017-04-07
1809,2017-04-08
1810,2017-04-09
1813,2017-04-10
1810,2017-04-11
1814,2017-04-12
1818,2017-04-13
1811,2017-04-14
1810,2017-04-15
1807,2017-04-16
1816,2017-04-17
1826,2017-04-18
1828,2017-04-19
1829,2017-04-20
1825,2017-04-21
1825,2017-04-22
1823,2017-04-23
1841,2017-04-24
1846,2017-04-25
1841,2017-04-26
1839,2017-04-27
1836,2017-04-28
1836,2017-04-29
1833,2017-04-30
1833,2017-05-01
1833,2017-05-02
1827,2017-05-03
1830,2017-05-04
1826,2017-05-05
1834,2017-05-06
1835,2017-05-07
1831,2017-05-08
1836,2017-05-09
1827,2017-05-10
1818,2017-05-11
1821,2017-05-12
1817,2017-05-13
1816,2017-05-14
1818,2017-05-15
1814,2017-05-16
1802,2017-05-17
1797,2017-05-18
1802,2017-05-19
1801,2017-05-20
1796,2017-05-21
1800,2017-05-22
1796,2017-05-23
1798,2017-05-24
1776,2017-05-25
1772,2017-05-26
1779,2017-05-27
1776,2017-05-28
1778,2017-05-29
1779,2017-05-30
1787,2017-05-31
1782,2017-06-01
1771,2017-06-02
1778,2017-06-03
1779,2017-06-04
1776,2017-06-05
1775,2017-06-06
1784,2017-06-07
1790,2017-06-08
1796,2017-06-09
1805,2017-06-10
1800,2017-06-11
1793,2017-06-12
1788,2017-06-13
1795,2017-06-14
1804,2017-06-15
1809,2017-06-16
1817,2017-06-17
1816,2017-06-18
1819,2017-06-19
1823,2017-06-20
1819,2017-06-21
1813,2017-06-22
1824,2017-06-23
1818,2017-06-24
1814,2017-06-25
1816,2017-06-26
1815,2017-06-27
1819,2017-06-28
1820,2017-06-29
1808,2017-06-30
1808,2017-07-01
1807,2017-07-02
1809,2017-07-03
1810,2017-07-04
1814,2017-07-05
1812,2017-07-06
1809,2017-07-07
1810,2017-07-08
1803,2017-07-09
1804,2017-07-10
1812,2017-07-11
1806,2017-07-12
1812,2017-07-13
1809,2017-07-14
1804,2017-07-15
1816,2017-07-16
1816,2017-07-17
1810,2017-07-18
1815,2017-07-19
1809,2017-07-20
1802,2017-07-21
1799,2017-07-22
1803,2017-07-23
1800,2017-07-24
1802,2017-07-25
1809,2017-07-26
1814,2017-07-27
1817,2017-07-28
1820,2017-07-29
1824,2017-07-30
1837,2017-07-31
1837,2017-08-01
1841,2017-08-02
1821,2017-08-03
1820,2017-08-04
1815,2017-08-05
1813,2017-08-06
1825,2017-08-07
1826,2017-08-08
1816,2017-08-09
1828,2017-08-10
1819,2017-08-11
1822,2017-08-12
1811,2017-08-13
1814,2017-08-14
1804,2017-08-15
1811,2017-08-16
1813,2017-08-17
1807,2017-08-18
1811,2017-08-19
1815,2017-08-20
1809,2017-08-21
1806,2017-08-22
1802,2017-08-23
1813,2017-08-24
1811,2017-08-25
1811,2017-08-26
1815,2017-08-27
1811,2017-08-28
1805,2017-08-29
1801,2017-08-30
1795,2017-08-31
1788,2017-09-01
1789,2017-09-02
1789,2017-09-03
1783,2017-09-04
1781,2017-09-05
1780,2017-09-06
1789,2017-09-07
1789,2017-09-08
1782,2017-09-09
1793,2017-09-10
1793,2017-09-11
1786,2017-09-12
1785,2017-09-13
1779,2017-09-14
1780,2017-09-15
1784,2017-09-16
1781,2017-09-17
1785,2017-09-18
1785,2017-09-19
1784,2017-09-20
1783,2017-09-21
1776,2017-09-22
1783,2017-09-23
1781,2017-09-24
1776,2017-09-25
1778,2017-09-26
1775,2017-09-27
1771,2017-09-28
1762,2017-09-29
1767,2017-09-30
1768,2017-10-01
1768,2017-10-02
1773,2017-10-03
1770,2017-10-04
1767,2017-10-05
1766,2017-10-06
1762,2017-10-07
1760,2017-10-08
1762,2017-10-09
1762,2017-10-10
1760,2017-10-11
1760,2017-10-12
1764,2017-10-13
1762,2017-10-14
1763,2017-10-15
1763,2017-10-16
1760,2017-10-17
1761,2017-10-18
1760,2017-10-19
1760,2017-10-20
1761,2017-10-21
1761,2017-10-22
1758,2017-10-23
1762,2017-10-24
1764,2017-10-25
1767,2017-10-26
1765,2017-10-27
1763,2017-10-28
1761,2017-10-29
1766,2017-10-30
1769,2017-10-31
1777,2017-11-01
1781,2017-11-02
1774,2017-11-03
1768,2017-11-04
1767,2017-11-05
1769,2017-11-06
1768,2017-11-07
1766,2017-11-08
1758,2017-11-09
1761,2017-11-10
1759,2017-11-11
1759,2017-11-12
1759,2017-11-13
1759,2017-11-14
1757,2017-11-15
1757,2017-11-16
1739,2017-11-17
1737,2017-11-18
1734,2017-11-19
1733,2017-11-20
1731,2017-11-21
1732,2017-11-22
1738,2017-11-23
1734,2017-11-24
1738,2017-11-25
1733,2017-11-26
1717,2017-11-27
1710,2017-11-28
1718,2017-11-29
1711,2017-11-30
1713,2017-12-01
1721,2017-12-02
1717,2017-12-03
1713,2017-12-04
1709,2017-12-05
1708,2017-12-06
1706,2017-12-07
1706,2017-12-08
1703,2017-12-09
1702,2017-12-10
1712,2017-12-11
1711,2017-12-12
1705,2017-12-13
1701,2017-12-14
1700,2017-12-15
1698,2017-12-16
1698,2017-12-17
1693,2017-12-18
1698,2017-12-19
1699,2017-12-20
1695,2017-12-21
1695,2017-12-22
1693,2017-12-23
1695,2017-12-24
1696,2017-12-25
1690,2017-12-26
1689,2017-12-27
1688,2017-12-28
1684,2017-12-29
1675,2017-12-30
1674,2017-12-31
1679,2018-01-01
1675,2018-01-02
1676,2018-01-03
1675,2018-01-04
1673,2018-01-05
1666,2018-01-06
1667,2018-01-07
1666,2018-01-08
1674,2018-01-09
1675,2018-01-10
1679,2018-01-11
1677,2018-01-12
1672,2018-01-13
1673,2018-01-14
1664,2018-01-15
1667,2018-01-16
1667,2018-01-17
1671,2018-01-18
1679,2018-01-19
1684,2018-01-20
1679,2018-01-21
1681,2018-01-22
1681,2018-01-23
1681,2018-01-24
1675,2018-01-25
1673,2018-01-26
1671,2018-01-27
1684,2018-01-28
1681,2018-01-29
1685,2018-01-30
1684,2018-01-31
1683,2018-02-01
1680,2018-02-02
1682,2018-02-03
1680,2018-02-04
1672,2018-02-05
1676,2018-02-06
1678,2018-02-07
1682,2018-02-08
1683,2018-02-09
1679,2018-02-10
1677,2018-02-11
1683,2018-02-12
1684,2018-02-13
1686,2018-02-14
1702,2018-02-15
1698,2018-02-16
1687,2018-02-17
1683,2018-02-18
1686,2018-02-19
1689,2018-02-20
1689,2018-02-21
1689,2018-02-22
1688,2018-02-23
1687,2018-02-24
1686,2018-02-25
1684,2018-02-26
1688,2018-02-27
1684,2018-02-28
1693,2018-03-01
1691,2018-03-02
1692,2018-03-03
1688,2018-03-04
1690,2018-03-05
1688,2018-03-06
1691,2018-03-07
1694,2018-03-08
1701,2018-03-09
1698,2018-03-10
1699,2018-03-11
1701,2018-03-12
1692,2018-03-13
1699,2018-03-14
1700,2018-03-15
1703,2018-03-16
1705,2018-03-17
1700,2018-03-18
1691,2018-03-19
1692,2018-03-20
1686,2018-03-21
1682,2018-03-22
1681,2018-03-23
1684,2018-03-24
1678,2018-03-25
1673,2018-03-26
1679,2018-03-27
1681,2018-03-28
1678,2018-03-29
1679,2018-03-30
1681,2018-03-31
1682,2018-04-01
1674,2018-04-02
1677,2018-04-03
1679,2018-04-04
1678,2018-04-05
1677,2018-04-06
1674,2018-04-07
1668,2018-04-08
1675,2018-04-09
1671,2018-04-10
1673,2018-04-11
1672,2018-04-12
1669,2018-04-13
1669,2018-04-14
1669,2018-04-15
1670,2018-04-16
1672,2018-04-17
1672,2018-04-18
1674,2018-04-19
1668,2018-04-20
1669,2018-04-21
1669,2018-04-22
1664,2018-04-23
1660,2018-04-24
1666,2018-04-25
1662,2018-04-26
1667,2018-04-27
1670,2018-04-28
1669,2018-04-29
1665,2018-04-30
1668,2018-05-01
1663,2018-05-02
1660,2018-05-03
1659,2018-05-04
1659,2018-05-05
1659,2018-05-06
1662,2018-05-07
1662,2018-05-08
1659,2018-05-09
1663,2018-05-10
1660,2018-05-11
1659,2018-05-12
1660,2018-05-13
1658,2018-05-14
1652,2018-05-15
1655,2018-05-16
1657,2018-05-17
1651,2018-05-18
1649,2018-05-19
1648,2018-05-20
1648,2018-05-21
1649,2018-05-22
1650,2018-05-23
1646,2018-05-24
1653,2018-05-25
1654,2018-05-26
1656,2018-05-27
1656,2018-05-28
1654,2018-05-29
1660,2018-05-30
1661,2018-05-31
1659,2018-06-01
1657,2018-06-02
1658,2018-06-03
1653,2018-06-04
1651,2018-06-05
1651,2018-06-06
1654,2018-06-07
1648,2018-06-08
1649,2018-06-09
1649,2018-06-10
1652,2018-06-11
1655,2018-06-12
1648,2018-06-13
1650,2018-06-14
1650,2018-06-15
1650,2018-06-16
1648,2018-06-17
1649,2018-06-18
1650,2018-06-19
1652,2018-06-20
1651,2018-06-21
1642,2018-06-22
1642,2018-06-23
1641,2018-06-24
1643,2018-06-25
1647,2018-06-26
1646,2018-06-27
1647,2018-06-28
1643,2018-06-29
1642,2018-06-30
1643,2018-07-01
1643,2018-07-02
1640,2018-07-03
1640,2018-07-04
1636,2018-07-05
1640,2018-07-06
1640,2018-07-07
1650,2018-07-08
1653,2018-07-09
1651,2018-07-10
1660,2018-07-11
1658,2018-07-12
1659,2018-07-13
1657,2018-07-14
1656,2018-07-15
1652,2018-07-16
1653,2018-07-17
1656,2018-07-18
1656,2018-07-19
1647,2018-07-20
1645,2018-07-21
1643,2018-07-22
1640,2018-07-23
1638,2018-07-24
1637,2018-07-25
1640,2018-07-26
1639,2018-07-27
1640,2018-07-28
1639,2018-07-29
1641,2018-07-30
1640,2018-07-31
1639,2018-08-01
1639,2018-08-02
1636,2018-08-03
1637,2018-08-04
1637,2018-08-05
1639,2018-08-06
1641,2018-08-07
1643,2018-08-08
1647,2018-08-09
1649,2018-08-10
1650,2018-08-11
1649,2018-08-12
1650,2018-08-13
1647,2018-08-14
1645,2018-08-15
1639,2018-08-16
1636,2018-08-17
1634,2018-08-18
1629,2018-08-19
1621,2018-08-20
1615,2018-08-21
1604,2018-08-22
1595,2018-08-23
1594,2018-08-24
1587,2018-08-25
1584,2018-08-26
1571,2018-08-27
1568,2018-08-28
1555,2018-08-29
1550,2018-08-30
1548,2018-08-31
1547,2018-09-01
1548,2018-09-02
1546,2018-09-03
1548,2018-09-04
1547,2018-09-05
1542,2018-09-06
1540,2018-09-07
1540,2018-09-08
1540,2018-09-09
1545,2018-09-10
1546,2018-09-11
1547,2018-09-12
1548,2018-09-13
1545,2018-09-14
1551,2018-09-15
1549,2018-09-16
1553,2018-09-17
1554,2018-09-18
1553,2018-09-19
1549,2018-09-20
1550,2018-09-21
1556,2018-09-22
1558,2018-09-23
1553,2018-09-24
1556,2018-09-25
1554,2018-09-26
1555,2018-09-27
1553,2018-09-28
1556,2018-09-29
1557,2018-09-30
1553,2018-10-01
1555,2018-10-02
1558,2018-10-03
1556,2018-10-04
1559,2018-10-05
1560,2018-10-06
1558,2018-10-07
1557,2018-10-08
1558,2018-10-09
1561,2018-10-10
1561,2018-10-11
1566,2018-10-12
1564,2018-10-13
1565,2018-10-14
1566,2018-10-15
1568,2018-10-16
1568,2018-10-17
1568,2018-10-18
1565,2018-10-19
1566,2018-10-20
1568,2018-10-21
1571,2018-10-22
1578,2018-10-23
1581,2018-10-24
1591,2018-10-25
1595,2018-10-26
1592,2018-10-27
1593,2018-10-28
1586,2018-10-29
1584,2018-10-30
1589,2018-10-31
1592,2018-11-01
1591,2018-11-02
1590,2018-11-03
1586,2018-11-04
1586,2018-11-05
1585,2018-11-06
1585,2018-11-07
1584,2018-11-08
1588,2018-11-09
1592,2018-11-10
1590,2018-11-11
1584,2018-11-12
1584,2018-11-13
1579,2018-11-14
1582,2018-11-15
1583,2018-11-16
1577,2018-11-17
1581,2018-11-18
1576,2018-11-19
1575,2018-11-20
1577,2018-11-21
1583,2018-11-22
1583,2018-11-23
1577,2018-11-24
1570,2018-11-25
1568,2018-11-26
1571,2018-11-27
1567,2018-11-28
1574,2018-11-29
1574,2018-11-30
1572,2018-12-01
1572,2018-12-02
1572,2018-12-03
1572,2018-12-04
1568,2018-12-05
1561,2018-12-06
1561,2018-12-07
1555,2018-12-08
1559,2018-12-09
1564,2018-12-10
1563,2018-12-11
1563,2018-12-12
1564,2018-12-13
1559,2018-12-14
1561,2018-12-15
1557,2018-12-16
1552,2018-12-17
1554,2018-12-18
1552,2018-12-19
1559,2018-12-20
1555,2018-12-21
1555,2018-12-22
1557,2018-12-23
1553,2018-12-24
1550,2018-12-25
1548,2018-12-26
1546,2018-12-27
1546,2018-12-28
1544,2018-12-29
1543,2018-12-30
1535,2018-12-31
1538,2019-01-01
1535,2019-01-02
1538,2019-01-03
1537,2019-01-04
1533,2019-01-05
1534,2019-01-06
1535,2019-01-07
1538,2019-01-08
1538,2019-01-09
1539,2019-01-10
1537,2019-01-11
1537,2019-01-12
1541,2019-01-13
1539,2019-01-14
1525,2019-01-15
1527,2019-01-16
1519,2019-01-17
1522,2019-01-18
1521,2019-01-19
1520,2019-01-20
1521,2019-01-21
1521,2019-01-22
1524,2019-01-23
1530,2019-01-24
1528,2019-01-25
1532,2019-01-26
1532,2019-01-27
1530,2019-01-28
1532,2019-01-29
1534,2019-01-30
1535,2019-01-31
1536,2019-02-01
1537,2019-02-02
1539,2019-02-03
1537,2019-02-04
1539,2019-02-05
1535,2019-02-06
1527,2019-02-07
1530,2019-02-08
1533,2019-02-09
1534,2019-02-10
1538,2019-02-11
1532,2019-02-12
1538,2019-02-13
1533,2019-02-14
1535,2019-02-15
1534,2019-02-16
1538,2019-02-17
1532,2019-02-18
1533,2019-02-19
1533,2019-02-20
1521,2019-02-21
1519,2019-02-22
1518,2019-02-23
1521,2019-02-24
1523,2019-02-25
1522,2019-02-26
1522,2019-02-27
1521,2019-02-28
1522,2019-03-01
1523,2019-03-02
1526,2019-03-03
1521,2019-03-04
1519,2019-03-05
1523,2019-03-06
1521,2019-03-07
1524,2019-03-08
1525,2019-03-09
1525,2019-03-10
1523,2019-03-11
1519,2019-03-12
1521,2019-03-13
1523,2019-03-14
1528,2019-03-15
1606,2019-03-16
1608,2019-03-17
1612,2019-03-18
1609,2019-03-19
1607,2019-03-20
1609,2019-03-21
1606,2019-03-22
1607,2019-03-23
1607,2019-03-24
1604,2019-03-25
1605,2019-03-26
1608,2019-03-27
1610,2019-03-28
1623,2019-03-29
1622,2019-03-30
1623,2019-03-31
1627,2019-04-01
1623,2019-04-02
1624,2019-04-03
1625,2019-04-04
1627,2019-04-05
1624,2019-04-06
1626,2019-04-07
1623,2019-04-08
1620,2019-04-09
1621,2019-04-10
1626,2019-04-11
1623,2019-04-12
1625,2019-04-13
1629,2019-04-14
1625,2019-04-15
1623,2019-04-16
1624,2019-04-17
1623,2019-04-18
1619,2019-04-19
1619,2019-04-20
1620,2019-04-21
1620,2019-04-22
1621,2019-04-23
1619,2019-04-24
1619,2019-04-25
1615,2019-04-26
1615,2019-04-27
1621,2019-04-28
1625,2019-04-29
1625,2019-04-30
1623,2019-05-01
1620,2019-05-02
1615,2019-05-03
1613,2019-05-04
1614,2019-05-05
1617,2019-05-06
1624,2019-05-07
1629,2019-05-08
1625,2019-05-09
1622,2019-05-10
1626,2019-05-11
1631,2019-05-12
1627,2019-05-13
1632,2019-05-14
1638,2019-05-15
1635,2019-05-16
1633,2019-05-17
1630,2019-05-18
1629,2019-05-19
1630,2019-05-20
1630,2019-05-21
1631,2019-05-22
1636,2019-05-23
1636,2019-05-24
1633,2019-05-25
1631,2019-05-26
1628,2019-05-27
1629,2019-05-28
1635,2019-05-29
1633,2019-05-30
1633,2019-05-31
1632,2019-06-01
1635,2019-06-02
1629,2019-06-03
1627,2019-06-04
1626,2019-06-05
1628,2019-06-06
1635,2019-06-07
1634,2019-06-08
1633,2019-06-09
1633,2019-06-10
1629,2019-06-11
1632,2019-06-12
1623,2019-06-13
1630,2019-06-14
1628,2019-06-15
1625,2019-06-16
1623,2019-06-17
1622,2019-06-18
1609,2019-06-19
1606,2019-06-20
1605,2019-06-21
1603,2019-06-22
1601,2019-06-23
1600,2019-06-24
1595,2019-06-25
1590,2019-06-26
1591,2019-06-27
1598,2019-06-28
1602,2019-06-29
1592,2019-06-30
1592,2019-07-01
1589,2019-07-02
1586,2019-07-03
1588,2019-07-04
1589,2019-07-05
1590,2019-07-06
1590,2019-07-07
1585,2019-07-08
1586,2019-07-09
1587,2019-07-10
1590,2019-07-11
1591,2019-07-12
1588,2019-07-13
1589,2019-07-14
1588,2019-07-15
1579,2019-07-16
1578,2019-07-17
1579,2019-07-18
1578,2019-07-19
1576,2019-07-20
1577,2019-07-21
1573,2019-07-22
1580,2019-07-23
1588,2019-07-24
1592,2019-07-25
1593,2019-07-26
1594,2019-07-27
1593,2019-07-28
1617,2019-07-29
1611,2019-07-30
1616,2019-07-31
1616,2019-08-01
1614,2019-08-02
1619,2019-08-03
1618,2019-08-04
1614,2019-08-05
1648,2019-08-06
1674,2019-08-07
1671,2019-08-08
1669,2019-08-09
1668,2019-08-10
1667,2019-08-11
1670,2019-08-12
1671,2019-08-13
1679,2019-08-14
1680,2019-08-15
1683,2019-08-16
1670,2019-08-17
1667,2019-08-18
1667,2019-08-19
1666,2019-08-20
1658,2019-08-21
1660,2019-08-22
1663,2019-08-23
1665,2019-08-24
1667,2019-08-25
1667,2019-08-26
1668,2019-08-27
1676,2019-08-28
1674,2019-08-29
1673,2019-08-30
1672,2019-08-31
1678,2019-09-01
1679,2019-09-02
1677,2019-09-03
1675,2019-09-04
1671,2019-09-05
1669,2019-09-06
1670,2019-09-07
1670,2019-09-08
1669,2019-09-09
1670,2019-09-10
1672,2019-09-11
1671,2019-09-12
1673,2019-09-13
1674,2019-09-14
1674,2019-09-15
1671,2019-09-16
1670,2019-09-17
1672,2019-09-18
1676,2019-09-19
1674,2019-09-20
1674,2019-09-21
1673,2019-09-22
1672,2019-09-23
1675,2019-09-24
1673,2019-09-25
1675,2019-09-26
1680,2019-09-27
1677,2019-09-28
1678,2019-09-29
1676,2019-09-30
1675,2019-10-01
1672,2019-10-02
1673,2019-10-03
1673,2019-10-04
1672,2019-10-05
1673,2019-10-06
1670,2019-10-07
1672,2019-10-08
1674,2019-10-09
1674,2019-10-10
1676,2019-10-11
1681,2019-10-12
1678,2019-10-13
1674,2019-10-14
1657,2019-10-15
1655,2019-10-16
1657,2019-10-17
1657,2019-10-18
1659,2019-10-19
1661,2019-10-20
1651,2019-10-21
1654,2019-10-22
1652,2019-10-23
1651,2019-10-24
1651,2019-10-25
1649,2019-10-26
1652,2019-10-27
1653,2019-10-28
1652,2019-10-29
1655,2019-10-30
1649,2019-10-31
1664,2019-11-01
1663,2019-11-02
1661,2019-11-03
1660,2019-11-04
1655,2019-11-05
1656,2019-11-06
1654,2019-11-07
1660,2019-11-08
1658,2019-11-09
1659,2019-11-10
1660,2019-11-11
1661,2019-11-12
1656,2019-11-13
1660,2019-11-14
1662,2019-11-15
1660,2019-11-16
1658,2019-11-17
1652,2019-11-18
1652,2019-11-19
1654,2019-11-20
1652,2019-11-21
1654,2019-11-22
1652,2019-11-23
1649,2019-11-24
1647,2019-11-25
1644,2019-11-26
1643,2019-11-27
1643,2019-11-28
1642,2019-11-29
1645,2019-11-30
1644,2019-12-01
1645,2019-12-02
1649,2019-12-03
1646,2019-12-04
1646,2019-12-05
1647,2019-12-06
1646,2019-12-07
1646,2019-12-08
1649,2019-12-09
1647,2019-12-10
1646,2019-12-11
1649,2019-12-12
1650,2019-12-13
1653,2019-12-14
1654,2019-12-15
1650,2019-12-16
1653,2019-12-17
1650,2019-12-18
1647,2019-12-19
1650,2019-12-20
1649,2019-12-21
1647,2019-12-22
1653,2019-12-23
1653,2019-12-24
1650,2019-12-25
1648,2019-12-26
1647,2019-12-27
1649,2019-12-28
1648,2019-12-29
1646,2019-12-30
1646,2019-12-31
1645,2020-01-01
1648,2020-01-02
1646,2020-01-03
1646,2020-01-04
1646,2020-01-05
1648,2020-01-06
1649,2020-01-07
1647,2020-01-08
1642,2020-01-09
1642,2020-01-10
1644,2020-01-11
1645,2020-01-12
1640,2020-01-13
1641,2020-01-14
1645,2020-01-15
1645,2020-01-16
1648,2020-01-17
1647,2020-01-18
1645,2020-01-19
1646,2020-01-20
1642,2020-01-21
1646,2020-01-22
1649,2020-01-23
1648,2020-01-24
1650,2020-01-25
1648,2020-01-26
1646,2020-01-27
1646,2020-01-28
1640,2020-01-29
1643,2020-01-30
1647,2020-01-31
1647,2020-02-01
1647,2020-02-02
1649,2020-02-03
1649,2020-02-04
1647,2020-02-05
1648,2020-02-06
1648,2020-02-07
1659,2020-02-08
1661,2020-02-09
1657,2020-02-10
1660,2020-02-11
1649,2020-02-12
1647,2020-02-13
1652,2020-02-14
1653,2020-02-15
1655,2020-02-16
1653,2020-02-17
1649,2020-02-18
1648,2020-02-19
1649,2020-02-20
1648,2020-02-21
1648,2020-02-22
1646,2020-02-23
1650,2020-02-24
1646,2020-02-25
1649,2020-02-26
1649,2020-02-27
1651,2020-02-28
1653,2020-02-29
1658,2020-03-01
1655,2020-03-02
1657,2020-03-03
1660,2020-03-04
1659,2020-03-05
1660,2020-03-06
1659,2020-03-07
1660,2020-03-08
1656,2020-03-09
1655,2020-03-10
1651,2020-03-11
1654,2020-03-12
1639,2020-03-13
1634,2020-03-14
1635,2020-03-15
1644,2020-03-16
1641,2020-03-17
1636,2020-03-18
1641,2020-03-19
1642,2020-03-20
1642,2020-03-21
1645,2020-03-22
1637,2020-03-23
1643,2020-03-24
1644,2020-03-25
1641,2020-03-26
1648,2020-03-27
1651,2020-03-28
1648,2020-03-29
1651,2020-03-30
1652,2020-03-31
1649,2020-04-01
1646,2020-04-02
1651,2020-04-03
1650,2020-04-04
1652,2020-04-05
1649,2020-04-06
1648,2020-04-07
1647,2020-04-08
1645,2020-04-09
1644,2020-04-10
1650,2020-04-11
1651,2020-04-12
1657,2020-04-13
1657,2020-04-14
1655,2020-04-15
1650,2020-04-16
1652,2020-04-17
1649,2020-04-18
1650,2020-04-19
1653,2020-04-20
1648,2020-04-21
1651,2020-04-22
1655,2020-04-23
1659,2020-04-24
1659,2020-04-25
1657,2020-04-26
1655,2020-04-27
1659,2020-04-28
1656,2020-04-29
1655,2020-04-30
1661,2020-05-01
1658,2020-05-02
1658,2020-05-03
1652,2020-05-04
1651,2020-05-05
1654,2020-05-06
1660,2020-05-07
1657,2020-05-08
1658,2020-05-09
1658,2020-05-10
1658,2020-05-11
1663,2020-05-12
1663,2020-05-13
1666,2020-05-14
1662,2020-05-15
1664,2020-05-16
1665,2020-05-17
1662,2020-05-18
1660,2020-05-19
1658,2020-05-20
1657,2020-05-21
1655,2020-05-22
1654,2020-05-23
1657,2020-05-24
1663,2020-05-25
1660,2020-05-26
1661,2020-05-27
1661,2020-05-28
1660,2020-05-29
1658,2020-05-30
1657,2020-05-31
1654,2020-06-01
1659,2020-06-02
1661,2020-06-03
1660,2020-06-04
1662,2020-06-05
1664,2020-06-06
1662,2020-06-07
1661,2020-06-08
1664,2020-06-09
1666,2020-06-10
1667,2020-06-11
1670,2020-06-12
1672,2020-06-13
1673,2020-06-14
1674,2020-06-15
1669,2020-06-16
1670,2020-06-17
1670,2020-06-18
1673,2020-06-19
1674,2020-06-20
1676,2020-06-21
1678,2020-06-22
1673,2020-06-23
1673,2020-06-24
1662,2020-06-25
1664,2020-06-26
1669,2020-06-27
1670,2020-06-28
1666,2020-06-29
1670,2020-06-30
1672,2020-07-01
1673,2020-07-02
1676,2020-07-03
1675,2020-07-04
1678,2020-07-05
1680,2020-07-06
1681,2020-07-07
1683,2020-07-08
1679,2020-07-09
1678,2020-07-10
1679,2020-07-11
1679,2020-07-12
1674,2020-07-13
1680,2020-07-14
1680,2020-07-15
1680,2020-07-16
1684,2020-07-17
1686,2020-07-18
1688,2020-07-19
1685,2020-07-20
1686,2020-07-21
1681,2020-07-22
1682,2020-07-23
1682,2020-07-24
1683,2020-07-25
1680,2020-07-26
1674,2020-07-27
1680,2020-07-28
1683,2020-07-29
1685,2020-07-30
1686,2020-07-31
1684,2020-08-01
1685,2020-08-02
1687,2020-08-03
1685,2020-08-04
1694,2020-08-05
1689,2020-08-06
1702,2020-08-07
1699,2020-08-08
1702,2020-08-09
1703,2020-08-10
1703,2020-08-11
1702,2020-08-12
1698,2020-08-13
1701,2020-08-14
1706,2020-08-15
1708,2020-08-16
1712,2020-08-17
1707,2020-08-18
1710,2020-08-19
1710,2020-08-20
1705,2020-08-21
1709,2020-08-22
1709,2020-08-23
1704,2020-08-24
1705,2020-08-25
1709,2020-08-26
1705,2020-08-27
1708,2020-08-28
1708,2020-08-29
1708,2020-08-30
1718,2020-08-31
1717,2020-09-01
1724,2020-09-02
1727,2020-09-03
1725,2020-09-04
1719,2020-09-05
1721,2020-09-06
1718,2020-09-07
1714,2020-09-08
1716,2020-09-09
1716,2020-09-10
1715,2020-09-11
1715,2020-09-12
1713,2020-09-13
1711,2020-09-14
1715,2020-09-15
1710,2020-09-16
1708,2020-09-17
1708,2020-09-18
1708,2020-09-19
1707,2020-09-20
1705,2020-09-21
1705,2020-09-22
1707,2020-09-23
1708,2020-09-24
1710,2020-09-25
1714,2020-09-26
1713,2020-09-27
1709,2020-09-28
1711,2020-09-29
1711,2020-09-30
1708,2020-10-01
1713,2020-10-02
1713,2020-10-03
1710,2020-10-04
1704,2020-10-05
1707,2020-10-06
1714,2020-10-07
1715,2020-10-08
1713,2020-10-09
1713,2020-10-10
1711,2020-10-11
1711,2020-10-12
1712,2020-10-13
1713,2020-10-14
1711,2020-10-15
1717,2020-10-16
1717,2020-10-17
1714,2020-10-18
1719,2020-10-19
1719,2020-10-20
1725,2020-10-21
1739,2020-10-22
1761,2020-10-23
1761,2020-10-24
1765,2020-10-25
1758,2020-10-26
1758,2020-10-27
1753,2020-10-28
1755,2020-10-29
1757,2020-10-30
1758,2020-10-31
1758,2020-11-01
1757,2020-11-02
1759,2020-11-03
1755,2020-11-04
1757,2020-11-05
1763,2020-11-06
1763,2020-11-07
1762,2020-11-08
1755,2020-11-09
1760,2020-11-10
1762,2020-11-11
1763,2020-11-12
1762,2020-11-13
1759,2020-11-14
1761,2020-11-15
1761,2020-11-16
1757,2020-11-17
1751,2020-11-18
1750,2020-11-19
1749,2020-11-20
1742,2020-11-21
1740,2020-11-22
1746,2020-11-23
1744,2020-11-24
1744,2020-11-25
1745,2020-11-26
1740,2020-11-27
1739,2020-11-28
1738,2020-11-29
1742,2020-11-30
1740,2020-12-01
1741,2020-12-02
1744,2020-12-03
1748,2020-12-04
1742,2020-12-05
1741,2020-12-06
1739,2020-12-07
1739,2020-12-08
1738,2020-12-09
1742,2020-12-10
1744,2020-12-11
1741,2020-12-12
1745,2020-12-13
1743,2020-12-14
1738,2020-12-15
1735,2020-12-16
1723,2020-12-17
1727,2020-12-18
1720,2020-12-19
1694,2020-12-20
1685,2020-12-21
1693,2020-12-22
1711,2020-12-23
1711,2020-12-24
1714,2020-12-25
1711,2020-12-26
1708,2020-12-27
1709,2020-12-28
1697,2020-12-29
1703,2020-12-30
1696,2020-12-31
1689,2021-01-01
1687,2021-01-02
1683,2021-01-03
1674,2021-01-04
1662,2021-01-05
1654,2021-01-06
1634,2021-01-07
1629,2021-01-08
1625,2021-01-09
1630,2021-01-10
1630,2021-01-11
1633,2021-01-12
1627,2021-01-13
1631,2021-01-14
1621,2021-01-15
1624,2021-01-16
1623,2021-01-17
1621,2021-01-18
1617,2021-01-19
1616,2021-01-20
1608,2021-01-21
1612,2021-01-22
1610,2021-01-23
1613,2021-01-24
1610,2021-01-25
1606,2021-01-26
1610,2021-01-27
1621,2021-01-28
1614,2021-01-29
1614,2021-01-30
1618,2021-01-31
1617,2021-02-01
1621,2021-02-02
1622,2021-02-03
1627,2021-02-04
1626,2021-02-05
1631,2021-02-06
1637,2021-02-07
1632,2021-02-08
1634,2021-02-09
1634,2021-02-10
1635,2021-02-11
1632,2021-02-12
1633,2021-02-13
1631,2021-02-14
1631,2021-02-15
1627,2021-02-16
1622,2021-02-17
1615,2021-02-18
1614,2021-02-19
1609,2021-02-20
1611,2021-02-21
1608,2021-02-22
1607,2021-02-23
1606,2021-02-24
1613,2021-02-25
1621,2021-02-26
1618,2021-02-27
1617,2021-02-28
1609,2021-03-01
1606,2021-03-02
1607,2021-03-03
1608,2021-03-04
1610,2021-03-05
1609,2021-03-06
1612,2021-03-07
1608,2021-03-08
1607,2021-03-09
1605,2021-03-10
1596,2021-03-11
1603,2021-03-12
1604,2021-03-13
1601,2021-03-14
1606,2021-03-15
1601,2021-03-16
1603,2021-03-17
1604,2021-03-18
1605,2021-03-19
1600,2021-03-20
1601,2021-03-21
1604,2021-03-22
1597,2021-03-23
1591,2021-03-24
1594,2021-03-25
1593,2021-03-26
1589,2021-03-27
1588,2021-03-28
1587,2021-03-29
1582,2021-03-30
1585,2021-03-31
1583,2021-04-01
1584,2021-04-02
1583,2021-04-03
1584,2021-04-04
1580,2021-04-05
1581,2021-04-06
1581,2021-04-07
1580,2021-04-08
1578,2021-04-09
1575,2021-04-10
1581,2021-04-11
1577,2021-04-12
1579,2021-04-13
1583,2021-04-14
1585,2021-04-15
1586,2021-04-16
1588,2021-04-17
1593,2021-04-18
1593,2021-04-19
1595,2021-04-20
1597,2021-04-21
1593,2021-04-22
1590,2021-04-23
1586,2021-04-24
1588,2021-04-25
1589,2021-04-26
1594,2021-04-27
1587,2021-04-28
1582,2021-04-29
1581,2021-04-30
1581,2021-05-01
1582,2021-05-02
1578,2021-05-03
1580,2021-05-04
1582,2021-05-05
1578,2021-05-06
1581,2021-05-07
1581,2021-05-08
1588,2021-05-09
1581,2021-05-10
1581,2021-05-11
1582,2021-05-12
1580,2021-05-13
1581,2021-05-14
1586,2021-05-15
1578,2021-05-16
1570,2021-05-17
1567,2021-05-18
1566,2021-05-19
1578,2021-05-20
1582,2021-05-21
1588,2021-05-22
1591,2021-05-23
1589,2021-05-24
1579,2021-05-25
1576,2021-05-26
1575,2021-05-27
1577,2021-05-28
1576,2021-05-29
1573,2021-05-30
1575,2021-05-31
1572,2021-06-01
1576,2021-06-02
1575,2021-06-03
1572,2021-06-04
1577,2021-06-05
1576,2021-06-06
1578,2021-06-07
1571,2021-06-08
1568,2021-06-09
1572,2021-06-10
1567,2021-06-11
1566,2021-06-12
1567,2021-06-13
1567,2021-06-14
1565,2021-06-15
1565,2021-06-16
1563,2021-06-17
1562,2021-06-18
1564,2021-06-19
1562,2021-06-20
1556,2021-06-21
1553,2021-06-22
1563,2021-06-23
1566,2021-06-24
1565,2021-06-25
1563,2021-06-26
1558,2021-06-27
1559,2021-06-28
1558,2021-06-29
1553,2021-06-30
1554,2021-07-01
1554,2021-07-02
1550,2021-07-03
1551,2021-07-04
1549,2021-07-05
1548,2021-07-06
1553,2021-07-07
1554,2021-07-08
1555,2021-07-09
1556,2021-07-10
1556,2021-07-11
1559,2021-07-12
1561,2021-07-13
1559,2021-07-14
1559,2021-07-15
1563,2021-07-16
1569,2021-07-17
1569,2021-07-18
1573,2021-07-19
1573,2021-07-20
1570,2021-07-21
1570,2021-07-22
1570,2021-07-23
1570,2021-07-24
1572,2021-07-25
1563,2021-07-26
1554,2021-07-27
1561,2021-07-28
1567,2021-07-29
1560,2021-07-30
1562,2021-07-31
1563,2021-08-01
1558,2021-08-02
1561,2021-08-03
1559,2021-08-04
1559,2021-08-05
1557,2021-08-06
1558,2021-08-07
1562,2021-08-08
1569,2021-08-09
1565,2021-08-10
1557,2021-08-11
1557,2021-08-12
1561,2021-08-13
1561,2021-08-14
1563,2021-08-15
1562,2021-08-16
1561,2021-08-17
1563,2021-08-18
1563,2021-08-19
1565,2021-08-20
1562,2021-08-21
1562,2021-08-22
1559,2021-08-23
1557,2021-08-24
1566,2021-08-25
1570,2021-08-26
1568,2021-08-27
1566,2021-08-28
1566,2021-08-29
1565,2021-08-30
1566,2021-08-31
1562,2021-09-01
1557,2021-09-02
1563,2021-09-03
1562,2021-09-04
1562,2021-09-05
1563,2021-09-06
1562,2021-09-07
1560,2021-09-08
1558,2021-09-09
1560,2021-09-10
1560,2021-09-11
1561,2021-09-12
1556,2021-09-13
1558,2021-09-14
1561,2021-09-15
1563,2021-09-16
1562,2021-09-17
1563,2021-09-18
1564,2021-09-19
1567,2021-09-20
1566,2021-09-21
1573,2021-09-22
1572,2021-09-23
1576,2021-09-24
1575,2021-09-25
1574,2021-09-26
1575,2021-09-27
1573,2021-09-28
1575,2021-09-29
1574,2021-09-30
1575,2021-10-01
1578,2021-10-02
1578,2021-10-03
1576,2021-10-04
1572,2021-10-05
1575,2021-10-06
1572,2021-10-07
1571,2021-10-08
1568,2021-10-09
1568,2021-10-10
1570,2021-10-11
1571,2021-10-12
1573,2021-10-13
1574,2021-10-14
1570,2021-10-15
1570,2021-10-16
1571,2021-10-17
1573,2021-10-18
1572,2021-10-19
1577,2021-10-20
1577,2021-10-21
1574,2021-10-22
1575,2021-10-23
1577,2021-10-24
1573,2021-10-25
1575,2021-10-26
1569,2021-10-27
1575,2021-10-28
1571,2021-10-29
1569,2021-10-30
1567,2021-10-31
1572,2021-11-01
1563,2021-11-02
1568,2021-11-03
1566,2021-11-04
1566,2021-11-05
1565,2021-11-06
1565,2021-11-07
1558,2021-11-08
1559,2021-11-09
1563,2021-11-10
1564,2021-11-11
1564,2021-11-12
1567,2021-11-13
1565,2021-11-14
1562,2021-11-15
1560,2021-11-16
1565,2021-11-17
1567,2021-11-18
1570,2021-11-19
1568,2021-11-20
1570,2021-11-21
1572,2021-11-22
1570,2021-11-23
1564,2021-11-24
1564,2021-11-25
1561,2021-11-26
1562,2021-11-27
1562,2021-11-28
1558,2021-11-29
1556,2021-11-30
1553,2021-12-01
1555,2021-12-02
1556,2021-12-03
1561,2021-12-04
1565,2021-12-05
1557,2021-12-06
1563,2021-12-07
1562,2021-12-08
1568,2021-12-09
1569,2021-12-10
1565,2021-12-11
1566,2021-12-12
1568,2021-12-13
1575,2021-12-14
1575,2021-12-15
1574,2021-12-16
1572,2021-12-17
1571,2021-12-18
1572,2021-12-19
1566,2021-12-20
1574,2021-12-21
1573,2021-12-22
1581,2021-12-23
1577,2021-12-24
1575,2021-12-25
1575,2021-12-26
1569,2021-12-27
1568,2021-12-28
1560,2021-12-29
1557,2021-12-30
1560,2021-12-31
1564,2022-01-01
1559,2022-01-02
1555,2022-01-03
1556,2022-01-04
1556,2022-01-05
1554,2022-01-06
1558,2022-01-07
1554,2022-01-08
1557,2022-01-09
1556,2022-01-10
1556,2022-01-11
1557,2022-01-12
1559,2022-01-13
1563,2022-01-14
1559,2022-01-15
1561,2022-01-16
1560,2022-01-17
1557,2022-01-18
1555,2022-01-19
1556,2022-01-20
1566,2022-01-21
1562,2022-01-22
1563,2022-01-23
1559,2022-01-24
1564,2022-01-25
1561,2022-01-26
1570,2022-01-27
1570,2022-01-28
1566,2022-01-29
1566,2022-01-30
1569,2022-01-31
1570,2022-02-01
1568,2022-02-02
1568,2022-02-03
1566,2022-02-04
1566,2022-02-05
1564,2022-02-06
1563,2022-02-07
1562,2022-02-08
1562,2022-02-09
1565,2022-02-10
1564,2022-02-11
1564,2022-02-12
1563,2022-02-13
1563,2022-02-14
1559,2022-02-15
1560,2022-02-16
1560,2022-02-17
1562,2022-02-18
1559,2022-02-19
1555,2022-02-20
1561,2022-02-21
1556,2022-02-22
1563,2022-02-23
1561,2022-02-24
1558,2022-02-25
1563,2022-02-26
1560,2022-02-27
1575,2022-02-28
1571,2022-03-01
1575,2022-03-02
1574,2022-03-03
1577,2022-03-04
1575,2022-03-05
1575,2022-03-06
1579,2022-03-07
1587,2022-03-08
1587,2022-03-09
1583,2022-03-10
1594,2022-03-11
1593,2022-03-12
1592,2022-03-13
1593,2022-03-14
1590,2022-03-15
1600,2022-03-16
1598,2022-03-17
1604,2022-03-18
1605,2022-03-19
1604,2022-03-20
1603,2022-03-21
1600,2022-03-22
1599,2022-03-23
1595,2022-03-24
1591,2022-03-25
1590,2022-03-26
1594,2022-03-27
1593,2022-03-28
1586,2022-03-29
1585,2022-03-30
1583,2022-03-31
1582,2022-04-01
1584,2022-04-02
1583,2022-04-03
1584,2022-04-04
1579,2022-04-05
1581,2022-04-06
1578,2022-04-07
1578,2022-04-08
1578,2022-04-09
1577,2022-04-10
1579,2022-04-11
1581,2022-04-12
1581,2022-04-13
1594,2022-04-14
1591,2022-04-15
1592,2022-04-16
1593,2022-04-17
1606,2022-04-18
1603,2022-04-19
1601,2022-04-20
1598,2022-04-21
1599,2022-04-22
1600,2022-04-23
1600,2022-04-24
1597,2022-04-25
1601,2022-04-26
1598,2022-04-27
1597,2022-04-28
1597,2022-04-29
1597,2022-04-30
1598,2022-05-01
1596,2022-05-02
1591,2022-05-03
1588,2022-05-04
1588,2022-05-05
1583,2022-05-06
1581,2022-05-07
1576,2022-05-08
1564,2022-05-09
1562,2022-05-10
1553,2022-05-11
1555,2022-05-12
1548,2022-05-13
1559,2022-05-14
1556,2022-05-15
1550,2022-05-16
1553,2022-05-17
1550,2022-05-18
1552,2022-05-19
1552,2022-05-20
1551,2022-05-21
1550,2022-05-22
1548,2022-05-23
1545,2022-05-24
1543,2022-05-25
1543,2022-05-26
1543,2022-05-27
1544,2022-05-28
1542,2022-05-29
1543,2022-05-30
1543,2022-05-31
1545,2022-06-01
1546,2022-06-02
1546,2022-06-03
1544,2022-06-04
1544,2022-06-05
1543,2022-06-06
1547,2022-06-07
1542,2022-06-08
1537,2022-06-09
1532,2022-06-10
1529,2022-06-11
1525,2022-06-12
1517,2022-06-13
1517,2022-06-14
1513,2022-06-15
1524,2022-06-16
1537,2022-06-17
1530,2022-06-18
1532,2022-06-19
1541,2022-06-20
1535,2022-06-21
1537,2022-06-22
1532,2022-06-23
1537,2022-06-24
1537,2022-06-25
1539,2022-06-26
1536,2022-06-27
1537,2022-06-28
1531,2022-06-29
1531,2022-06-30
1537,2022-07-01
1537,2022-07-02
1536,2022-07-03
1536,2022-07-04
1530,2022-07-05
1534,2022-07-06
1530,2022-07-07
1529,2022-07-08
1529,2022-07-09
1533,2022-07-10
1526,2022-07-11
1532,2022-07-12
1537,2022-07-13
1534,2022-07-14
1527,2022-07-15
1525,2022-07-16
1525,2022-07-17
1518,2022-07-18
1522,2022-07-19
1516,2022-07-20
1516,2022-07-21
1512,2022-07-22
1514,2022-07-23
1515,2022-07-24
1518,2022-07-25
1517,2022-07-26
1518,2022-07-27
1523,2022-07-28
1522,2022-07-29
1520,2022-07-30
1517,2022-07-31
1516,2022-08-01
1514,2022-08-02
1514,2022-08-03
1512,2022-08-04
1521,2022-08-05
1517,2022-08-06
1515,2022-08-07
1517,2022-08-08
1509,2022-08-09
1503,2022-08-10
1504,2022-08-11
1506,2022-08-12
1508,2022-08-13
1508,2022-08-14
1509,2022-08-15
1506,2022-08-16
1505,2022-08-17
1511,2022-08-18
1510,2022-08-19
1508,2022-08-20
1509,2022-08-21
1509,2022-08-22
1512,2022-08-23
1512,2022-08-24
1512,2022-08-25
1511,2022-08-26
1508,2022-08-27
1509,2022-08-28
1511,2022-08-29
1506,2022-08-30
1504,2022-08-31
1501,2022-09-01
1495,2022-09-02
1498,2022-09-03
1497,2022-09-04
1500,2022-09-05
1498,2022-09-06
1497,2022-09-07
1493,2022-09-08
1492,2022-09-09
1492,2022-09-10
1491,2022-09-11
1490,2022-09-12
1485,2022-09-13
1485,2022-09-14
1484,2022-09-15
1484,2022-09-16
1481,2022-09-17
1480,2022-09-18
1483,2022-09-19
1482,2022-09-20
1480,2022-09-21
1478,2022-09-22
1476,2022-09-23
1473,2022-09-24
1472,2022-09-25
1472,2022-09-26
1474,2022-09-27
1469,2022-09-28
1469,2022-09-29
1470,2022-09-30
1468,2022-10-01
1468,2022-10-02
1465,2022-10-03
1467,2022-10-04
1465,2022-10-05
1467,2022-10-06
1466,2022-10-07
1467,2022-10-08
1465,2022-10-09
1461,2022-10-10
1466,2022-10-11
1466,2022-10-12
1470,2022-10-13
1471,2022-10-14
1469,2022-10-15
1468,2022-10-16
1473,2022-10-17
1486,2022-10-18
1482,2022-10-19
1477,2022-10-20
1480,2022-10-21
1476,2022-10-22
1477,2022-10-23
1473,2022-10-24
1475,2022-10-25
1473,2022-10-26
1477,2022-10-27
1476,2022-10-28
1475,2022-10-29
1476,2022-10-30
1476,2022-10-31
1476,2022-11-01
1470,2022-11-02
1474,2022-11-03
1467,2022-11-04
1467,2022-11-05
1466,2022-11-06
1470,2022-11-07
1465,2022-11-08
1460,2022-11-09
1466,2022-11-10
1469,2022-11-11
1461,2022-11-12
1461,2022-11-13
1462,2022-11-14
1469,2022-11-15
1464,2022-11-16
1462,2022-11-17
1463,2022-11-18
1463,2022-11-19
1462,2022-11-20
1458,2022-11-21
1454,2022-11-22
1466,2022-11-23
1468,2022-11-24
1461,2022-11-25
1459,2022-11-26
1459,2022-11-27
1457,2022-11-28
1456,2022-11-29
1455,2022-11-30
1457,2022-12-01
1451,2022-12-02
1451,2022-12-03
1454,2022-12-04
1450,2022-12-05
1453,2022-12-06
1451,2022-12-07
1450,2022-12-08
1451,2022-12-09
1452,2022-12-10
1452,2022-12-11
1452,2022-12-12
1458,2022-12-13
1457,2022-12-14
1461,2022-12-15
1457,2022-12-16
1458,2022-12-17
1460,2022-12-18
1463,2022-12-19
1461,2022-12-20
1466,2022-12-21
1461,2022-12-22
1458,2022-12-23
1458,2022-12-24
1457,2022-12-25
1458,2022-12-26
1456,2022-12-27
1459,2022-12-28
1454,2022-12-29
1454,2022-12-30
1451,2022-12-31
1448,2023-01-01
1449,2023-01-02
1452,2023-01-03
1450,2023-01-04
1449,2023-01-05
1452,2023-01-06
1450,2023-01-07
1450,2023-01-08
1451,2023-01-09
1453,2023-01-10
1454,2023-01-11
1453,2023-01-12
1450,2023-01-13
1451,2023-01-14
1448,2023-01-15
1453,2023-01-16
1454,2023-01-17
1455,2023-01-18
1453,2023-01-19
1454,2023-01-20
1450,2023-01-21
1451,2023-01-22
1457,2023-01-23
1457,2023-01-24
1457,2023-01-25
1460,2023-01-26
1457,2023-01-27
1456,2023-01-28
1458,2023-01-29
1456,2023-01-30
1456,2023-01-31
1456,2023-02-01
1459,2023-02-02
1454,2023-02-03
1457,2023-02-04
1457,2023-02-05
1460,2023-02-06
1459,2023-02-07
1458,2023-02-08
1460,2023-02-09
1462,2023-02-10
1461,2023-02-11
1462,2023-02-12
1466,2023-02-13
1468,2023-02-14
1468,2023-02-15
1465,2023-02-16
1466,2023-02-17
1465,2023-02-18
1464,2023-02-19
1460,2023-02-20
1466,2023-02-21
1465,2023-02-22
1461,2023-02-23
1459,2023-02-24
1458,2023-02-25
1460,2023-02-26
1463,2023-02-27
1459,2023-02-28
1461,2023-03-01
1457,2023-03-02
1455,2023-03-03
1452,2023-03-04
1454,2023-03-05
1457,2023-03-06
1459,2023-03-07
1462,2023-03-08
1456,2023-03-09
1459,2023-03-10
1459,2023-03-11
1457,2023-03-12
1452,2023-03-13
1453,2023-03-14
1454,2023-03-15
1453,2023-03-16
1458,2023-03-17
1461,2023-03-18
1462,2023-03-19
1461,2023-03-20
1456,2023-03-21
1461,2023-03-22
1465,2023-03-23
1459,2023-03-24
1460,2023-03-25
1459,2023-03-26
1457,2023-03-27
1458,2023-03-28
1458,2023-03-29
1461,2023-03-30
1457,2023-03-31
1455,2023-04-01
1456,2023-04-02
1455,2023-04-03
1456,2023-04-04
1452,2023-04-05
1455,2023-04-06
1450,2023-04-07
1448,2023-04-08
1448,2023-04-09
1446,2023-04-10
1442,2023-04-11
1439,2023-04-12
1441,2023-04-13
1440,2023-04-14
1442,2023-04-15
1440,2023-04-16
1434,2023-04-17
1437,2023-04-18
1440,2023-04-19
1441,2023-04-20
1440,2023-04-21
1438,2023-04-22
1435,2023-04-23
1432,2023-04-24
1431,2023-04-25
1434,2023-04-26
1437,2023-04-27
1437,2023-04-28
1438,2023-04-29
1439,2023-04-30
1438,2023-05-01
1437,2023-05-02
1436,2023-05-03
1433,2023-05-04
1439,2023-05-05
1440,2023-05-06
1442,2023-05-07
1438,2023-05-08
1441,2023-05-09
1439,2023-05-10
1442,2023-05-11
1450,2023-05-12
1449,2023-05-13
1448,2023-05-14
1459,2023-05-15
1456,2023-05-16
1456,2023-05-17
1461,2023-05-18
1462,2023-05-19
1462,2023-05-20
1462,2023-05-21
1457,2023-05-22
1457,2023-05-23
1456,2023-05-24
1455,2023-05-25
1455,2023-05-26
1455,2023-05-27
1454,2023-05-28
1453,2023-05-29
1447,2023-05-30
1447,2023-05-31
1448,2023-06-01
1454,2023-06-02
1455,2023-06-03
1454,2023-06-04
1450,2023-06-05
1448,2023-06-06
1446,2023-06-07
1442,2023-06-08
1444,2023-06-09
1443,2023-06-10
1442,2023-06-11
1440,2023-06-12
1438,2023-06-13
1441,2023-06-14
1435,2023-06-15
1434,2023-06-16
1435,2023-06-17
1436,2023-06-18
1437,2023-06-19
1439,2023-06-20
1445,2023-06-21
1446,2023-06-22
1444,2023-06-23
1440,2023-06-24
1441,2023-06-25
1445,2023-06-26
1442,2023-06-27
1436,2023-06-28
1444,2023-06-29
1443,2023-06-30
1455,2023-07-01
1456,2023-07-02
1460,2023-07-03
1460,2023-07-04
1461,2023-07-05
1469,2023-07-06
1472,2023-07-07
1468,2023-07-08
1466,2023-07-09
1465,2023-07-10
1468,2023-07-11
1466,2023-07-12
1462,2023-07-13
1458,2023-07-14
1459,2023-07-15
1459,2023-07-16
1455,2023-07-17
1455,2023-07-18
1458,2023-07-19
1460,2023-07-20
1461,2023-07-21
1459,2023-07-22
1456,2023-07-23
1456,2023-07-24
1457,2023-07-25
1455,2023-07-26
1458,2023-07-27
1456,2023-07-28
1456,2023-07-29
1453,2023-07-30
1455,2023-07-31
1456,2023-08-01
1457,2023-08-02
1458,2023-08-03
1455,2023-08-04
1457,2023-08-05
1458,2023-08-06
1455,2023-08-07
1460,2023-08-08
1460,2023-08-09
1462,2023-08-10
1460,2023-08-11
1460,2023-08-12
1459,2023-08-13
1461,2023-08-14
1461,2023-08-15
1460,2023-08-16
1457,2023-08-17
1458,2023-08-18
1458,2023-08-19
1457,2023-08-20
1455,2023-08-21
1459,2023-08-22
1459,2023-08-23
1459,2023-08-24
1467,2023-08-25
1467,2023-08-26
1467,2023-08-27
1465,2023-08-28
1469,2023-08-29
1473,2023-08-30
1472,2023-08-31
1465,2023-09-01
1465,2023-09-02
1463,2023-09-03
1461,2023-09-04
1459,2023-09-05
1457,2023-09-06
1460,2023-09-07
1461,2023-09-08
1460,2023-09-09
1460,2023-09-10
1463,2023-09-11
1463,2023-09-12
1463,2023-09-13
1462,2023-09-14
1463,2023-09-15
1463,2023-09-16
1463,2023-09-17
1462,2023-09-18
1460,2023-09-19
1466,2023-09-20
1468,2023-09-21
1465,2023-09-22
1464,2023-09-23
1463,2023-09-24
1458,2023-09-25
1456,2023-09-26
1457,2023-09-27
1461,2023-09-28
1461,2023-09-29
1460,2023-09-30
1459,2023-10-01
1462,2023-10-02
1463,2023-10-03
1461,2023-10-04
1461,2023-10-05
1467,2023-10-06
1467,2023-10-07
1467,2023-10-08
1467,2023-10-09
1464,2023-10-10
1465,2023-10-11
1460,2023-10-12
1461,2023-10-13
1460,2023-10-14
1460,2023-10-15
1467,2023-10-16
1465,2023-10-17
1469,2023-10-18
1470,2023-10-19
1469,2023-10-20
1469,2023-10-21
1471,2023-10-22
1471,2023-10-23
1474,2023-10-24
1476,2023-10-25
1476,2023-10-26
1475,2023-10-27
1474,2023-10-28
1474,2023-10-29
1474,2023-10-30
1474,2023-10-31
1480,2023-11-01
1482,2023-11-02
1485,2023-11-03
1483,2023-11-04
1483,2023-11-05
1482,2023-11-06
1481,2023-11-07
1477,2023-11-08
1472,2023-11-09
1472,2023-11-10
1472,2023-11-11
1472,2023-11-12
1472,2023-11-13
1476,2023-11-14
1473,2023-11-15
1472,2023-11-16
1475,2023-11-17
1473,2023-11-18
1475,2023-11-19
1473,2023-11-20
1476,2023-11-21
1474,2023-11-22
1475,2023-11-23
1482,2023-11-24
1481,2023-11-25
1482,2023-11-26
1484,2023-11-27
1486,2023-11-28
1489,2023-11-29
1494,2023-11-30
1494,2023-12-01
1496,2023-12-02
1499,2023-12-03
1494,2023-12-04
1497,2023-12-05
1494,2023-12-06
1495,2023-12-07
1492,2023-12-08
1490,2023-12-09
1492,2023-12-10
1505,2023-12-11
1494,2023-12-12
1495,2023-12-13
1497,2023-12-14
1497,2023-12-15
1498,2023-12-16
1494,2023-12-17
1496,2023-12-18
1495,2023-12-19
1499,2023-12-20
1494,2023-12-21
1482,2023-12-22
1481,2023-12-23
1487,2023-12-24
1487,2023-12-25
1491,2023-12-26
1505,2023-12-27
1504,2023-12-28
1502,2023-12-29
1499,2023-12-30
1498,2023-12-31
1496,2024-01-01
1499,2024-01-02
1490,2024-01-03
1488,2024-01-04
1493,2024-01-05
1493,2024-01-06
1491,2024-01-07
1490,2024-01-08
1483,2024-01-09
1476,2024-01-10
1473,2024-01-11
1475,2024-01-12
1483,2024-01-13
1481,2024-01-14
1483,2024-01-15
1483,2024-01-16
1487,2024-01-17
1485,2024-01-18
1480,2024-01-19
1482,2024-01-20
1483,2024-01-21
1484,2024-01-22
1490,2024-01-23
1492,2024-01-24
1494,2024-01-25
1498,2024-01-26
1497,2024-01-27
1498,2024-01-28
1501,2024-01-29
1508,2024-01-30
1511,2024-01-31
1509,2024-02-01
1512,2024-02-02
1510,2024-02-03
1509,2024-02-04
1508,2024-02-05
1512,2024-02-06
1512,2024-02-07
1514,2024-02-08
1501,2024-02-09
1500,2024-02-10
1503,2024-02-11
1503,2024-02-12
1506,2024-02-13
1525,2024-02-14
1535,2024-02-15
1540,2024-02-16
1543,2024-02-17
1542,2024-02-18
1539,2024-02-19
1545,2024-02-20
1543,2024-02-21
1549,2024-02-22
1548,2024-02-23
1549,2024-02-24
1549,2024-02-25
1549,2024-02-26
1557,2024-02-27
1564,2024-02-28
1565,2024-02-29
1572,2024-03-01
1571,2024-03-02
1572,2024-03-03
1568,2024-03-04
1587,2024-03-05
1585,2024-03-06
1581,2024-03-07
1581,2024-03-08
1582,2024-03-09
1582,2024-03-10
1578,2024-03-11
1574,2024-03-12
1587,2024-03-13
1584,2024-03-14
1594,2024-03-15
1597,2024-03-16
1599,2024-03-17
1605,2024-03-18
1597,2024-03-19
1598,2024-03-20
1597,2024-03-21
1603,2024-03-22
1610,2024-03-23
1611,2024-03-24
1617,2024-03-25
1615,2024-03-26
1611,2024-03-27
1620,2024-03-28
1618,2024-03-29
1618,2024-03-30
1619,2024-03-31
1623,2024-04-01
1626,2024-04-02
1630,2024-04-03
1642,2024-04-04
1642,2024-04-05
1641,2024-04-06
1640,2024-04-07
1644,2024-04-08
1646,2024-04-09
1650,2024-04-10
1651,2024-04-11
1650,2024-04-12
1652,2024-04-13
1654,2024-04-14
1655,2024-04-15
1658,2024-04-16
1655,2024-04-17
1660,2024-04-18
1658,2024-04-19
1658,2024-04-20
1659,2024-04-21
1654,2024-04-22
1649,2024-04-23
1649,2024-04-24
1655,2024-04-25
1652,2024-04-26
1652,2024-04-27
1652,2024-04-28
1652,2024-04-29
1649,2024-04-30
1647,2024-05-01
1645,2024-05-02
1641,2024-05-03
1642,2024-05-04
1640,2024-05-05
1643,2024-05-06
1642,2024-05-07
1647,2024-05-08
1647,2024-05-09
1644,2024-05-10
1645,2024-05-11
1645,2024-05-12
1643,2024-05-13
1644,2024-05-14
1652,2024-05-15
1652,2024-05-16
1654,2024-05-17
1656,2024-05-18
1656,2024-05-19
1659,2024-05-20
1663,2024-05-21
1660,2024-05-22
1667,2024-05-23
1667,2024-05-24
1667,2024-05-25
1668,2024-05-26
1668,2024-05-27
1670,2024-05-28
1673,2024-05-29
1679,2024-05-30
1678,2024-05-31
1678,2024-06-01
