Active Address Count,Date
0,2009-01-03
0,2009-01-04
0,2009-01-05
0,2009-01-06
0,2009-01-07
0,2009-01-08
0,2009-01-09
0,2009-01-10
0,2009-01-11
8,2009-01-12
0,2009-01-13
4,2009-01-14
14,2009-01-15
6,2009-01-16
0,2009-01-17
4,2009-01-18
18,2009-01-19
9,2009-01-20
3,2009-01-21
11,2009-01-22
11,2009-01-23
11,2009-01-24
2,2009-01-25
21,2009-01-26
4,2009-01-27
0,2009-01-28
13,2009-01-29
0,2009-01-30
21,2009-01-31
3,2009-02-01
2,2009-02-02
15,2009-02-03
0,2009-02-04
0,2009-02-05
0,2009-02-06
27,2009-02-07
2,2009-02-08
45,2009-02-09
0,2009-02-10
16,2009-02-11
0,2009-02-12
0,2009-02-13
0,2009-02-14
14,2009-02-15
31,2009-02-16
0,2009-02-17
0,2009-02-18
17,2009-02-19
0,2009-02-20
0,2009-02-21
12,2009-02-22
0,2009-02-23
0,2009-02-24
0,2009-02-25
0,2009-02-26
37,2009-02-27
8,2009-02-28
0,2009-03-01
0,2009-03-02
9,2009-03-03
26,2009-03-04
9,2009-03-05
0,2009-03-06
0,2009-03-07
27,2009-03-08
0,2009-03-09
0,2009-03-10
0,2009-03-11
4,2009-03-12
14,2009-03-13
0,2009-03-14
0,2009-03-15
49,2009-03-16
0,2009-03-17
15,2009-03-18
0,2009-03-19
13,2009-03-20
0,2009-03-21
12,2009-03-22
0,2009-03-23
0,2009-03-24
0,2009-03-25
29,2009-03-26
0,2009-03-27
21,2009-03-28
0,2009-03-29
0,2009-03-30
33,2009-03-31
0,2009-04-01
0,2009-04-02
0,2009-04-03
0,2009-04-04
18,2009-04-05
0,2009-04-06
0,2009-04-07
0,2009-04-08
0,2009-04-09
0,2009-04-10
8,2009-04-11
9,2009-04-12
2,2009-04-13
0,2009-04-14
0,2009-04-15
0,2009-04-16
0,2009-04-17
5,2009-04-18
9,2009-04-19
117,2009-04-20
2,2009-04-21
0,2009-04-22
0,2009-04-23
0,2009-04-24
0,2009-04-25
16,2009-04-26
0,2009-04-27
0,2009-04-28
21,2009-04-29
0,2009-04-30
0,2009-05-01
16,2009-05-02
4,2009-05-03
31,2009-05-04
11,2009-05-05
0,2009-05-06
0,2009-05-07
0,2009-05-08
0,2009-05-09
0,2009-05-10
3,2009-05-11
0,2009-05-12
6,2009-05-13
6,2009-05-14
11,2009-05-15
0,2009-05-16
0,2009-05-17
0,2009-05-18
0,2009-05-19
0,2009-05-20
0,2009-05-21
0,2009-05-22
0,2009-05-23
0,2009-05-24
0,2009-05-25
0,2009-05-26
0,2009-05-27
0,2009-05-28
61,2009-05-29
0,2009-05-30
0,2009-05-31
2,2009-06-01
0,2009-06-02
0,2009-06-03
0,2009-06-04
0,2009-06-05
0,2009-06-06
0,2009-06-07
0,2009-06-08
0,2009-06-09
0,2009-06-10
0,2009-06-11
0,2009-06-12
0,2009-06-13
0,2009-06-14
0,2009-06-15
0,2009-06-16
0,2009-06-17
0,2009-06-18
0,2009-06-19
0,2009-06-20
0,2009-06-21
61,2009-06-22
0,2009-06-23
5,2009-06-24
21,2009-06-25
0,2009-06-26
0,2009-06-27
2,2009-06-28
2,2009-06-29
4,2009-06-30
3,2009-07-01
2,2009-07-02
0,2009-07-03
0,2009-07-04
0,2009-07-05
0,2009-07-06
0,2009-07-07
0,2009-07-08
0,2009-07-09
0,2009-07-10
0,2009-07-11
0,2009-07-12
0,2009-07-13
0,2009-07-14
0,2009-07-15
0,2009-07-16
0,2009-07-17
0,2009-07-18
0,2009-07-19
122,2009-07-20
0,2009-07-21
0,2009-07-22
0,2009-07-23
0,2009-07-24
0,2009-07-25
0,2009-07-26
0,2009-07-27
0,2009-07-28
3,2009-07-29
2,2009-07-30
0,2009-07-31
0,2009-08-01
0,2009-08-02
0,2009-08-03
0,2009-08-04
0,2009-08-05
0,2009-08-06
112,2009-08-07
0,2009-08-08
0,2009-08-09
0,2009-08-10
0,2009-08-11
0,2009-08-12
0,2009-08-13
0,2009-08-14
0,2009-08-15
0,2009-08-16
0,2009-08-17
0,2009-08-18
0,2009-08-19
0,2009-08-20
0,2009-08-21
0,2009-08-22
0,2009-08-23
0,2009-08-24
0,2009-08-25
48,2009-08-26
0,2009-08-27
0,2009-08-28
0,2009-08-29
2,2009-08-30
7,2009-08-31
0,2009-09-01
0,2009-09-02
15,2009-09-03
0,2009-09-04
0,2009-09-05
0,2009-09-06
14,2009-09-07
0,2009-09-08
0,2009-09-09
0,2009-09-10
0,2009-09-11
0,2009-09-12
0,2009-09-13
0,2009-09-14
0,2009-09-15
2,2009-09-16
102,2009-09-17
0,2009-09-18
0,2009-09-19
0,2009-09-20
9,2009-09-21
41,2009-09-22
0,2009-09-23
0,2009-09-24
28,2009-09-25
0,2009-09-26
17,2009-09-27
0,2009-09-28
45,2009-09-29
0,2009-09-30
0,2009-10-01
11,2009-10-02
0,2009-10-03
0,2009-10-04
0,2009-10-05
15,2009-10-06
0,2009-10-07
0,2009-10-08
0,2009-10-09
0,2009-10-10
0,2009-10-11
74,2009-10-12
0,2009-10-13
0,2009-10-14
0,2009-10-15
81,2009-10-16
0,2009-10-17
8,2009-10-18
0,2009-10-19
102,2009-10-20
19,2009-10-21
40,2009-10-22
0,2009-10-23
8,2009-10-24
0,2009-10-25
0,2009-10-26
17,2009-10-27
0,2009-10-28
43,2009-10-29
0,2009-10-30
0,2009-10-31
0,2009-11-01
0,2009-11-02
0,2009-11-03
42,2009-11-04
0,2009-11-05
0,2009-11-06
0,2009-11-07
0,2009-11-08
0,2009-11-09
0,2009-11-10
52,2009-11-11
0,2009-11-12
13,2009-11-13
0,2009-11-14
0,2009-11-15
0,2009-11-16
0,2009-11-17
0,2009-11-18
83,2009-11-19
0,2009-11-20
0,2009-11-21
0,2009-11-22
0,2009-11-23
0,2009-11-24
0,2009-11-25
0,2009-11-26
0,2009-11-27
0,2009-11-28
0,2009-11-29
0,2009-11-30
167,2009-12-01
0,2009-12-02
0,2009-12-03
0,2009-12-04
20,2009-12-05
4,2009-12-06
0,2009-12-07
31,2009-12-08
23,2009-12-09
0,2009-12-10
0,2009-12-11
68,2009-12-12
0,2009-12-13
335,2009-12-14
9,2009-12-15
18,2009-12-16
10,2009-12-17
0,2009-12-18
2,2009-12-19
0,2009-12-20
2,2009-12-21
0,2009-12-22
0,2009-12-23
0,2009-12-24
2,2009-12-25
0,2009-12-26
6,2009-12-27
0,2009-12-28
0,2009-12-29
0,2009-12-30
0,2009-12-31
4,2010-01-01
0,2010-01-02
0,2010-01-03
85,2010-01-04
0,2010-01-05
0,2010-01-06
0,2010-01-07
0,2010-01-08
0,2010-01-09
0,2010-01-10
0,2010-01-11
216,2010-01-12
4,2010-01-13
12,2010-01-14
6,2010-01-15
7,2010-01-16
0,2010-01-17
3,2010-01-18
0,2010-01-19
0,2010-01-20
12,2010-01-21
8,2010-01-22
4,2010-01-23
2,2010-01-24
61,2010-01-25
20,2010-01-26
21,2010-01-27
22,2010-01-28
21,2010-01-29
38,2010-01-30
20,2010-01-31
19,2010-02-01
22,2010-02-02
7,2010-02-03
45,2010-02-04
249,2010-02-05
33,2010-02-06
16,2010-02-07
129,2010-02-08
421,2010-02-09
609,2010-02-10
77,2010-02-11
43,2010-02-12
88,2010-02-13
56,2010-02-14
102,2010-02-15
23,2010-02-16
30,2010-02-17
63,2010-02-18
6,2010-02-19
15,2010-02-20
130,2010-02-21
273,2010-02-22
2,2010-02-23
112,2010-02-24
146,2010-02-25
24,2010-02-26
12,2010-02-27
108,2010-02-28
36,2010-03-01
45,2010-03-02
109,2010-03-03
390,2010-03-04
4,2010-03-05
97,2010-03-06
118,2010-03-07
188,2010-03-08
83,2010-03-09
49,2010-03-10
67,2010-03-11
9,2010-03-12
37,2010-03-13
9,2010-03-14
10,2010-03-15
28,2010-03-16
28,2010-03-17
85,2010-03-18
136,2010-03-19
81,2010-03-20
13,2010-03-21
45,2010-03-22
85,2010-03-23
37,2010-03-24
355,2010-03-25
83,2010-03-26
28,2010-03-27
22,2010-03-28
74,2010-03-29
14,2010-03-30
29,2010-03-31
33,2010-04-01
23,2010-04-02
31,2010-04-03
75,2010-04-04
157,2010-04-05
109,2010-04-06
111,2010-04-07
35,2010-04-08
137,2010-04-09
309,2010-04-10
188,2010-04-11
165,2010-04-12
53,2010-04-13
133,2010-04-14
718,2010-04-15
235,2010-04-16
88,2010-04-17
3233,2010-04-18
322,2010-04-19
229,2010-04-20
165,2010-04-21
76,2010-04-22
96,2010-04-23
119,2010-04-24
192,2010-04-25
117,2010-04-26
98,2010-04-27
150,2010-04-28
73,2010-04-29
63,2010-04-30
84,2010-05-01
55,2010-05-02
123,2010-05-03
191,2010-05-04
159,2010-05-05
294,2010-05-06
103,2010-05-07
293,2010-05-08
113,2010-05-09
169,2010-05-10
49,2010-05-11
135,2010-05-12
129,2010-05-13
126,2010-05-14
69,2010-05-15
56,2010-05-16
149,2010-05-17
148,2010-05-18
149,2010-05-19
87,2010-05-20
168,2010-05-21
155,2010-05-22
260,2010-05-23
156,2010-05-24
149,2010-05-25
199,2010-05-26
209,2010-05-27
146,2010-05-28
181,2010-05-29
124,2010-05-30
141,2010-05-31
141,2010-06-01
112,2010-06-02
253,2010-06-03
111,2010-06-04
116,2010-06-05
123,2010-06-06
326,2010-06-07
188,2010-06-08
196,2010-06-09
136,2010-06-10
191,2010-06-11
158,2010-06-12
183,2010-06-13
269,2010-06-14
189,2010-06-15
156,2010-06-16
136,2010-06-17
131,2010-06-18
235,2010-06-19
129,2010-06-20
195,2010-06-21
208,2010-06-22
170,2010-06-23
203,2010-06-24
102,2010-06-25
91,2010-06-26
141,2010-06-27
141,2010-06-28
246,2010-06-29
275,2010-06-30
214,2010-07-01
219,2010-07-02
167,2010-07-03
279,2010-07-04
214,2010-07-05
105,2010-07-06
230,2010-07-07
164,2010-07-08
165,2010-07-09
213,2010-07-10
418,2010-07-11
2943,2010-07-12
1411,2010-07-13
6286,2010-07-14
1496,2010-07-15
1305,2010-07-16
635,2010-07-17
757,2010-07-18
808,2010-07-19
728,2010-07-20
621,2010-07-21
427,2010-07-22
471,2010-07-23
788,2010-07-24
1912,2010-07-25
1010,2010-07-26
611,2010-07-27
518,2010-07-28
355,2010-07-29
408,2010-07-30
285,2010-07-31
398,2010-08-01
416,2010-08-02
774,2010-08-03
511,2010-08-04
619,2010-08-05
493,2010-08-06
362,2010-08-07
398,2010-08-08
595,2010-08-09
406,2010-08-10
497,2010-08-11
378,2010-08-12
655,2010-08-13
332,2010-08-14
247,2010-08-15
630,2010-08-16
365,2010-08-17
595,2010-08-18
336,2010-08-19
480,2010-08-20
365,2010-08-21
387,2010-08-22
453,2010-08-23
448,2010-08-24
311,2010-08-25
455,2010-08-26
332,2010-08-27
368,2010-08-28
231,2010-08-29
376,2010-08-30
556,2010-08-31
450,2010-09-01
397,2010-09-02
344,2010-09-03
280,2010-09-04
384,2010-09-05
359,2010-09-06
245,2010-09-07
383,2010-09-08
382,2010-09-09
376,2010-09-10
279,2010-09-11
545,2010-09-12
557,2010-09-13
477,2010-09-14
499,2010-09-15
495,2010-09-16
825,2010-09-17
353,2010-09-18
482,2010-09-19
531,2010-09-20
1062,2010-09-21
876,2010-09-22
837,2010-09-23
614,2010-09-24
656,2010-09-25
444,2010-09-26
1070,2010-09-27
1503,2010-09-28
1049,2010-09-29
492,2010-09-30
693,2010-10-01
680,2010-10-02
550,2010-10-03
690,2010-10-04
577,2010-10-05
522,2010-10-06
489,2010-10-07
665,2010-10-08
607,2010-10-09
457,2010-10-10
475,2010-10-11
494,2010-10-12
756,2010-10-13
439,2010-10-14
406,2010-10-15
703,2010-10-16
525,2010-10-17
731,2010-10-18
1162,2010-10-19
944,2010-10-20
817,2010-10-21
823,2010-10-22
669,2010-10-23
665,2010-10-24
563,2010-10-25
639,2010-10-26
914,2010-10-27
805,2010-10-28
654,2010-10-29
428,2010-10-30
403,2010-10-31
421,2010-11-01
288,2010-11-02
394,2010-11-03
423,2010-11-04
647,2010-11-05
414,2010-11-06
486,2010-11-07
1363,2010-11-08
468,2010-11-09
469,2010-11-10
396,2010-11-11
299,2010-11-12
372,2010-11-13
708,2010-11-14
4217,2010-11-15
3189,2010-11-16
459,2010-11-17
405,2010-11-18
497,2010-11-19
668,2010-11-20
620,2010-11-21
466,2010-11-22
525,2010-11-23
801,2010-11-24
740,2010-11-25
1018,2010-11-26
661,2010-11-27
538,2010-11-28
710,2010-11-29
602,2010-11-30
938,2010-12-01
641,2010-12-02
708,2010-12-03
497,2010-12-04
488,2010-12-05
507,2010-12-06
926,2010-12-07
687,2010-12-08
632,2010-12-09
491,2010-12-10
823,2010-12-11
1026,2010-12-12
1539,2010-12-13
966,2010-12-14
906,2010-12-15
781,2010-12-16
634,2010-12-17
701,2010-12-18
909,2010-12-19
1304,2010-12-20
900,2010-12-21
1057,2010-12-22
784,2010-12-23
707,2010-12-24
915,2010-12-25
885,2010-12-26
985,2010-12-27
868,2010-12-28
830,2010-12-29
926,2010-12-30
741,2010-12-31
903,2011-01-01
883,2011-01-02
1246,2011-01-03
939,2011-01-04
1390,2011-01-05
1021,2011-01-06
1096,2011-01-07
1313,2011-01-08
1230,2011-01-09
1281,2011-01-10
1395,2011-01-11
1104,2011-01-12
1521,2011-01-13
1436,2011-01-14
1273,2011-01-15
1374,2011-01-16
1177,2011-01-17
1280,2011-01-18
1388,2011-01-19
1280,2011-01-20
1807,2011-01-21
2035,2011-01-22
1770,2011-01-23
1878,2011-01-24
1296,2011-01-25
1419,2011-01-26
1502,2011-01-27
1550,2011-01-28
1928,2011-01-29
3057,2011-01-30
2075,2011-01-31
1766,2011-02-01
1339,2011-02-02
1113,2011-02-03
1332,2011-02-04
1353,2011-02-05
1232,2011-02-06
1209,2011-02-07
1262,2011-02-08
1916,2011-02-09
3381,2011-02-10
4145,2011-02-11
3133,2011-02-12
3082,2011-02-13
3940,2011-02-14
3215,2011-02-15
2775,2011-02-16
3301,2011-02-17
3436,2011-02-18
2737,2011-02-19
3011,2011-02-20
3124,2011-02-21
3604,2011-02-22
3601,2011-02-23
3505,2011-02-24
3234,2011-02-25
3363,2011-02-26
3448,2011-02-27
2896,2011-02-28
5066,2011-03-01
3576,2011-03-02
4737,2011-03-03
3105,2011-03-04
3424,2011-03-05
3139,2011-03-06
3254,2011-03-07
3698,2011-03-08
3237,2011-03-09
2802,2011-03-10
2922,2011-03-11
3098,2011-03-12
2776,2011-03-13
2788,2011-03-14
3187,2011-03-15
3034,2011-03-16
3090,2011-03-17
2974,2011-03-18
3061,2011-03-19
4319,2011-03-20
4514,2011-03-21
3743,2011-03-22
6710,2011-03-23
4254,2011-03-24
4019,2011-03-25
4709,2011-03-26
4643,2011-03-27
5190,2011-03-28
4511,2011-03-29
3525,2011-03-30
3999,2011-03-31
3137,2011-04-01
3148,2011-04-02
3474,2011-04-03
4476,2011-04-04
4158,2011-04-05
3733,2011-04-06
3289,2011-04-07
3505,2011-04-08
3482,2011-04-09
3369,2011-04-10
3912,2011-04-11
4188,2011-04-12
4520,2011-04-13
5823,2011-04-14
4024,2011-04-15
5234,2011-04-16
4200,2011-04-17
5409,2011-04-18
6221,2011-04-19
5252,2011-04-20
3915,2011-04-21
4107,2011-04-22
4801,2011-04-23
4530,2011-04-24
4940,2011-04-25
6011,2011-04-26
7342,2011-04-27
6056,2011-04-28
6586,2011-04-29
8009,2011-04-30
7343,2011-05-01
5814,2011-05-02
5887,2011-05-03
6210,2011-05-04
6921,2011-05-05
6659,2011-05-06
7090,2011-05-07
6135,2011-05-08
7306,2011-05-09
6931,2011-05-10
6863,2011-05-11
7017,2011-05-12
9229,2011-05-13
8737,2011-05-14
8078,2011-05-15
11506,2011-05-16
10261,2011-05-17
12695,2011-05-18
11771,2011-05-19
11381,2011-05-20
10577,2011-05-21
10533,2011-05-22
11949,2011-05-23
12952,2011-05-24
14348,2011-05-25
14242,2011-05-26
10599,2011-05-27
11415,2011-05-28
11036,2011-05-29
12428,2011-05-30
13850,2011-05-31
13657,2011-06-01
15288,2011-06-02
17582,2011-06-03
19181,2011-06-04
17585,2011-06-05
20676,2011-06-06
18723,2011-06-07
27013,2011-06-08
26012,2011-06-09
23862,2011-06-10
23329,2011-06-11
26680,2011-06-12
25460,2011-06-13
29187,2011-06-14
27126,2011-06-15
28463,2011-06-16
25713,2011-06-17
25771,2011-06-18
27371,2011-06-19
25591,2011-06-20
24486,2011-06-21
26303,2011-06-22
23864,2011-06-23
25067,2011-06-24
22254,2011-06-25
23338,2011-06-26
28631,2011-06-27
25983,2011-06-28
24028,2011-06-29
23070,2011-06-30
30042,2011-07-01
32112,2011-07-02
22129,2011-07-03
23440,2011-07-04
23168,2011-07-05
26752,2011-07-06
22771,2011-07-07
24399,2011-07-08
22511,2011-07-09
28441,2011-07-10
25505,2011-07-11
22750,2011-07-12
26808,2011-07-13
28682,2011-07-14
24115,2011-07-15
23674,2011-07-16
24274,2011-07-17
27601,2011-07-18
24782,2011-07-19
25539,2011-07-20
25137,2011-07-21
24163,2011-07-22
21647,2011-07-23
22920,2011-07-24
26711,2011-07-25
23543,2011-07-26
23165,2011-07-27
25053,2011-07-28
21756,2011-07-29
19386,2011-07-30
23766,2011-07-31
23275,2011-08-01
21237,2011-08-02
17988,2011-08-03
18586,2011-08-04
21120,2011-08-05
19901,2011-08-06
19634,2011-08-07
24295,2011-08-08
23270,2011-08-09
19300,2011-08-10
17814,2011-08-11
16683,2011-08-12
18815,2011-08-13
21128,2011-08-14
18781,2011-08-15
20593,2011-08-16
19988,2011-08-17
20313,2011-08-18
21840,2011-08-19
20800,2011-08-20
22366,2011-08-21
25025,2011-08-22
22345,2011-08-23
21797,2011-08-24
22862,2011-08-25
21300,2011-08-26
20640,2011-08-27
18215,2011-08-28
18696,2011-08-29
17313,2011-08-30
16787,2011-08-31
16492,2011-09-01
15858,2011-09-02
14200,2011-09-03
17225,2011-09-04
17841,2011-09-05
18377,2011-09-06
16392,2011-09-07
15365,2011-09-08
18315,2011-09-09
15532,2011-09-10
15078,2011-09-11
16221,2011-09-12
14664,2011-09-13
14442,2011-09-14
15192,2011-09-15
14298,2011-09-16
12877,2011-09-17
14074,2011-09-18
15826,2011-09-19
21668,2011-09-20
17693,2011-09-21
17256,2011-09-22
19799,2011-09-23
19129,2011-09-24
18971,2011-09-25
17509,2011-09-26
18409,2011-09-27
13462,2011-09-28
12613,2011-09-29
13192,2011-09-30
12750,2011-10-01
11622,2011-10-02
13518,2011-10-03
13528,2011-10-04
13340,2011-10-05
14160,2011-10-06
13446,2011-10-07
12285,2011-10-08
12084,2011-10-09
13105,2011-10-10
13491,2011-10-11
13370,2011-10-12
11321,2011-10-13
14215,2011-10-14
12864,2011-10-15
11655,2011-10-16
13858,2011-10-17
12114,2011-10-18
12258,2011-10-19
11009,2011-10-20
11939,2011-10-21
12011,2011-10-22
13109,2011-10-23
13614,2011-10-24
12802,2011-10-25
12213,2011-10-26
11281,2011-10-27
12512,2011-10-28
12691,2011-10-29
11261,2011-10-30
11738,2011-10-31
12519,2011-11-01
12907,2011-11-02
12854,2011-11-03
15519,2011-11-04
13188,2011-11-05
11308,2011-11-06
12461,2011-11-07
13456,2011-11-08
14080,2011-11-09
14197,2011-11-10
11948,2011-11-11
12027,2011-11-12
12350,2011-11-13
13472,2011-11-14
13899,2011-11-15
12950,2011-11-16
12018,2011-11-17
12204,2011-11-18
9917,2011-11-19
11162,2011-11-20
9946,2011-11-21
11185,2011-11-22
11256,2011-11-23
10697,2011-11-24
11529,2011-11-25
10057,2011-11-26
10582,2011-11-27
12432,2011-11-28
14242,2011-11-29
15160,2011-11-30
13785,2011-12-01
13127,2011-12-02
12591,2011-12-03
11699,2011-12-04
12805,2011-12-05
15021,2011-12-06
12748,2011-12-07
13898,2011-12-08
11494,2011-12-09
11681,2011-12-10
11898,2011-12-11
11074,2011-12-12
11720,2011-12-13
11711,2011-12-14
9857,2011-12-15
10368,2011-12-16
9989,2011-12-17
9675,2011-12-18
12496,2011-12-19
13468,2011-12-20
11594,2011-12-21
11744,2011-12-22
11925,2011-12-23
9947,2011-12-24
11585,2011-12-25
11954,2011-12-26
11532,2011-12-27
10541,2011-12-28
11039,2011-12-29
10248,2011-12-30
10565,2011-12-31
11236,2012-01-01
11711,2012-01-02
12892,2012-01-03
12313,2012-01-04
15079,2012-01-05
14660,2012-01-06
13075,2012-01-07
14463,2012-01-08
14603,2012-01-09
15899,2012-01-10
16746,2012-01-11
13727,2012-01-12
14203,2012-01-13
14435,2012-01-14
13447,2012-01-15
14565,2012-01-16
13984,2012-01-17
14506,2012-01-18
14812,2012-01-19
13929,2012-01-20
13321,2012-01-21
11148,2012-01-22
12942,2012-01-23
14677,2012-01-24
16255,2012-01-25
14203,2012-01-26
14243,2012-01-27
12770,2012-01-28
14033,2012-01-29
13338,2012-01-30
15130,2012-01-31
14596,2012-02-01
15803,2012-02-02
16263,2012-02-03
16089,2012-02-04
14452,2012-02-05
13608,2012-02-06
14491,2012-02-07
14373,2012-02-08
14794,2012-02-09
16196,2012-02-10
14800,2012-02-11
13872,2012-02-12
15826,2012-02-13
18018,2012-02-14
17470,2012-02-15
18226,2012-02-16
13874,2012-02-17
14111,2012-02-18
12827,2012-02-19
13906,2012-02-20
14399,2012-02-21
15893,2012-02-22
17201,2012-02-23
16082,2012-02-24
14764,2012-02-25
12910,2012-02-26
14540,2012-02-27
15968,2012-02-28
15106,2012-02-29
15662,2012-03-01
17302,2012-03-02
12287,2012-03-03
14537,2012-03-04
15736,2012-03-05
14854,2012-03-06
14827,2012-03-07
15214,2012-03-08
15420,2012-03-09
12403,2012-03-10
12263,2012-03-11
13847,2012-03-12
16452,2012-03-13
15718,2012-03-14
14761,2012-03-15
15840,2012-03-16
15645,2012-03-17
13455,2012-03-18
15163,2012-03-19
15555,2012-03-20
15792,2012-03-21
15244,2012-03-22
13836,2012-03-23
13343,2012-03-24
14015,2012-03-25
15458,2012-03-26
15078,2012-03-27
15790,2012-03-28
16585,2012-03-29
14570,2012-03-30
13580,2012-03-31
12288,2012-04-01
14556,2012-04-02
18349,2012-04-03
16248,2012-04-04
16035,2012-04-05
15983,2012-04-06
13881,2012-04-07
13461,2012-04-08
14797,2012-04-09
16985,2012-04-10
18073,2012-04-11
18354,2012-04-12
15342,2012-04-13
16870,2012-04-14
15883,2012-04-15
18672,2012-04-16
18162,2012-04-17
18938,2012-04-18
17241,2012-04-19
18902,2012-04-20
15816,2012-04-21
14332,2012-04-22
16362,2012-04-23
16927,2012-04-24
17046,2012-04-25
18746,2012-04-26
16674,2012-04-27
15491,2012-04-28
15511,2012-04-29
18669,2012-04-30
19553,2012-05-01
19738,2012-05-02
21379,2012-05-03
22183,2012-05-04
19600,2012-05-05
21709,2012-05-06
25239,2012-05-07
23319,2012-05-08
24482,2012-05-09
19967,2012-05-10
25620,2012-05-11
22340,2012-05-12
20210,2012-05-13
31938,2012-05-14
26769,2012-05-15
25164,2012-05-16
22177,2012-05-17
25801,2012-05-18
31204,2012-05-19
29156,2012-05-20
30003,2012-05-21
27099,2012-05-22
29288,2012-05-23
27722,2012-05-24
29679,2012-05-25
25202,2012-05-26
25971,2012-05-27
29204,2012-05-28
33852,2012-05-29
28271,2012-05-30
27990,2012-05-31
28641,2012-06-01
20147,2012-06-02
29986,2012-06-03
41216,2012-06-04
40631,2012-06-05
23805,2012-06-06
35103,2012-06-07
27853,2012-06-08
31138,2012-06-09
33715,2012-06-10
32322,2012-06-11
23425,2012-06-12
46660,2012-06-13
49306,2012-06-14
48786,2012-06-15
39068,2012-06-16
38983,2012-06-17
37231,2012-06-18
35166,2012-06-19
31965,2012-06-20
29385,2012-06-21
28871,2012-06-22
29940,2012-06-23
28314,2012-06-24
33620,2012-06-25
35760,2012-06-26
38613,2012-06-27
32431,2012-06-28
32734,2012-06-29
31554,2012-06-30
31423,2012-07-01
36208,2012-07-02
34450,2012-07-03
31299,2012-07-04
27629,2012-07-05
29007,2012-07-06
30586,2012-07-07
27566,2012-07-08
31855,2012-07-09
36663,2012-07-10
34959,2012-07-11
33950,2012-07-12
31069,2012-07-13
29542,2012-07-14
30150,2012-07-15
36480,2012-07-16
39942,2012-07-17
33961,2012-07-18
35987,2012-07-19
35744,2012-07-20
35328,2012-07-21
38565,2012-07-22
41764,2012-07-23
38118,2012-07-24
31294,2012-07-25
30450,2012-07-26
31981,2012-07-27
38226,2012-07-28
35670,2012-07-29
35873,2012-07-30
58461,2012-07-31
40444,2012-08-01
41790,2012-08-02
36044,2012-08-03
35592,2012-08-04
37649,2012-08-05
42010,2012-08-06
38843,2012-08-07
51631,2012-08-08
40076,2012-08-09
38272,2012-08-10
38145,2012-08-11
38754,2012-08-12
48346,2012-08-13
42466,2012-08-14
50083,2012-08-15
61393,2012-08-16
56421,2012-08-17
51347,2012-08-18
57765,2012-08-19
47086,2012-08-20
54035,2012-08-21
49160,2012-08-22
43426,2012-08-23
44537,2012-08-24
36293,2012-08-25
34302,2012-08-26
38120,2012-08-27
39571,2012-08-28
39198,2012-08-29
33833,2012-08-30
48940,2012-08-31
44661,2012-09-01
34622,2012-09-02
32887,2012-09-03
45684,2012-09-04
41154,2012-09-05
46513,2012-09-06
43775,2012-09-07
33451,2012-09-08
39828,2012-09-09
36987,2012-09-10
44977,2012-09-11
33735,2012-09-12
34764,2012-09-13
37932,2012-09-14
29929,2012-09-15
31331,2012-09-16
32669,2012-09-17
38396,2012-09-18
42531,2012-09-19
46945,2012-09-20
38624,2012-09-21
27040,2012-09-22
28402,2012-09-23
33183,2012-09-24
42947,2012-09-25
48024,2012-09-26
41821,2012-09-27
49668,2012-09-28
38171,2012-09-29
34244,2012-09-30
37664,2012-10-01
52914,2012-10-02
49860,2012-10-03
50916,2012-10-04
44812,2012-10-05
38621,2012-10-06
43138,2012-10-07
47395,2012-10-08
51875,2012-10-09
47107,2012-10-10
40943,2012-10-11
44520,2012-10-12
39098,2012-10-13
38310,2012-10-14
46149,2012-10-15
42783,2012-10-16
44573,2012-10-17
50802,2012-10-18
44293,2012-10-19
43667,2012-10-20
38510,2012-10-21
41337,2012-10-22
41187,2012-10-23
41610,2012-10-24
39129,2012-10-25
37529,2012-10-26
29468,2012-10-27
27405,2012-10-28
35431,2012-10-29
33919,2012-10-30
32591,2012-10-31
31492,2012-11-01
32898,2012-11-02
32479,2012-11-03
30435,2012-11-04
37350,2012-11-05
40901,2012-11-06
43234,2012-11-07
37417,2012-11-08
36670,2012-11-09
34486,2012-11-10
29909,2012-11-11
31306,2012-11-12
32445,2012-11-13
37514,2012-11-14
46043,2012-11-15
48044,2012-11-16
52656,2012-11-17
42685,2012-11-18
41943,2012-11-19
43647,2012-11-20
43864,2012-11-21
41087,2012-11-22
34869,2012-11-23
36768,2012-11-24
35997,2012-11-25
41043,2012-11-26
38330,2012-11-27
43608,2012-11-28
41690,2012-11-29
36891,2012-11-30
34392,2012-12-01
27546,2012-12-02
29928,2012-12-03
42093,2012-12-04
44265,2012-12-05
40947,2012-12-06
40671,2012-12-07
38064,2012-12-08
38608,2012-12-09
35642,2012-12-10
36780,2012-12-11
42399,2012-12-12
45850,2012-12-13
41453,2012-12-14
34372,2012-12-15
35514,2012-12-16
40773,2012-12-17
47848,2012-12-18
43487,2012-12-19
39263,2012-12-20
46086,2012-12-21
55026,2012-12-22
39677,2012-12-23
39787,2012-12-24
30042,2012-12-25
37901,2012-12-26
36205,2012-12-27
42099,2012-12-28
39741,2012-12-29
45548,2012-12-30
34520,2012-12-31
37576,2013-01-01
42904,2013-01-02
51040,2013-01-03
47120,2013-01-04
53310,2013-01-05
41980,2013-01-06
53638,2013-01-07
55819,2013-01-08
55904,2013-01-09
60972,2013-01-10
60818,2013-01-11
50555,2013-01-12
55319,2013-01-13
43991,2013-01-14
57365,2013-01-15
58213,2013-01-16
58741,2013-01-17
57028,2013-01-18
49029,2013-01-19
45889,2013-01-20
45748,2013-01-21
53219,2013-01-22
47082,2013-01-23
60473,2013-01-24
49483,2013-01-25
54329,2013-01-26
49360,2013-01-27
54027,2013-01-28
55358,2013-01-29
44313,2013-01-30
47519,2013-01-31
64171,2013-02-01
56418,2013-02-02
57165,2013-02-03
57162,2013-02-04
59718,2013-02-05
53365,2013-02-06
58185,2013-02-07
59968,2013-02-08
56105,2013-02-09
57298,2013-02-10
52067,2013-02-11
51739,2013-02-12
52955,2013-02-13
51234,2013-02-14
49827,2013-02-15
46889,2013-02-16
45234,2013-02-17
46989,2013-02-18
49143,2013-02-19
50750,2013-02-20
50373,2013-02-21
54225,2013-02-22
51150,2013-02-23
51984,2013-02-24
56277,2013-02-25
58590,2013-02-26
54764,2013-02-27
59770,2013-02-28
62810,2013-03-01
48976,2013-03-02
45983,2013-03-03
53458,2013-03-04
57179,2013-03-05
68824,2013-03-06
66119,2013-03-07
56472,2013-03-08
53963,2013-03-09
56699,2013-03-10
53259,2013-03-11
59584,2013-03-12
62958,2013-03-13
60824,2013-03-14
63236,2013-03-15
50667,2013-03-16
51567,2013-03-17
58484,2013-03-18
68502,2013-03-19
62525,2013-03-20
69452,2013-03-21
74782,2013-03-22
66611,2013-03-23
68953,2013-03-24
65856,2013-03-25
72909,2013-03-26
72423,2013-03-27
94189,2013-03-28
82948,2013-03-29
77727,2013-03-30
64028,2013-03-31
75616,2013-04-01
91653,2013-04-02
106993,2013-04-03
108574,2013-04-04
99650,2013-04-05
78368,2013-04-06
76855,2013-04-07
111694,2013-04-08
111535,2013-04-09
132851,2013-04-10
124091,2013-04-11
102479,2013-04-12
82353,2013-04-13
70789,2013-04-14
99761,2013-04-15
99838,2013-04-16
104663,2013-04-17
81492,2013-04-18
104375,2013-04-19
74049,2013-04-20
69217,2013-04-21
91101,2013-04-22
92958,2013-04-23
101871,2013-04-24
89926,2013-04-25
85471,2013-04-26
77611,2013-04-27
117303,2013-04-28
86416,2013-04-29
76293,2013-04-30
83081,2013-05-01
81438,2013-05-02
82212,2013-05-03
69220,2013-05-04
72087,2013-05-05
84604,2013-05-06
108307,2013-05-07
102370,2013-05-08
81435,2013-05-09
83782,2013-05-10
80405,2013-05-11
69434,2013-05-12
82055,2013-05-13
83134,2013-05-14
84133,2013-05-15
83468,2013-05-16
78254,2013-05-17
68148,2013-05-18
63554,2013-05-19
71054,2013-05-20
82013,2013-05-21
74157,2013-05-22
82617,2013-05-23
84226,2013-05-24
68992,2013-05-25
68949,2013-05-26
73840,2013-05-27
75630,2013-05-28
79893,2013-05-29
77617,2013-05-30
74800,2013-05-31
67501,2013-06-01
65100,2013-06-02
79322,2013-06-03
78377,2013-06-04
78094,2013-06-05
72638,2013-06-06
73635,2013-06-07
57661,2013-06-08
56476,2013-06-09
60389,2013-06-10
66519,2013-06-11
63306,2013-06-12
66189,2013-06-13
75093,2013-06-14
53683,2013-06-15
48620,2013-06-16
56328,2013-06-17
63023,2013-06-18
68954,2013-06-19
67460,2013-06-20
68914,2013-06-21
58316,2013-06-22
51464,2013-06-23
64617,2013-06-24
61140,2013-06-25
64856,2013-06-26
60540,2013-06-27
68414,2013-06-28
60472,2013-06-29
50013,2013-06-30
68188,2013-07-01
63990,2013-07-02
65323,2013-07-03
60589,2013-07-04
59926,2013-07-05
56244,2013-07-06
48536,2013-07-07
62653,2013-07-08
67527,2013-07-09
64425,2013-07-10
73236,2013-07-11
78304,2013-07-12
62660,2013-07-13
48156,2013-07-14
61935,2013-07-15
65774,2013-07-16
62758,2013-07-17
62816,2013-07-18
58403,2013-07-19
52222,2013-07-20
50896,2013-07-21
60182,2013-07-22
64111,2013-07-23
65371,2013-07-24
66063,2013-07-25
62138,2013-07-26
52015,2013-07-27
48780,2013-07-28
67073,2013-07-29
69427,2013-07-30
80747,2013-07-31
113868,2013-08-01
74488,2013-08-02
60156,2013-08-03
59890,2013-08-04
72861,2013-08-05
71140,2013-08-06
75191,2013-08-07
72000,2013-08-08
64206,2013-08-09
58869,2013-08-10
53717,2013-08-11
102981,2013-08-12
74634,2013-08-13
77824,2013-08-14
75437,2013-08-15
82054,2013-08-16
61149,2013-08-17
57077,2013-08-18
78276,2013-08-19
79505,2013-08-20
82403,2013-08-21
83541,2013-08-22
81474,2013-08-23
63882,2013-08-24
68288,2013-08-25
75324,2013-08-26
94795,2013-08-27
83460,2013-08-28
74482,2013-08-29
89174,2013-08-30
87682,2013-08-31
56486,2013-09-01
62249,2013-09-02
71626,2013-09-03
76638,2013-09-04
70190,2013-09-05
72736,2013-09-06
62302,2013-09-07
56286,2013-09-08
73733,2013-09-09
70244,2013-09-10
74222,2013-09-11
76774,2013-09-12
66075,2013-09-13
53374,2013-09-14
54383,2013-09-15
69484,2013-09-16
72701,2013-09-17
78745,2013-09-18
78751,2013-09-19
76772,2013-09-20
65839,2013-09-21
63063,2013-09-22
79986,2013-09-23
77850,2013-09-24
77988,2013-09-25
77742,2013-09-26
77596,2013-09-27
68316,2013-09-28
70772,2013-09-29
79854,2013-09-30
89218,2013-10-01
105303,2013-10-02
89993,2013-10-03
77370,2013-10-04
64961,2013-10-05
60512,2013-10-06
76050,2013-10-07
75519,2013-10-08
80026,2013-10-09
79814,2013-10-10
79150,2013-10-11
66189,2013-10-12
86718,2013-10-13
81570,2013-10-14
84704,2013-10-15
92553,2013-10-16
80595,2013-10-17
85159,2013-10-18
91726,2013-10-19
72841,2013-10-20
95520,2013-10-21
108902,2013-10-22
107064,2013-10-23
111582,2013-10-24
100390,2013-10-25
72818,2013-10-26
64388,2013-10-27
85464,2013-10-28
84684,2013-10-29
94473,2013-10-30
95831,2013-10-31
85764,2013-11-01
76960,2013-11-02
81980,2013-11-03
99449,2013-11-04
116561,2013-11-05
130148,2013-11-06
129202,2013-11-07
129769,2013-11-08
129144,2013-11-09
115715,2013-11-10
114927,2013-11-11
115057,2013-11-12
122181,2013-11-13
132459,2013-11-14
118695,2013-11-15
102572,2013-11-16
106668,2013-11-17
163680,2013-11-18
206980,2013-11-19
164365,2013-11-20
187781,2013-11-21
164716,2013-11-22
149482,2013-11-23
123604,2013-11-24
142032,2013-11-25
178735,2013-11-26
197974,2013-11-27
200988,2013-11-28
188638,2013-11-29
162746,2013-11-30
165741,2013-12-01
176727,2013-12-02
172692,2013-12-03
182763,2013-12-04
182715,2013-12-05
167765,2013-12-06
148960,2013-12-07
113253,2013-12-08
155386,2013-12-09
152729,2013-12-10
151480,2013-12-11
128765,2013-12-12
143726,2013-12-13
147127,2013-12-14
139100,2013-12-15
175647,2013-12-16
156965,2013-12-17
179980,2013-12-18
155885,2013-12-19
152391,2013-12-20
125334,2013-12-21
122324,2013-12-22
151429,2013-12-23
127770,2013-12-24
128733,2013-12-25
121372,2013-12-26
124149,2013-12-27
114541,2013-12-28
127888,2013-12-29
150364,2013-12-30
116734,2013-12-31
94589,2014-01-01
135242,2014-01-02
141063,2014-01-03
115579,2014-01-04
134235,2014-01-05
176975,2014-01-06
140702,2014-01-07
145049,2014-01-08
132972,2014-01-09
124371,2014-01-10
128823,2014-01-11
114282,2014-01-12
150180,2014-01-13
129740,2014-01-14
130805,2014-01-15
130710,2014-01-16
128263,2014-01-17
106150,2014-01-18
108455,2014-01-19
178427,2014-01-20
157839,2014-01-21
150561,2014-01-22
149153,2014-01-23
140660,2014-01-24
124761,2014-01-25
124218,2014-01-26
169080,2014-01-27
156954,2014-01-28
138883,2014-01-29
149694,2014-01-30
147160,2014-01-31
133917,2014-02-01
132776,2014-02-02
170376,2014-02-03
167699,2014-02-04
154153,2014-02-05
160867,2014-02-06
163329,2014-02-07
147237,2014-02-08
126663,2014-02-09
169073,2014-02-10
152277,2014-02-11
213083,2014-02-12
162451,2014-02-13
174659,2014-02-14
149250,2014-02-15
126181,2014-02-16
179060,2014-02-17
155998,2014-02-18
174809,2014-02-19
178713,2014-02-20
177966,2014-02-21
153118,2014-02-22
161071,2014-02-23
213025,2014-02-24
208076,2014-02-25
200167,2014-02-26
182647,2014-02-27
195028,2014-02-28
180547,2014-03-01
158859,2014-03-02
235496,2014-03-03
231057,2014-03-04
200783,2014-03-05
194730,2014-03-06
179768,2014-03-07
170285,2014-03-08
172945,2014-03-09
207866,2014-03-10
188912,2014-03-11
202349,2014-03-12
192686,2014-03-13
192086,2014-03-14
146351,2014-03-15
139668,2014-03-16
187889,2014-03-17
141025,2014-03-18
163345,2014-03-19
165478,2014-03-20
187929,2014-03-21
168555,2014-03-22
147986,2014-03-23
192166,2014-03-24
166188,2014-03-25
168544,2014-03-26
181406,2014-03-27
181617,2014-03-28
143211,2014-03-29
166305,2014-03-30
169533,2014-03-31
178536,2014-04-01
178051,2014-04-02
168803,2014-04-03
176906,2014-04-04
152433,2014-04-05
183298,2014-04-06
158520,2014-04-07
164922,2014-04-08
177406,2014-04-09
180987,2014-04-10
167323,2014-04-11
130830,2014-04-12
170630,2014-04-13
181682,2014-04-14
197395,2014-04-15
183827,2014-04-16
156427,2014-04-17
147504,2014-04-18
139964,2014-04-19
163159,2014-04-20
140648,2014-04-21
182084,2014-04-22
154429,2014-04-23
165157,2014-04-24
180417,2014-04-25
133998,2014-04-26
171493,2014-04-27
166184,2014-04-28
168229,2014-04-29
165611,2014-04-30
152948,2014-05-01
142884,2014-05-02
115635,2014-05-03
155297,2014-05-04
147303,2014-05-05
167404,2014-05-06
160837,2014-05-07
166644,2014-05-08
161746,2014-05-09
134886,2014-05-10
164721,2014-05-11
153434,2014-05-12
147431,2014-05-13
159099,2014-05-14
175329,2014-05-15
153634,2014-05-16
147231,2014-05-17
175993,2014-05-18
184495,2014-05-19
189650,2014-05-20
156386,2014-05-21
161718,2014-05-22
174275,2014-05-23
123999,2014-05-24
186437,2014-05-25
170136,2014-05-26
178068,2014-05-27
183187,2014-05-28
171379,2014-05-29
151497,2014-05-30
146223,2014-05-31
190183,2014-06-01
174907,2014-06-02
185629,2014-06-03
169483,2014-06-04
181464,2014-06-05
173172,2014-06-06
138974,2014-06-07
172445,2014-06-08
165041,2014-06-09
177636,2014-06-10
172773,2014-06-11
174202,2014-06-12
173372,2014-06-13
148511,2014-06-14
175444,2014-06-15
176770,2014-06-16
184315,2014-06-17
166486,2014-06-18
157590,2014-06-19
154139,2014-06-20
152411,2014-06-21
182612,2014-06-22
162885,2014-06-23
174560,2014-06-24
174008,2014-06-25
158470,2014-06-26
166487,2014-06-27
142577,2014-06-28
172728,2014-06-29
182040,2014-06-30
185778,2014-07-01
180969,2014-07-02
160538,2014-07-03
143913,2014-07-04
127629,2014-07-05
182661,2014-07-06
185048,2014-07-07
213384,2014-07-08
183739,2014-07-09
170485,2014-07-10
169567,2014-07-11
153451,2014-07-12
187805,2014-07-13
161722,2014-07-14
177933,2014-07-15
165672,2014-07-16
173737,2014-07-17
168880,2014-07-18
150518,2014-07-19
186124,2014-07-20
162547,2014-07-21
165840,2014-07-22
176062,2014-07-23
177018,2014-07-24
175686,2014-07-25
137797,2014-07-26
182039,2014-07-27
173267,2014-07-28
165276,2014-07-29
181446,2014-07-30
180077,2014-07-31
173854,2014-08-01
140634,2014-08-02
169777,2014-08-03
174711,2014-08-04
198709,2014-08-05
203048,2014-08-06
179001,2014-08-07
172589,2014-08-08
150418,2014-08-09
198541,2014-08-10
194982,2014-08-11
198559,2014-08-12
196751,2014-08-13
196303,2014-08-14
193369,2014-08-15
182001,2014-08-16
199895,2014-08-17
193551,2014-08-18
186742,2014-08-19
186533,2014-08-20
193041,2014-08-21
181866,2014-08-22
149430,2014-08-23
205473,2014-08-24
179545,2014-08-25
189311,2014-08-26
187462,2014-08-27
192337,2014-08-28
165382,2014-08-29
165409,2014-08-30
190870,2014-08-31
191219,2014-09-01
188533,2014-09-02
171662,2014-09-03
178738,2014-09-04
183413,2014-09-05
155567,2014-09-06
233573,2014-09-07
191970,2014-09-08
232746,2014-09-09
228442,2014-09-10
172991,2014-09-11
167772,2014-09-12
152870,2014-09-13
237392,2014-09-14
191596,2014-09-15
219181,2014-09-16
192638,2014-09-17
192303,2014-09-18
169742,2014-09-19
167810,2014-09-20
203096,2014-09-21
204349,2014-09-22
198231,2014-09-23
188601,2014-09-24
199143,2014-09-25
180377,2014-09-26
169657,2014-09-27
234325,2014-09-28
193444,2014-09-29
218874,2014-09-30
211528,2014-10-01
183203,2014-10-02
175552,2014-10-03
164357,2014-10-04
248102,2014-10-05
188717,2014-10-06
202878,2014-10-07
191352,2014-10-08
187811,2014-10-09
198926,2014-10-10
163626,2014-10-11
244368,2014-10-12
207708,2014-10-13
215032,2014-10-14
209631,2014-10-15
184002,2014-10-16
183728,2014-10-17
175209,2014-10-18
230810,2014-10-19
200402,2014-10-20
209075,2014-10-21
200831,2014-10-22
197748,2014-10-23
187021,2014-10-24
209967,2014-10-25
212801,2014-10-26
221787,2014-10-27
203256,2014-10-28
199946,2014-10-29
204701,2014-10-30
202798,2014-10-31
172818,2014-11-01
268223,2014-11-02
209994,2014-11-03
203551,2014-11-04
201322,2014-11-05
225732,2014-11-06
221480,2014-11-07
166466,2014-11-08
249442,2014-11-09
210763,2014-11-10
201465,2014-11-11
226543,2014-11-12
215581,2014-11-13
220912,2014-11-14
177416,2014-11-15
247506,2014-11-16
212707,2014-11-17
207572,2014-11-18
200483,2014-11-19
213590,2014-11-20
198447,2014-11-21
178429,2014-11-22
246798,2014-11-23
208042,2014-11-24
210768,2014-11-25
198224,2014-11-26
212279,2014-11-27
207739,2014-11-28
186109,2014-11-29
277614,2014-11-30
215495,2014-12-01
253874,2014-12-02
231606,2014-12-03
224341,2014-12-04
223986,2014-12-05
190716,2014-12-06
256517,2014-12-07
245438,2014-12-08
221190,2014-12-09
224773,2014-12-10
216998,2014-12-11
219435,2014-12-12
184805,2014-12-13
281754,2014-12-14
242791,2014-12-15
255817,2014-12-16
245097,2014-12-17
240244,2014-12-18
223787,2014-12-19
252813,2014-12-20
236906,2014-12-21
258713,2014-12-22
244775,2014-12-23
189656,2014-12-24
165986,2014-12-25
187476,2014-12-26
209802,2014-12-27
267702,2014-12-28
199651,2014-12-29
209222,2014-12-30
179915,2014-12-31
141053,2015-01-01
208256,2015-01-02
243885,2015-01-03
242183,2015-01-04
241844,2015-01-05
214243,2015-01-06
202751,2015-01-07
230723,2015-01-08
238752,2015-01-09
272269,2015-01-10
250233,2015-01-11
220428,2015-01-12
255331,2015-01-13
252000,2015-01-14
264141,2015-01-15
242869,2015-01-16
278425,2015-01-17
244983,2015-01-18
253267,2015-01-19
226129,2015-01-20
225539,2015-01-21
223559,2015-01-22
215453,2015-01-23
204912,2015-01-24
320544,2015-01-25
261120,2015-01-26
250796,2015-01-27
200221,2015-01-28
213560,2015-01-29
193692,2015-01-30
276472,2015-01-31
250937,2015-02-01
226432,2015-02-02
240736,2015-02-03
231084,2015-02-04
215084,2015-02-05
232338,2015-02-06
195166,2015-02-07
292215,2015-02-08
231491,2015-02-09
231734,2015-02-10
233426,2015-02-11
231138,2015-02-12
308441,2015-02-13
261960,2015-02-14
347674,2015-02-15
265743,2015-02-16
272269,2015-02-17
249911,2015-02-18
213790,2015-02-19
248078,2015-02-20
271106,2015-02-21
273313,2015-02-22
250312,2015-02-23
236075,2015-02-24
231371,2015-02-25
226815,2015-02-26
241012,2015-02-27
282027,2015-02-28
276357,2015-03-01
282203,2015-03-02
267105,2015-03-03
241109,2015-03-04
257007,2015-03-05
236856,2015-03-06
256258,2015-03-07
269010,2015-03-08
259330,2015-03-09
249377,2015-03-10
251449,2015-03-11
247135,2015-03-12
241493,2015-03-13
259425,2015-03-14
255658,2015-03-15
261560,2015-03-16
225723,2015-03-17
250127,2015-03-18
269390,2015-03-19
238534,2015-03-20
244860,2015-03-21
273623,2015-03-22
260579,2015-03-23
222131,2015-03-24
223820,2015-03-25
230393,2015-03-26
231983,2015-03-27
236238,2015-03-28
278745,2015-03-29
259574,2015-03-30
267708,2015-03-31
267874,2015-04-01
260145,2015-04-02
237447,2015-04-03
249094,2015-04-04
269264,2015-04-05
248717,2015-04-06
261904,2015-04-07
254951,2015-04-08
246680,2015-04-09
257423,2015-04-10
270733,2015-04-11
254967,2015-04-12
274722,2015-04-13
257890,2015-04-14
226461,2015-04-15
225817,2015-04-16
231643,2015-04-17
251797,2015-04-18
270032,2015-04-19
249563,2015-04-20
245269,2015-04-21
262585,2015-04-22
262719,2015-04-23
259408,2015-04-24
265437,2015-04-25
274844,2015-04-26
254909,2015-04-27
254137,2015-04-28
260698,2015-04-29
245968,2015-04-30
222745,2015-05-01
268048,2015-05-02
247478,2015-05-03
257173,2015-05-04
262609,2015-05-05
271987,2015-05-06
261264,2015-05-07
296068,2015-05-08
234770,2015-05-09
270181,2015-05-10
266033,2015-05-11
273863,2015-05-12
248544,2015-05-13
237771,2015-05-14
246249,2015-05-15
263189,2015-05-16
259001,2015-05-17
245347,2015-05-18
255285,2015-05-19
256932,2015-05-20
237415,2015-05-21
246875,2015-05-22
221645,2015-05-23
288673,2015-05-24
260187,2015-05-25
270564,2015-05-26
260321,2015-05-27
255874,2015-05-28
293321,2015-05-29
310793,2015-05-30
294881,2015-05-31
310466,2015-06-01
306627,2015-06-02
292587,2015-06-03
277168,2015-06-04
264050,2015-06-05
267406,2015-06-06
260400,2015-06-07
247864,2015-06-08
282605,2015-06-09
360702,2015-06-10
283446,2015-06-11
300369,2015-06-12
282277,2015-06-13
290642,2015-06-14
320698,2015-06-15
280181,2015-06-16
322850,2015-06-17
282417,2015-06-18
294648,2015-06-19
263083,2015-06-20
280816,2015-06-21
265745,2015-06-22
300853,2015-06-23
267798,2015-06-24
231660,2015-06-25
291029,2015-06-26
295366,2015-06-27
272245,2015-06-28
289714,2015-06-29
313478,2015-06-30
308851,2015-07-01
315535,2015-07-02
301043,2015-07-03
276423,2015-07-04
307139,2015-07-05
341638,2015-07-06
324535,2015-07-07
322632,2015-07-08
327481,2015-07-09
321441,2015-07-10
319286,2015-07-11
318924,2015-07-12
296078,2015-07-13
284642,2015-07-14
274614,2015-07-15
275276,2015-07-16
252952,2015-07-17
256839,2015-07-18
289591,2015-07-19
283549,2015-07-20
305890,2015-07-21
294750,2015-07-22
256065,2015-07-23
272910,2015-07-24
243517,2015-07-25
298289,2015-07-26
284824,2015-07-27
297652,2015-07-28
320946,2015-07-29
275749,2015-07-30
303066,2015-07-31
298217,2015-08-01
298112,2015-08-02
297939,2015-08-03
292546,2015-08-04
316448,2015-08-05
295316,2015-08-06
272698,2015-08-07
272741,2015-08-08
267531,2015-08-09
292493,2015-08-10
268340,2015-08-11
277300,2015-08-12
275714,2015-08-13
272154,2015-08-14
267994,2015-08-15
279064,2015-08-16
283517,2015-08-17
301545,2015-08-18
287773,2015-08-19
276994,2015-08-20
281754,2015-08-21
297466,2015-08-22
287767,2015-08-23
307648,2015-08-24
288087,2015-08-25
284593,2015-08-26
277246,2015-08-27
297172,2015-08-28
287424,2015-08-29
284453,2015-08-30
304369,2015-08-31
307714,2015-09-01
290242,2015-09-02
302349,2015-09-03
265409,2015-09-04
318433,2015-09-05
294300,2015-09-06
317383,2015-09-07
334224,2015-09-08
302786,2015-09-09
286401,2015-09-10
316636,2015-09-11
274291,2015-09-12
322264,2015-09-13
307621,2015-09-14
326571,2015-09-15
298636,2015-09-16
316808,2015-09-17
314185,2015-09-18
270846,2015-09-19
341327,2015-09-20
350548,2015-09-21
355307,2015-09-22
294614,2015-09-23
295353,2015-09-24
294645,2015-09-25
309596,2015-09-26
326485,2015-09-27
302523,2015-09-28
353131,2015-09-29
329187,2015-09-30
297779,2015-10-01
311462,2015-10-02
259500,2015-10-03
306142,2015-10-04
290435,2015-10-05
325474,2015-10-06
308295,2015-10-07
313657,2015-10-08
265546,2015-10-09
323682,2015-10-10
294367,2015-10-11
309401,2015-10-12
305841,2015-10-13
309666,2015-10-14
365525,2015-10-15
335817,2015-10-16
370125,2015-10-17
334489,2015-10-18
348797,2015-10-19
400660,2015-10-20
356322,2015-10-21
344190,2015-10-22
369912,2015-10-23
376751,2015-10-24
372818,2015-10-25
375551,2015-10-26
355008,2015-10-27
350473,2015-10-28
382381,2015-10-29
378760,2015-10-30
367173,2015-10-31
392441,2015-11-01
396772,2015-11-02
448401,2015-11-03
497124,2015-11-04
445200,2015-11-05
430967,2015-11-06
365962,2015-11-07
377531,2015-11-08
418051,2015-11-09
394208,2015-11-10
374758,2015-11-11
369836,2015-11-12
357904,2015-11-13
386377,2015-11-14
417968,2015-11-15
401644,2015-11-16
380404,2015-11-17
412870,2015-11-18
357549,2015-11-19
357569,2015-11-20
374512,2015-11-21
376176,2015-11-22
341924,2015-11-23
384095,2015-11-24
363871,2015-11-25
386584,2015-11-26
359064,2015-11-27
413495,2015-11-28
321245,2015-11-29
488961,2015-11-30
412893,2015-12-01
427129,2015-12-02
360567,2015-12-03
417637,2015-12-04
456367,2015-12-05
429350,2015-12-06
435592,2015-12-07
454850,2015-12-08
490150,2015-12-09
492671,2015-12-10
460370,2015-12-11
531388,2015-12-12
477834,2015-12-13
528439,2015-12-14
494141,2015-12-15
483153,2015-12-16
456874,2015-12-17
451606,2015-12-18
504568,2015-12-19
473920,2015-12-20
502091,2015-12-21
485631,2015-12-22
471564,2015-12-23
448456,2015-12-24
377220,2015-12-25
419588,2015-12-26
406022,2015-12-27
411148,2015-12-28
414757,2015-12-29
405363,2015-12-30
355015,2015-12-31
316489,2016-01-01
419389,2016-01-02
394047,2016-01-03
418253,2016-01-04
434786,2016-01-05
379343,2016-01-06
429901,2016-01-07
413695,2016-01-08
450544,2016-01-09
432601,2016-01-10
447870,2016-01-11
456620,2016-01-12
425758,2016-01-13
427593,2016-01-14
415698,2016-01-15
501322,2016-01-16
536248,2016-01-17
472900,2016-01-18
418853,2016-01-19
625316,2016-01-20
516423,2016-01-21
501585,2016-01-22
473138,2016-01-23
487369,2016-01-24
517054,2016-01-25
533660,2016-01-26
529064,2016-01-27
522079,2016-01-28
531398,2016-01-29
497442,2016-01-30
479995,2016-01-31
600305,2016-02-01
688691,2016-02-02
542778,2016-02-03
463655,2016-02-04
505350,2016-02-05
484549,2016-02-06
525120,2016-02-07
473864,2016-02-08
506994,2016-02-09
496405,2016-02-10
497552,2016-02-11
471634,2016-02-12
445514,2016-02-13
494377,2016-02-14
498017,2016-02-15
479770,2016-02-16
539591,2016-02-17
495709,2016-02-18
509829,2016-02-19
500207,2016-02-20
522161,2016-02-21
538684,2016-02-22
545937,2016-02-23
468936,2016-02-24
525409,2016-02-25
474680,2016-02-26
475375,2016-02-27
488757,2016-02-28
562740,2016-02-29
564995,2016-03-01
557668,2016-03-02
567143,2016-03-03
526315,2016-03-04
520919,2016-03-05
417030,2016-03-06
409449,2016-03-07
465704,2016-03-08
510416,2016-03-09
440699,2016-03-10
424425,2016-03-11
376513,2016-03-12
426281,2016-03-13
455848,2016-03-14
448820,2016-03-15
446553,2016-03-16
477259,2016-03-17
437534,2016-03-18
423208,2016-03-19
437331,2016-03-20
437483,2016-03-21
464578,2016-03-22
432354,2016-03-23
428031,2016-03-24
399982,2016-03-25
457003,2016-03-26
425275,2016-03-27
516144,2016-03-28
668511,2016-03-29
480360,2016-03-30
419561,2016-03-31
505104,2016-04-01
477350,2016-04-02
466404,2016-04-03
487207,2016-04-04
460767,2016-04-05
478871,2016-04-06
446187,2016-04-07
440780,2016-04-08
423703,2016-04-09
435393,2016-04-10
477737,2016-04-11
511753,2016-04-12
495146,2016-04-13
470238,2016-04-14
436651,2016-04-15
409216,2016-04-16
477960,2016-04-17
478489,2016-04-18
480057,2016-04-19
465306,2016-04-20
477570,2016-04-21
440126,2016-04-22
434639,2016-04-23
457449,2016-04-24
495014,2016-04-25
524703,2016-04-26
471927,2016-04-27
460490,2016-04-28
516576,2016-04-29
440355,2016-04-30
431028,2016-05-01
483597,2016-05-02
466127,2016-05-03
499184,2016-05-04
457948,2016-05-05
454712,2016-05-06
418984,2016-05-07
440122,2016-05-08
485970,2016-05-09
495890,2016-05-10
471605,2016-05-11
453460,2016-05-12
458960,2016-05-13
459057,2016-05-14
424158,2016-05-15
511723,2016-05-16
479746,2016-05-17
510825,2016-05-18
460695,2016-05-19
444368,2016-05-20
503197,2016-05-21
445646,2016-05-22
516358,2016-05-23
515715,2016-05-24
492132,2016-05-25
460119,2016-05-26
529629,2016-05-27
481777,2016-05-28
427677,2016-05-29
548428,2016-05-30
477702,2016-05-31
508349,2016-06-01
478264,2016-06-02
495826,2016-06-03
447381,2016-06-04
463360,2016-06-05
511057,2016-06-06
510788,2016-06-07
482252,2016-06-08
525133,2016-06-09
506014,2016-06-10
466106,2016-06-11
519537,2016-06-12
577237,2016-06-13
526640,2016-06-14
594504,2016-06-15
582321,2016-06-16
586033,2016-06-17
561720,2016-06-18
514828,2016-06-19
563274,2016-06-20
592429,2016-06-21
546584,2016-06-22
549072,2016-06-23
547541,2016-06-24
529704,2016-06-25
501696,2016-06-26
483509,2016-06-27
541035,2016-06-28
466163,2016-06-29
506953,2016-06-30
494871,2016-07-01
445951,2016-07-02
429458,2016-07-03
504368,2016-07-04
487939,2016-07-05
465231,2016-07-06
467374,2016-07-07
463178,2016-07-08
438208,2016-07-09
399912,2016-07-10
492772,2016-07-11
476690,2016-07-12
452752,2016-07-13
475078,2016-07-14
452538,2016-07-15
467762,2016-07-16
434158,2016-07-17
496551,2016-07-18
468850,2016-07-19
477662,2016-07-20
446237,2016-07-21
467736,2016-07-22
447387,2016-07-23
433698,2016-07-24
498657,2016-07-25
507446,2016-07-26
476951,2016-07-27
494957,2016-07-28
465289,2016-07-29
450520,2016-07-30
492070,2016-07-31
515913,2016-08-01
537971,2016-08-02
517150,2016-08-03
488324,2016-08-04
476990,2016-08-05
425125,2016-08-06
447566,2016-08-07
530880,2016-08-08
491059,2016-08-09
531267,2016-08-10
531336,2016-08-11
491187,2016-08-12
455316,2016-08-13
455985,2016-08-14
500678,2016-08-15
537430,2016-08-16
523661,2016-08-17
528968,2016-08-18
508742,2016-08-19
495530,2016-08-20
446787,2016-08-21
526721,2016-08-22
512415,2016-08-23
513938,2016-08-24
489481,2016-08-25
483670,2016-08-26
456254,2016-08-27
427988,2016-08-28
500178,2016-08-29
548989,2016-08-30
497975,2016-08-31
486446,2016-09-01
477616,2016-09-02
464600,2016-09-03
438963,2016-09-04
541913,2016-09-05
519335,2016-09-06
525769,2016-09-07
500348,2016-09-08
491665,2016-09-09
445997,2016-09-10
458622,2016-09-11
510497,2016-09-12
530326,2016-09-13
491546,2016-09-14
494399,2016-09-15
474532,2016-09-16
509402,2016-09-17
463459,2016-09-18
505144,2016-09-19
533332,2016-09-20
514298,2016-09-21
496580,2016-09-22
488851,2016-09-23
473845,2016-09-24
465826,2016-09-25
540149,2016-09-26
549231,2016-09-27
546880,2016-09-28
553098,2016-09-29
559461,2016-09-30
498317,2016-10-01
462246,2016-10-02
628726,2016-10-03
600984,2016-10-04
585512,2016-10-05
621267,2016-10-06
577183,2016-10-07
549357,2016-10-08
509881,2016-10-09
514272,2016-10-10
601459,2016-10-11
544757,2016-10-12
547633,2016-10-13
531872,2016-10-14
501357,2016-10-15
482303,2016-10-16
550425,2016-10-17
588289,2016-10-18
459857,2016-10-19
624193,2016-10-20
584314,2016-10-21
524405,2016-10-22
525329,2016-10-23
581644,2016-10-24
617967,2016-10-25
613888,2016-10-26
721672,2016-10-27
570185,2016-10-28
541658,2016-10-29
472367,2016-10-30
579841,2016-10-31
602345,2016-11-01
584844,2016-11-02
593303,2016-11-03
547555,2016-11-04
555964,2016-11-05
519654,2016-11-06
628563,2016-11-07
662881,2016-11-08
614660,2016-11-09
611570,2016-11-10
557444,2016-11-11
571720,2016-11-12
539160,2016-11-13
632882,2016-11-14
652996,2016-11-15
615878,2016-11-16
627323,2016-11-17
625425,2016-11-18
578672,2016-11-19
579386,2016-11-20
609504,2016-11-21
609054,2016-11-22
646177,2016-11-23
734914,2016-11-24
682529,2016-11-25
664278,2016-11-26
571832,2016-11-27
708783,2016-11-28
649937,2016-11-29
636876,2016-11-30
595958,2016-12-01
732429,2016-12-02
703628,2016-12-03
644661,2016-12-04
670041,2016-12-05
748512,2016-12-06
767634,2016-12-07
651628,2016-12-08
615784,2016-12-09
594314,2016-12-10
568238,2016-12-11
637087,2016-12-12
663651,2016-12-13
619541,2016-12-14
611646,2016-12-15
637793,2016-12-16
584955,2016-12-17
564856,2016-12-18
659350,2016-12-19
651150,2016-12-20
704229,2016-12-21
683211,2016-12-22
659615,2016-12-23
550808,2016-12-24
470720,2016-12-25
589996,2016-12-26
647665,2016-12-27
660594,2016-12-28
654644,2016-12-29
642256,2016-12-30
571936,2016-12-31
463375,2017-01-01
703943,2017-01-02
654405,2017-01-03
696039,2017-01-04
650948,2017-01-05
716986,2017-01-06
645658,2017-01-07
597135,2017-01-08
611249,2017-01-09
701226,2017-01-10
638056,2017-01-11
623422,2017-01-12
590708,2017-01-13
592751,2017-01-14
551601,2017-01-15
632222,2017-01-16
656970,2017-01-17
649905,2017-01-18
685636,2017-01-19
663079,2017-01-20
637014,2017-01-21
564635,2017-01-22
620370,2017-01-23
723319,2017-01-24
711259,2017-01-25
721017,2017-01-26
662277,2017-01-27
661087,2017-01-28
644540,2017-01-29
644863,2017-01-30
677350,2017-01-31
790447,2017-02-01
639727,2017-02-02
715688,2017-02-03
655210,2017-02-04
689322,2017-02-05
619102,2017-02-06
717402,2017-02-07
665653,2017-02-08
758508,2017-02-09
658320,2017-02-10
628942,2017-02-11
568387,2017-02-12
669483,2017-02-13
675327,2017-02-14
630934,2017-02-15
670715,2017-02-16
695635,2017-02-17
689407,2017-02-18
597225,2017-02-19
657670,2017-02-20
645613,2017-02-21
634519,2017-02-22
700610,2017-02-23
766808,2017-02-24
744952,2017-02-25
657108,2017-02-26
664556,2017-02-27
699394,2017-02-28
681433,2017-03-01
735118,2017-03-02
734170,2017-03-03
624694,2017-03-04
694635,2017-03-05
680968,2017-03-06
737940,2017-03-07
687735,2017-03-08
705810,2017-03-09
744233,2017-03-10
697643,2017-03-11
594454,2017-03-12
691383,2017-03-13
740054,2017-03-14
675310,2017-03-15
734429,2017-03-16
709447,2017-03-17
685019,2017-03-18
675469,2017-03-19
651284,2017-03-20
693268,2017-03-21
745057,2017-03-22
678627,2017-03-23
703545,2017-03-24
615974,2017-03-25
587905,2017-03-26
600354,2017-03-27
735746,2017-03-28
683380,2017-03-29
694159,2017-03-30
630635,2017-03-31
639440,2017-04-01
652032,2017-04-02
735912,2017-04-03
635702,2017-04-04
745782,2017-04-05
701087,2017-04-06
717629,2017-04-07
600009,2017-04-08
656638,2017-04-09
690713,2017-04-10
753900,2017-04-11
689481,2017-04-12
611381,2017-04-13
703163,2017-04-14
687239,2017-04-15
592286,2017-04-16
604958,2017-04-17
708917,2017-04-18
723135,2017-04-19
688107,2017-04-20
791799,2017-04-21
685971,2017-04-22
644040,2017-04-23
608279,2017-04-24
738870,2017-04-25
768363,2017-04-26
723851,2017-04-27
727284,2017-04-28
828797,2017-04-29
724804,2017-04-30
707237,2017-05-01
787264,2017-05-02
689999,2017-05-03
851665,2017-05-04
663357,2017-05-05
871965,2017-05-06
787624,2017-05-07
889492,2017-05-08
794489,2017-05-09
735142,2017-05-10
703572,2017-05-11
745597,2017-05-12
793015,2017-05-13
893596,2017-05-14
825280,2017-05-15
655269,2017-05-16
762449,2017-05-17
742307,2017-05-18
807902,2017-05-19
851747,2017-05-20
791567,2017-05-21
773295,2017-05-22
876748,2017-05-23
806734,2017-05-24
842952,2017-05-25
818340,2017-05-26
892637,2017-05-27
856626,2017-05-28
766052,2017-05-29
848299,2017-05-30
819584,2017-05-31
838031,2017-06-01
726199,2017-06-02
883248,2017-06-03
734730,2017-06-04
767616,2017-06-05
800482,2017-06-06
878572,2017-06-07
820503,2017-06-08
764547,2017-06-09
701417,2017-06-10
667433,2017-06-11
722922,2017-06-12
768128,2017-06-13
744105,2017-06-14
796494,2017-06-15
727778,2017-06-16
665249,2017-06-17
628638,2017-06-18
729514,2017-06-19
741891,2017-06-20
755248,2017-06-21
735729,2017-06-22
710476,2017-06-23
646729,2017-06-24
534903,2017-06-25
704139,2017-06-26
695895,2017-06-27
743269,2017-06-28
621630,2017-06-29
722860,2017-06-30
642934,2017-07-01
605007,2017-07-02
668463,2017-07-03
714279,2017-07-04
651095,2017-07-05
625927,2017-07-06
737753,2017-07-07
641537,2017-07-08
549457,2017-07-09
771019,2017-07-10
770211,2017-07-11
749528,2017-07-12
680458,2017-07-13
640687,2017-07-14
634626,2017-07-15
609543,2017-07-16
692421,2017-07-17
811422,2017-07-18
717060,2017-07-19
657942,2017-07-20
749755,2017-07-21
645040,2017-07-22
533013,2017-07-23
674875,2017-07-24
697739,2017-07-25
664400,2017-07-26
681578,2017-07-27
681257,2017-07-28
641793,2017-07-29
568481,2017-07-30
706610,2017-07-31
477450,2017-08-01
591913,2017-08-02
596116,2017-08-03
665787,2017-08-04
658929,2017-08-05
538549,2017-08-06
683030,2017-08-07
789743,2017-08-08
706714,2017-08-09
733437,2017-08-10
737669,2017-08-11
693243,2017-08-12
705039,2017-08-13
689225,2017-08-14
821922,2017-08-15
688844,2017-08-16
860879,2017-08-17
728843,2017-08-18
713756,2017-08-19
617437,2017-08-20
633959,2017-08-21
529971,2017-08-22
843522,2017-08-23
548824,2017-08-24
578203,2017-08-25
618623,2017-08-26
749659,2017-08-27
654529,2017-08-28
795715,2017-08-29
799685,2017-08-30
797068,2017-08-31
782815,2017-09-01
694967,2017-09-02
586948,2017-09-03
752538,2017-09-04
784405,2017-09-05
776397,2017-09-06
768367,2017-09-07
825463,2017-09-08
627142,2017-09-09
558809,2017-09-10
734954,2017-09-11
710502,2017-09-12
718706,2017-09-13
773619,2017-09-14
833194,2017-09-15
647172,2017-09-16
588652,2017-09-17
673744,2017-09-18
786887,2017-09-19
620717,2017-09-20
694692,2017-09-21
649013,2017-09-22
568706,2017-09-23
532685,2017-09-24
658166,2017-09-25
728969,2017-09-26
691447,2017-09-27
758800,2017-09-28
743914,2017-09-29
628468,2017-09-30
624780,2017-10-01
815048,2017-10-02
785892,2017-10-03
639795,2017-10-04
727413,2017-10-05
819046,2017-10-06
670943,2017-10-07
689817,2017-10-08
800785,2017-10-09
826207,2017-10-10
780237,2017-10-11
783600,2017-10-12
819141,2017-10-13
796782,2017-10-14
826687,2017-10-15
850037,2017-10-16
873931,2017-10-17
818810,2017-10-18
910155,2017-10-19
850237,2017-10-20
805466,2017-10-21
981705,2017-10-22
877347,2017-10-23
957970,2017-10-24
919313,2017-10-25
730701,2017-10-26
673637,2017-10-27
555034,2017-10-28
911577,2017-10-29
889423,2017-10-30
829224,2017-10-31
960553,2017-11-01
916822,2017-11-02
818565,2017-11-03
800310,2017-11-04
803235,2017-11-05
825175,2017-11-06
939797,2017-11-07
860899,2017-11-08
945877,2017-11-09
795398,2017-11-10
578293,2017-11-11
598617,2017-11-12
917281,2017-11-13
817515,2017-11-14
951177,2017-11-15
903477,2017-11-16
980105,2017-11-17
849489,2017-11-18
908885,2017-11-19
989848,2017-11-20
979905,2017-11-21
870866,2017-11-22
956701,2017-11-23
907120,2017-11-24
931673,2017-11-25
936208,2017-11-26
1057284,2017-11-27
1025707,2017-11-28
1131583,2017-11-29
1084876,2017-11-30
1116238,2017-12-01
942678,2017-12-02
1016497,2017-12-03
1145159,2017-12-04
1145899,2017-12-05
1230802,2017-12-06
1068948,2017-12-07
1124998,2017-12-08
1187726,2017-12-09
1077246,2017-12-10
1153410,2017-12-11
1096912,2017-12-12
1261339,2017-12-13
1283917,2017-12-14
1179692,2017-12-15
1136353,2017-12-16
1176087,2017-12-17
1197815,2017-12-18
1048067,2017-12-19
1025876,2017-12-20
1002339,2017-12-21
1112359,2017-12-22
980565,2017-12-23
1023755,2017-12-24
879892,2017-12-25
912381,2017-12-26
1032410,2017-12-27
1003647,2017-12-28
1094021,2017-12-29
1009178,2017-12-30
1007300,2017-12-31
966701,2018-01-01
1142465,2018-01-02
1132590,2018-01-03
1253391,2018-01-04
1068521,2018-01-05
1171151,2018-01-06
1127763,2018-01-07
1158246,2018-01-08
1150316,2018-01-09
1125366,2018-01-10
1223960,2018-01-11
1152553,2018-01-12
943063,2018-01-13
967573,2018-01-14
952991,2018-01-15
999056,2018-01-16
1090512,2018-01-17
1053517,2018-01-18
1027739,2018-01-19
973522,2018-01-20
985139,2018-01-21
944978,2018-01-22
900239,2018-01-23
944565,2018-01-24
841497,2018-01-25
807944,2018-01-26
870574,2018-01-27
768035,2018-01-28
778138,2018-01-29
838805,2018-01-30
676270,2018-01-31
842398,2018-02-01
854253,2018-02-02
714655,2018-02-03
720904,2018-02-04
903239,2018-02-05
999110,2018-02-06
814500,2018-02-07
746341,2018-02-08
775346,2018-02-09
741833,2018-02-10
818411,2018-02-11
914734,2018-02-12
852822,2018-02-13
937579,2018-02-14
788513,2018-02-15
773217,2018-02-16
770441,2018-02-17
730164,2018-02-18
849880,2018-02-19
714634,2018-02-20
705377,2018-02-21
713584,2018-02-22
739558,2018-02-23
704052,2018-02-24
528643,2018-02-25
669611,2018-02-26
713393,2018-02-27
806090,2018-02-28
819973,2018-03-01
749016,2018-03-02
930019,2018-03-03
802165,2018-03-04
850558,2018-03-05
836883,2018-03-06
917543,2018-03-07
915691,2018-03-08
881619,2018-03-09
810961,2018-03-10
884558,2018-03-11
844766,2018-03-12
764096,2018-03-13
574881,2018-03-14
617134,2018-03-15
593929,2018-03-16
460732,2018-03-17
534900,2018-03-18
582453,2018-03-19
568358,2018-03-20
573430,2018-03-21
595109,2018-03-22
624132,2018-03-23
538024,2018-03-24
442835,2018-03-25
584451,2018-03-26
602492,2018-03-27
543729,2018-03-28
565338,2018-03-29
570293,2018-03-30
479741,2018-03-31
423275,2018-04-01
494663,2018-04-02
594093,2018-04-03
567822,2018-04-04
536152,2018-04-05
640370,2018-04-06
499520,2018-04-07
404612,2018-04-08
543827,2018-04-09
565720,2018-04-10
539435,2018-04-11
617401,2018-04-12
646928,2018-04-13
493652,2018-04-14
587008,2018-04-15
738311,2018-04-16
608580,2018-04-17
589411,2018-04-18
644586,2018-04-19
653011,2018-04-20
620004,2018-04-21
509549,2018-04-22
642648,2018-04-23
774308,2018-04-24
688526,2018-04-25
660410,2018-04-26
675792,2018-04-27
562244,2018-04-28
541887,2018-04-29
642123,2018-04-30
632638,2018-05-01
683381,2018-05-02
663164,2018-05-03
695589,2018-05-04
625684,2018-05-05
533400,2018-05-06
660188,2018-05-07
664930,2018-05-08
612043,2018-05-09
617381,2018-05-10
758779,2018-05-11
588527,2018-05-12
483616,2018-05-13
636140,2018-05-14
640168,2018-05-15
604416,2018-05-16
629495,2018-05-17
703262,2018-05-18
514447,2018-05-19
475729,2018-05-20
622910,2018-05-21
588204,2018-05-22
640753,2018-05-23
569796,2018-05-24
618168,2018-05-25
467745,2018-05-26
442455,2018-05-27
589209,2018-05-28
604750,2018-05-29
592855,2018-05-30
627718,2018-05-31
692408,2018-06-01
521898,2018-06-02
531451,2018-06-03
702896,2018-06-04
655687,2018-06-05
650992,2018-06-06
634092,2018-06-07
648968,2018-06-08
492405,2018-06-09
529717,2018-06-10
587718,2018-06-11
654018,2018-06-12
658191,2018-06-13
583184,2018-06-14
629239,2018-06-15
442336,2018-06-16
435995,2018-06-17
574863,2018-06-18
621660,2018-06-19
584946,2018-06-20
562477,2018-06-21
618787,2018-06-22
483219,2018-06-23
456881,2018-06-24
614024,2018-06-25
612971,2018-06-26
589272,2018-06-27
555073,2018-06-28
589840,2018-06-29
567354,2018-06-30
483601,2018-07-01
638224,2018-07-02
659182,2018-07-03
609463,2018-07-04
545411,2018-07-05
647671,2018-07-06
473890,2018-07-07
492247,2018-07-08
626876,2018-07-09
665924,2018-07-10
616206,2018-07-11
944160,2018-07-12
933530,2018-07-13
809614,2018-07-14
509919,2018-07-15
583682,2018-07-16
688516,2018-07-17
770646,2018-07-18
636735,2018-07-19
651798,2018-07-20
505453,2018-07-21
458197,2018-07-22
711244,2018-07-23
718783,2018-07-24
776373,2018-07-25
639884,2018-07-26
717386,2018-07-27
564042,2018-07-28
484415,2018-07-29
636111,2018-07-30
689933,2018-07-31
705701,2018-08-01
633985,2018-08-02
688864,2018-08-03
542806,2018-08-04
495708,2018-08-05
654365,2018-08-06
706475,2018-08-07
649542,2018-08-08
629818,2018-08-09
658349,2018-08-10
525905,2018-08-11
477808,2018-08-12
611686,2018-08-13
656986,2018-08-14
680291,2018-08-15
620626,2018-08-16
652800,2018-08-17
502003,2018-08-18
514081,2018-08-19
623584,2018-08-20
589558,2018-08-21
637962,2018-08-22
569143,2018-08-23
632119,2018-08-24
548589,2018-08-25
502401,2018-08-26
664754,2018-08-27
663712,2018-08-28
669393,2018-08-29
621109,2018-08-30
650921,2018-08-31
564618,2018-09-01
495862,2018-09-02
613203,2018-09-03
629613,2018-09-04
663893,2018-09-05
666432,2018-09-06
689969,2018-09-07
546132,2018-09-08
506822,2018-09-09
614032,2018-09-10
651085,2018-09-11
599341,2018-09-12
607968,2018-09-13
620756,2018-09-14
558326,2018-09-15
470014,2018-09-16
631051,2018-09-17
638226,2018-09-18
631534,2018-09-19
628575,2018-09-20
715374,2018-09-21
562396,2018-09-22
507611,2018-09-23
614666,2018-09-24
648239,2018-09-25
628106,2018-09-26
633984,2018-09-27
673169,2018-09-28
552193,2018-09-29
532057,2018-09-30
672466,2018-10-01
678534,2018-10-02
693998,2018-10-03
642385,2018-10-04
688104,2018-10-05
588469,2018-10-06
598247,2018-10-07
646069,2018-10-08
621377,2018-10-09
642587,2018-10-10
686801,2018-10-11
693357,2018-10-12
573900,2018-10-13
524073,2018-10-14
699161,2018-10-15
678710,2018-10-16
673355,2018-10-17
654562,2018-10-18
685189,2018-10-19
593948,2018-10-20
554343,2018-10-21
676886,2018-10-22
683472,2018-10-23
637730,2018-10-24
659213,2018-10-25
691989,2018-10-26
580044,2018-10-27
560468,2018-10-28
708277,2018-10-29
697593,2018-10-30
707280,2018-10-31
692491,2018-11-01
769107,2018-11-02
641836,2018-11-03
619053,2018-11-04
712966,2018-11-05
694045,2018-11-06
705096,2018-11-07
700109,2018-11-08
704782,2018-11-09
595431,2018-11-10
590374,2018-11-11
683380,2018-11-12
650636,2018-11-13
727941,2018-11-14
719899,2018-11-15
713928,2018-11-16
594720,2018-11-17
549202,2018-11-18
674496,2018-11-19
768688,2018-11-20
628170,2018-11-21
656422,2018-11-22
639956,2018-11-23
579231,2018-11-24
569046,2018-11-25
633473,2018-11-26
643303,2018-11-27
617607,2018-11-28
614236,2018-11-29
596001,2018-11-30
591450,2018-12-01
507836,2018-12-02
576348,2018-12-03
679707,2018-12-04
602408,2018-12-05
655300,2018-12-06
663545,2018-12-07
533709,2018-12-08
516271,2018-12-09
620281,2018-12-10
622306,2018-12-11
626580,2018-12-12
642762,2018-12-13
696382,2018-12-14
598783,2018-12-15
536369,2018-12-16
696308,2018-12-17
649663,2018-12-18
708704,2018-12-19
649990,2018-12-20
660839,2018-12-21
552658,2018-12-22
522599,2018-12-23
582347,2018-12-24
489953,2018-12-25
544456,2018-12-26
617811,2018-12-27
639451,2018-12-28
569946,2018-12-29
535608,2018-12-30
553993,2018-12-31
430421,2019-01-01
585888,2019-01-02
602487,2019-01-03
588143,2019-01-04
510108,2019-01-05
513094,2019-01-06
605722,2019-01-07
618858,2019-01-08
615693,2019-01-09
646786,2019-01-10
623732,2019-01-11
511629,2019-01-12
484995,2019-01-13
599565,2019-01-14
618207,2019-01-15
653009,2019-01-16
610155,2019-01-17
625350,2019-01-18
526843,2019-01-19
514495,2019-01-20
596512,2019-01-21
598604,2019-01-22
681835,2019-01-23
631256,2019-01-24
627179,2019-01-25
585758,2019-01-26
496605,2019-01-27
636796,2019-01-28
626782,2019-01-29
609602,2019-01-30
640456,2019-01-31
665415,2019-02-01
554215,2019-02-02
521476,2019-02-03
616372,2019-02-04
650498,2019-02-05
687619,2019-02-06
647015,2019-02-07
694282,2019-02-08
564086,2019-02-09
495935,2019-02-10
692066,2019-02-11
826410,2019-02-12
765345,2019-02-13
618703,2019-02-14
618553,2019-02-15
604952,2019-02-16
522919,2019-02-17
684675,2019-02-18
715469,2019-02-19
694092,2019-02-20
648082,2019-02-21
739321,2019-02-22
570604,2019-02-23
569543,2019-02-24
670193,2019-02-25
704073,2019-02-26
679215,2019-02-27
692856,2019-02-28
723753,2019-03-01
631284,2019-03-02
555616,2019-03-03
681621,2019-03-04
706748,2019-03-05
738110,2019-03-06
689202,2019-03-07
711508,2019-03-08
601872,2019-03-09
521885,2019-03-10
750665,2019-03-11
699020,2019-03-12
716425,2019-03-13
741453,2019-03-14
719155,2019-03-15
612907,2019-03-16
538878,2019-03-17
716932,2019-03-18
750460,2019-03-19
738360,2019-03-20
708212,2019-03-21
722817,2019-03-22
583493,2019-03-23
559556,2019-03-24
716713,2019-03-25
686290,2019-03-26
783494,2019-03-27
768228,2019-03-28
764547,2019-03-29
684555,2019-03-30
625975,2019-03-31
690259,2019-04-01
887936,2019-04-02
856229,2019-04-03
806470,2019-04-04
883934,2019-04-05
677527,2019-04-06
621921,2019-04-07
776675,2019-04-08
777610,2019-04-09
779763,2019-04-10
813435,2019-04-11
772966,2019-04-12
595840,2019-04-13
594251,2019-04-14
775820,2019-04-15
772119,2019-04-16
748387,2019-04-17
744209,2019-04-18
791178,2019-04-19
688991,2019-04-20
683505,2019-04-21
645228,2019-04-22
715607,2019-04-23
880285,2019-04-24
754024,2019-04-25
769113,2019-04-26
614072,2019-04-27
594392,2019-04-28
793473,2019-04-29
837456,2019-04-30
765604,2019-05-01
790956,2019-05-02
803527,2019-05-03
660279,2019-05-04
617817,2019-05-05
769259,2019-05-06
759338,2019-05-07
839325,2019-05-08
826107,2019-05-09
784376,2019-05-10
775117,2019-05-11
824689,2019-05-12
876055,2019-05-13
902398,2019-05-14
877504,2019-05-15
882365,2019-05-16
907019,2019-05-17
855034,2019-05-18
748597,2019-05-19
833737,2019-05-20
885561,2019-05-21
872867,2019-05-22
833099,2019-05-23
860949,2019-05-24
712797,2019-05-25
663726,2019-05-26
880055,2019-05-27
952536,2019-05-28
894459,2019-05-29
854097,2019-05-30
769523,2019-05-31
851562,2019-06-01
692245,2019-06-02
731823,2019-06-03
907738,2019-06-04
873784,2019-06-05
818973,2019-06-06
859425,2019-06-07
632781,2019-06-08
576532,2019-06-09
801669,2019-06-10
839864,2019-06-11
796273,2019-06-12
896245,2019-06-13
1033161,2019-06-14
862359,2019-06-15
697132,2019-06-16
797791,2019-06-17
951750,2019-06-18
902828,2019-06-19
827045,2019-06-20
840325,2019-06-21
846355,2019-06-22
894868,2019-06-23
967255,2019-06-24
914848,2019-06-25
1038136,2019-06-26
891780,2019-06-27
1008346,2019-06-28
853696,2019-06-29
672866,2019-06-30
834130,2019-07-01
896379,2019-07-02
894222,2019-07-03
822472,2019-07-04
820564,2019-07-05
679451,2019-07-06
604462,2019-07-07
830641,2019-07-08
819092,2019-07-09
798530,2019-07-10
777665,2019-07-11
907396,2019-07-12
656413,2019-07-13
592137,2019-07-14
757224,2019-07-15
786194,2019-07-16
740525,2019-07-17
740073,2019-07-18
741186,2019-07-19
719964,2019-07-20
542497,2019-07-21
705998,2019-07-22
711417,2019-07-23
718472,2019-07-24
777034,2019-07-25
754318,2019-07-26
586276,2019-07-27
530854,2019-07-28
725272,2019-07-29
744128,2019-07-30
777275,2019-07-31
760270,2019-08-01
775871,2019-08-02
625752,2019-08-03
583090,2019-08-04
795977,2019-08-05
858659,2019-08-06
809600,2019-08-07
820878,2019-08-08
749819,2019-08-09
613410,2019-08-10
547301,2019-08-11
644673,2019-08-12
874339,2019-08-13
761105,2019-08-14
713750,2019-08-15
693280,2019-08-16
572530,2019-08-17
534664,2019-08-18
700839,2019-08-19
751182,2019-08-20
770008,2019-08-21
826528,2019-08-22
790325,2019-08-23
701303,2019-08-24
521392,2019-08-25
747731,2019-08-26
728425,2019-08-27
712996,2019-08-28
735858,2019-08-29
729202,2019-08-30
605832,2019-08-31
566095,2019-09-01
725190,2019-09-02
799876,2019-09-03
747323,2019-09-04
736083,2019-09-05
789909,2019-09-06
617434,2019-09-07
568182,2019-09-08
765860,2019-09-09
807312,2019-09-10
795962,2019-09-11
749283,2019-09-12
761736,2019-09-13
658997,2019-09-14
562231,2019-09-15
773301,2019-09-16
783191,2019-09-17
859194,2019-09-18
731756,2019-09-19
731501,2019-09-20
644721,2019-09-21
596339,2019-09-22
724605,2019-09-23
836545,2019-09-24
799467,2019-09-25
747707,2019-09-26
701097,2019-09-27
629977,2019-09-28
560909,2019-09-29
740476,2019-09-30
772736,2019-10-01
714450,2019-10-02
704746,2019-10-03
712814,2019-10-04
633812,2019-10-05
563657,2019-10-06
736366,2019-10-07
719570,2019-10-08
700138,2019-10-09
733529,2019-10-10
726799,2019-10-11
590435,2019-10-12
541134,2019-10-13
693478,2019-10-14
707902,2019-10-15
737755,2019-10-16
727633,2019-10-17
675687,2019-10-18
632136,2019-10-19
568261,2019-10-20
736587,2019-10-21
725908,2019-10-22
744124,2019-10-23
713976,2019-10-24
789545,2019-10-25
767830,2019-10-26
591948,2019-10-27
752667,2019-10-28
727812,2019-10-29
725866,2019-10-30
703136,2019-10-31
795073,2019-11-01
630458,2019-11-02
626683,2019-11-03
743527,2019-11-04
792806,2019-11-05
837366,2019-11-06
786049,2019-11-07
723601,2019-11-08
728794,2019-11-09
585403,2019-11-10
698259,2019-11-11
678947,2019-11-12
761872,2019-11-13
748620,2019-11-14
764270,2019-11-15
681643,2019-11-16
596015,2019-11-17
687888,2019-11-18
831638,2019-11-19
701261,2019-11-20
793352,2019-11-21
808615,2019-11-22
673384,2019-11-23
559885,2019-11-24
665242,2019-11-25
785860,2019-11-26
827222,2019-11-27
703993,2019-11-28
735141,2019-11-29
677647,2019-11-30
607728,2019-12-01
736971,2019-12-02
753755,2019-12-03
758374,2019-12-04
730609,2019-12-05
743966,2019-12-06
658975,2019-12-07
587605,2019-12-08
784032,2019-12-09
803298,2019-12-10
793438,2019-12-11
723507,2019-12-12
729489,2019-12-13
630769,2019-12-14
645544,2019-12-15
793627,2019-12-16
891036,2019-12-17
743776,2019-12-18
728845,2019-12-19
711782,2019-12-20
621619,2019-12-21
586698,2019-12-22
706457,2019-12-23
668278,2019-12-24
543218,2019-12-25
639346,2019-12-26
706108,2019-12-27
630081,2019-12-28
587285,2019-12-29
730520,2019-12-30
669834,2019-12-31
522161,2020-01-01
678389,2020-01-02
712208,2020-01-03
615785,2020-01-04
596336,2020-01-05
724303,2020-01-06
771654,2020-01-07
745781,2020-01-08
780267,2020-01-09
784612,2020-01-10
655704,2020-01-11
590366,2020-01-12
682403,2020-01-13
852442,2020-01-14
769961,2020-01-15
741776,2020-01-16
757448,2020-01-17
634559,2020-01-18
636694,2020-01-19
736438,2020-01-20
757020,2020-01-21
783825,2020-01-22
768892,2020-01-23
733013,2020-01-24
650857,2020-01-25
573738,2020-01-26
702915,2020-01-27
823221,2020-01-28
776159,2020-01-29
763783,2020-01-30
772889,2020-01-31
720033,2020-02-01
727237,2020-02-02
864995,2020-02-03
768226,2020-02-04
837536,2020-02-05
749129,2020-02-06
868589,2020-02-07
723079,2020-02-08
686022,2020-02-09
708218,2020-02-10
892362,2020-02-11
813659,2020-02-12
829739,2020-02-13
729015,2020-02-14
755095,2020-02-15
639998,2020-02-16
776163,2020-02-17
784418,2020-02-18
791501,2020-02-19
766663,2020-02-20
770775,2020-02-21
677136,2020-02-22
608575,2020-02-23
759274,2020-02-24
736782,2020-02-25
773379,2020-02-26
779052,2020-02-27
797710,2020-02-28
673533,2020-02-29
671761,2020-03-01
822598,2020-03-02
838607,2020-03-03
875551,2020-03-04
790406,2020-03-05
806400,2020-03-06
680471,2020-03-07
643994,2020-03-08
812717,2020-03-09
815210,2020-03-10
717216,2020-03-11
917471,2020-03-12
781820,2020-03-13
765687,2020-03-14
643413,2020-03-15
729759,2020-03-16
759832,2020-03-17
629262,2020-03-18
713003,2020-03-19
735358,2020-03-20
659064,2020-03-21
553438,2020-03-22
681608,2020-03-23
732064,2020-03-24
591886,2020-03-25
882424,2020-03-26
839420,2020-03-27
625437,2020-03-28
579529,2020-03-29
777776,2020-03-30
821826,2020-03-31
808466,2020-04-01
803862,2020-04-02
754391,2020-04-03
655944,2020-04-04
596650,2020-04-05
771478,2020-04-06
945739,2020-04-07
776631,2020-04-08
724013,2020-04-09
739563,2020-04-10
632958,2020-04-11
606014,2020-04-12
778331,2020-04-13
826328,2020-04-14
934898,2020-04-15
869689,2020-04-16
849149,2020-04-17
865591,2020-04-18
710287,2020-04-19
851022,2020-04-20
816156,2020-04-21
748473,2020-04-22
942804,2020-04-23
895121,2020-04-24
826116,2020-04-25
706083,2020-04-26
874525,2020-04-27
932431,2020-04-28
910172,2020-04-29
949644,2020-04-30
944666,2020-05-01
989265,2020-05-02
906303,2020-05-03
893441,2020-05-04
971843,2020-05-05
974460,2020-05-06
1011686,2020-05-07
952933,2020-05-08
913693,2020-05-09
872989,2020-05-10
990652,2020-05-11
958679,2020-05-12
854774,2020-05-13
881291,2020-05-14
896252,2020-05-15
879025,2020-05-16
769750,2020-05-17
964198,2020-05-18
890223,2020-05-19
876740,2020-05-20
922394,2020-05-21
797305,2020-05-22
849483,2020-05-23
808246,2020-05-24
822993,2020-05-25
869806,2020-05-26
906216,2020-05-27
866823,2020-05-28
851432,2020-05-29
904549,2020-05-30
793684,2020-05-31
880913,2020-06-01
896076,2020-06-02
954694,2020-06-03
902323,2020-06-04
913734,2020-06-05
776327,2020-06-06
687125,2020-06-07
967877,2020-06-08
928286,2020-06-09
907694,2020-06-10
1040244,2020-06-11
918557,2020-06-12
809571,2020-06-13
688457,2020-06-14
866381,2020-06-15
984144,2020-06-16
924725,2020-06-17
848162,2020-06-18
952289,2020-06-19
769116,2020-06-20
713559,2020-06-21
837546,2020-06-22
1035740,2020-06-23
927350,2020-06-24
890832,2020-06-25
934301,2020-06-26
773653,2020-06-27
687102,2020-06-28
942479,2020-06-29
930947,2020-06-30
1083560,2020-07-01
959779,2020-07-02
945290,2020-07-03
805239,2020-07-04
765083,2020-07-05
993234,2020-07-06
970595,2020-07-07
1016230,2020-07-08
1041612,2020-07-09
983992,2020-07-10
879028,2020-07-11
744442,2020-07-12
907516,2020-07-13
1003311,2020-07-14
966101,2020-07-15
969556,2020-07-16
854365,2020-07-17
890794,2020-07-18
874306,2020-07-19
939131,2020-07-20
923962,2020-07-21
1019885,2020-07-22
983786,2020-07-23
1081594,2020-07-24
973431,2020-07-25
997864,2020-07-26
1021507,2020-07-27
1055931,2020-07-28
1044212,2020-07-29
968137,2020-07-30
1061450,2020-07-31
958501,2020-08-01
952139,2020-08-02
1080027,2020-08-03
995793,2020-08-04
955267,2020-08-05
1126574,2020-08-06
1051823,2020-08-07
950893,2020-08-08
905675,2020-08-09
972713,2020-08-10
1086937,2020-08-11
1057496,2020-08-12
946682,2020-08-13
1089021,2020-08-14
975738,2020-08-15
886141,2020-08-16
882274,2020-08-17
1017000,2020-08-18
979271,2020-08-19
997642,2020-08-20
1090642,2020-08-21
955069,2020-08-22
914510,2020-08-23
933466,2020-08-24
953512,2020-08-25
1032469,2020-08-26
954570,2020-08-27
1080162,2020-08-28
974894,2020-08-29
829974,2020-08-30
924450,2020-08-31
1082535,2020-09-01
1027531,2020-09-02
980455,2020-09-03
1008086,2020-09-04
980198,2020-09-05
992013,2020-09-06
1088277,2020-09-07
980353,2020-09-08
965163,2020-09-09
1097735,2020-09-10
961910,2020-09-11
900116,2020-09-12
791790,2020-09-13
1023199,2020-09-14
969276,2020-09-15
1068295,2020-09-16
1108815,2020-09-17
972237,2020-09-18
901620,2020-09-19
806731,2020-09-20
945405,2020-09-21
970777,2020-09-22
1016908,2020-09-23
945647,2020-09-24
1148102,2020-09-25
951444,2020-09-26
786821,2020-09-27
872091,2020-09-28
1004377,2020-09-29
1118924,2020-09-30
931035,2020-10-01
988342,2020-10-02
1013409,2020-10-03
917208,2020-10-04
945304,2020-10-05
978432,2020-10-06
1065070,2020-10-07
1039051,2020-10-08
1007255,2020-10-09
914127,2020-10-10
794421,2020-10-11
940761,2020-10-12
1058038,2020-10-13
938238,2020-10-14
1040530,2020-10-15
988347,2020-10-16
847031,2020-10-17
730443,2020-10-18
932629,2020-10-19
1012545,2020-10-20
1010640,2020-10-21
1048140,2020-10-22
986593,2020-10-23
1097103,2020-10-24
853439,2020-10-25
824530,2020-10-26
827571,2020-10-27
818951,2020-10-28
890319,2020-10-29
897886,2020-10-30
882386,2020-10-31
891906,2020-11-01
778647,2020-11-02
1033207,2020-11-03
1169309,2020-11-04
1069905,2020-11-05
1084923,2020-11-06
1053457,2020-11-07
926623,2020-11-08
1201530,2020-11-09
1023175,2020-11-10
1017124,2020-11-11
1050339,2020-11-12
1001899,2020-11-13
916241,2020-11-14
859865,2020-11-15
1036960,2020-11-16
1134731,2020-11-17
1187942,2020-11-18
1058686,2020-11-19
1182433,2020-11-20
1018142,2020-11-21
866476,2020-11-22
1002381,2020-11-23
1057090,2020-11-24
1129773,2020-11-25
1119867,2020-11-26
1098290,2020-11-27
1043272,2020-11-28
884127,2020-11-29
889631,2020-11-30
1170489,2020-12-01
1018301,2020-12-02
1169699,2020-12-03
1073944,2020-12-04
1074607,2020-12-05
911079,2020-12-06
1014436,2020-12-07
1060847,2020-12-08
1058484,2020-12-09
993039,2020-12-10
1075098,2020-12-11
963457,2020-12-12
943850,2020-12-13
978879,2020-12-14
1047008,2020-12-15
1093051,2020-12-16
1068910,2020-12-17
1193436,2020-12-18
1165894,2020-12-19
1078245,2020-12-20
1125440,2020-12-21
1099356,2020-12-22
1131834,2020-12-23
972137,2020-12-24
1025877,2020-12-25
949564,2020-12-26
1060060,2020-12-27
1144968,2020-12-28
1150742,2020-12-29
1215755,2020-12-30
1203670,2020-12-31
996185,2021-01-01
1138629,2021-01-02
1188455,2021-01-03
1274837,2021-01-04
1234388,2021-01-05
1343925,2021-01-06
1291311,2021-01-07
1235786,2021-01-08
1099488,2021-01-09
1179133,2021-01-10
1206924,2021-01-11
1209828,2021-01-12
1164124,2021-01-13
1166577,2021-01-14
1204500,2021-01-15
1114559,2021-01-16
1008693,2021-01-17
1082372,2021-01-18
1101148,2021-01-19
1092192,2021-01-20
1071960,2021-01-21
1098278,2021-01-22
1135763,2021-01-23
999628,2021-01-24
1118494,2021-01-25
1180046,2021-01-26
1102166,2021-01-27
1097507,2021-01-28
1213499,2021-01-29
1085205,2021-01-30
1076382,2021-01-31
981055,2021-02-01
1211752,2021-02-02
1189214,2021-02-03
1229548,2021-02-04
1256476,2021-02-05
1159379,2021-02-06
1151228,2021-02-07
1243510,2021-02-08
1179899,2021-02-09
1185257,2021-02-10
1063760,2021-02-11
1149349,2021-02-12
1220382,2021-02-13
1114648,2021-02-14
1142365,2021-02-15
991949,2021-02-16
1138578,2021-02-17
1138749,2021-02-18
1246492,2021-02-19
1189473,2021-02-20
1041988,2021-02-21
1094537,2021-02-22
1058640,2021-02-23
1236724,2021-02-24
1215092,2021-02-25
1120909,2021-02-26
1200757,2021-02-27
1029351,2021-02-28
1085598,2021-03-01
1130624,2021-03-02
1182143,2021-03-03
1042700,2021-03-04
1164409,2021-03-05
1128229,2021-03-06
1046342,2021-03-07
1170132,2021-03-08
1087019,2021-03-09
1178317,2021-03-10
1082302,2021-03-11
1184494,2021-03-12
1110678,2021-03-13
1162437,2021-03-14
1165695,2021-03-15
1161554,2021-03-16
1122028,2021-03-17
1210089,2021-03-18
1162151,2021-03-19
1136341,2021-03-20
1101138,2021-03-21
1145945,2021-03-22
1237240,2021-03-23
1157951,2021-03-24
1206997,2021-03-25
1094369,2021-03-26
1149816,2021-03-27
1070209,2021-03-28
1116526,2021-03-29
1150659,2021-03-30
1245144,2021-03-31
1137569,2021-04-01
1105972,2021-04-02
1024869,2021-04-03
1037268,2021-04-04
1222960,2021-04-05
1191968,2021-04-06
1242646,2021-04-07
1095108,2021-04-08
1223061,2021-04-09
1160194,2021-04-10
1049537,2021-04-11
1123911,2021-04-12
1173971,2021-04-13
1152026,2021-04-14
1362772,2021-04-15
935901,2021-04-16
839763,2021-04-17
1046276,2021-04-18
886612,2021-04-19
1123398,2021-04-20
923285,2021-04-21
1120297,2021-04-22
1117120,2021-04-23
1123928,2021-04-24
1027842,2021-04-25
944636,2021-04-26
1092426,2021-04-27
1115067,2021-04-28
993067,2021-04-29
1116454,2021-04-30
1048160,2021-05-01
1243794,2021-05-02
1266258,2021-05-03
1288579,2021-05-04
1210509,2021-05-05
1236912,2021-05-06
1188292,2021-05-07
1172100,2021-05-08
1236396,2021-05-09
1312244,2021-05-10
1244507,2021-05-11
1262001,2021-05-12
1188824,2021-05-13
1069157,2021-05-14
960850,2021-05-15
974654,2021-05-16
958096,2021-05-17
855445,2021-05-18
1025222,2021-05-19
943399,2021-05-20
947763,2021-05-21
917809,2021-05-22
963617,2021-05-23
972307,2021-05-24
972843,2021-05-25
940638,2021-05-26
863220,2021-05-27
968617,2021-05-28
870412,2021-05-29
992251,2021-05-30
977195,2021-05-31
917350,2021-06-01
1082866,2021-06-02
1016677,2021-06-03
916649,2021-06-04
772676,2021-06-05
715945,2021-06-06
907287,2021-06-07
1002115,2021-06-08
815580,2021-06-09
942997,2021-06-10
887269,2021-06-11
1009281,2021-06-12
798364,2021-06-13
950559,2021-06-14
982683,2021-06-15
951330,2021-06-16
864257,2021-06-17
816930,2021-06-18
693944,2021-06-19
651962,2021-06-20
823420,2021-06-21
774368,2021-06-22
853826,2021-06-23
859113,2021-06-24
864243,2021-06-25
714968,2021-06-26
505304,2021-06-27
787767,2021-06-28
800649,2021-06-29
775112,2021-06-30
831216,2021-07-01
809796,2021-07-02
1022345,2021-07-03
850487,2021-07-04
920363,2021-07-05
838259,2021-07-06
812872,2021-07-07
800764,2021-07-08
841432,2021-07-09
699110,2021-07-10
712209,2021-07-11
821406,2021-07-12
812750,2021-07-13
819548,2021-07-14
833325,2021-07-15
764274,2021-07-16
641135,2021-07-17
639759,2021-07-18
843756,2021-07-19
823987,2021-07-20
811197,2021-07-21
802115,2021-07-22
796273,2021-07-23
719166,2021-07-24
648141,2021-07-25
938934,2021-07-26
913236,2021-07-27
858727,2021-07-28
883068,2021-07-29
850131,2021-07-30
732366,2021-07-31
680265,2021-08-01
909833,2021-08-02
823250,2021-08-03
847181,2021-08-04
846775,2021-08-05
898784,2021-08-06
738950,2021-08-07
722854,2021-08-08
922226,2021-08-09
887847,2021-08-10
867549,2021-08-11
841064,2021-08-12
931278,2021-08-13
719718,2021-08-14
758312,2021-08-15
959281,2021-08-16
962788,2021-08-17
875665,2021-08-18
888598,2021-08-19
980833,2021-08-20
797177,2021-08-21
716074,2021-08-22
973845,2021-08-23
947463,2021-08-24
859733,2021-08-25
833554,2021-08-26
852657,2021-08-27
744762,2021-08-28
671281,2021-08-29
908058,2021-08-30
925828,2021-08-31
962156,2021-09-01
1019133,2021-09-02
1022475,2021-09-03
787625,2021-09-04
728703,2021-09-05
963749,2021-09-06
933123,2021-09-07
904568,2021-09-08
933427,2021-09-09
899437,2021-09-10
846303,2021-09-11
701511,2021-09-12
919275,2021-09-13
943637,2021-09-14
975677,2021-09-15
1030909,2021-09-16
940583,2021-09-17
820750,2021-09-18
711329,2021-09-19
1007721,2021-09-20
846833,2021-09-21
902632,2021-09-22
900353,2021-09-23
966513,2021-09-24
708405,2021-09-25
707232,2021-09-26
882993,2021-09-27
930149,2021-09-28
832649,2021-09-29
1068734,2021-09-30
955080,2021-10-01
963443,2021-10-02
802812,2021-10-03
1027970,2021-10-04
1042590,2021-10-05
893991,2021-10-06
1142992,2021-10-07
981483,2021-10-08
1008059,2021-10-09
793338,2021-10-10
1012013,2021-10-11
953513,2021-10-12
990555,2021-10-13
993265,2021-10-14
1023380,2021-10-15
944684,2021-10-16
827944,2021-10-17
985057,2021-10-18
1077630,2021-10-19
975443,2021-10-20
1135695,2021-10-21
974151,2021-10-22
814845,2021-10-23
743316,2021-10-24
1066072,2021-10-25
991113,2021-10-26
967880,2021-10-27
1048037,2021-10-28
1008766,2021-10-29
904757,2021-10-30
876544,2021-10-31
1073762,2021-11-01
1033022,2021-11-02
1052052,2021-11-03
1010855,2021-11-04
1043201,2021-11-05
826683,2021-11-06
835999,2021-11-07
992968,2021-11-08
1190255,2021-11-09
1033079,2021-11-10
1040709,2021-11-11
952499,2021-11-12
835461,2021-11-13
810270,2021-11-14
1070757,2021-11-15
1029838,2021-11-16
997978,2021-11-17
983663,2021-11-18
968315,2021-11-19
857699,2021-11-20
852963,2021-11-21
923541,2021-11-22
912653,2021-11-23
1084135,2021-11-24
979243,2021-11-25
1006720,2021-11-26
791045,2021-11-27
809960,2021-11-28
985176,2021-11-29
964145,2021-11-30
1061866,2021-12-01
1181761,2021-12-02
1009846,2021-12-03
966373,2021-12-04
966666,2021-12-05
1059561,2021-12-06
999907,2021-12-07
913412,2021-12-08
1110528,2021-12-09
934193,2021-12-10
810054,2021-12-11
738251,2021-12-12
970974,2021-12-13
963442,2021-12-14
1051997,2021-12-15
878403,2021-12-16
988097,2021-12-17
871404,2021-12-18
733442,2021-12-19
1008974,2021-12-20
1008682,2021-12-21
998609,2021-12-22
984080,2021-12-23
983337,2021-12-24
873731,2021-12-25
765412,2021-12-26
995958,2021-12-27
1049113,2021-12-28
1141226,2021-12-29
978725,2021-12-30
1109141,2021-12-31
694375,2022-01-01
740109,2022-01-02
930306,2022-01-03
971666,2022-01-04
1003510,2022-01-05
952415,2022-01-06
962002,2022-01-07
814244,2022-01-08
754003,2022-01-09
962240,2022-01-10
957020,2022-01-11
965914,2022-01-12
937691,2022-01-13
982328,2022-01-14
820635,2022-01-15
765413,2022-01-16
960693,2022-01-17
906734,2022-01-18
938096,2022-01-19
946889,2022-01-20
1024832,2022-01-21
990419,2022-01-22
757195,2022-01-23
965189,2022-01-24
887082,2022-01-25
877981,2022-01-26
904115,2022-01-27
946247,2022-01-28
821823,2022-01-29
773807,2022-01-30
994215,2022-01-31
1055745,2022-02-01
970469,2022-02-02
928406,2022-02-03
883929,2022-02-04
956393,2022-02-05
903487,2022-02-06
928016,2022-02-07
1017018,2022-02-08
1001233,2022-02-09
1025865,2022-02-10
980498,2022-02-11
1082033,2022-02-12
819265,2022-02-13
897280,2022-02-14
1014976,2022-02-15
922942,2022-02-16
931241,2022-02-17
943265,2022-02-18
851743,2022-02-19
738206,2022-02-20
877278,2022-02-21
900493,2022-02-22
856242,2022-02-23
951767,2022-02-24
935862,2022-02-25
809156,2022-02-26
784024,2022-02-27
972259,2022-02-28
1060620,2022-03-01
1097551,2022-03-02
1010962,2022-03-03
959692,2022-03-04
810397,2022-03-05
776309,2022-03-06
918501,2022-03-07
956336,2022-03-08
962981,2022-03-09
998219,2022-03-10
906209,2022-03-11
809421,2022-03-12
757855,2022-03-13
927612,2022-03-14
934358,2022-03-15
1011725,2022-03-16
1029364,2022-03-17
985409,2022-03-18
880579,2022-03-19
781592,2022-03-20
940209,2022-03-21
933695,2022-03-22
966656,2022-03-23
953657,2022-03-24
1076490,2022-03-25
830300,2022-03-26
811585,2022-03-27
1044765,2022-03-28
961641,2022-03-29
945205,2022-03-30
978678,2022-03-31
1067806,2022-04-01
945125,2022-04-02
803707,2022-04-03
983624,2022-04-04
948510,2022-04-05
920780,2022-04-06
937791,2022-04-07
926711,2022-04-08
805907,2022-04-09
749308,2022-04-10
979097,2022-04-11
994144,2022-04-12
944515,2022-04-13
913399,2022-04-14
891111,2022-04-15
796255,2022-04-16
749143,2022-04-17
927618,2022-04-18
945350,2022-04-19
969122,2022-04-20
985846,2022-04-21
947022,2022-04-22
857784,2022-04-23
808697,2022-04-24
1003040,2022-04-25
962955,2022-04-26
966324,2022-04-27
1010344,2022-04-28
1059467,2022-04-29
963800,2022-04-30
833207,2022-05-01
975505,2022-05-02
946401,2022-05-03
868865,2022-05-04
1172470,2022-05-05
1094075,2022-05-06
835360,2022-05-07
843809,2022-05-08
1039241,2022-05-09
978983,2022-05-10
1001186,2022-05-11
1041542,2022-05-12
1034811,2022-05-13
1095411,2022-05-14
1020330,2022-05-15
1093783,2022-05-16
1032046,2022-05-17
899195,2022-05-18
898884,2022-05-19
945111,2022-05-20
782486,2022-05-21
747920,2022-05-22
934684,2022-05-23
844589,2022-05-24
1028933,2022-05-25
905235,2022-05-26
931575,2022-05-27
789012,2022-05-28
753273,2022-05-29
937028,2022-05-30
996945,2022-05-31
965377,2022-06-01
953104,2022-06-02
942496,2022-06-03
776377,2022-06-04
738321,2022-06-05
953759,2022-06-06
941995,2022-06-07
890367,2022-06-08
913393,2022-06-09
905300,2022-06-10
846116,2022-06-11
757218,2022-06-12
1003064,2022-06-13
1094764,2022-06-14
1066750,2022-06-15
891220,2022-06-16
878369,2022-06-17
932604,2022-06-18
747844,2022-06-19
832112,2022-06-20
913653,2022-06-21
878930,2022-06-22
858245,2022-06-23
882642,2022-06-24
753077,2022-06-25
713899,2022-06-26
971913,2022-06-27
905925,2022-06-28
919727,2022-06-29
959406,2022-06-30
938506,2022-07-01
844689,2022-07-02
733814,2022-07-03
851822,2022-07-04
866450,2022-07-05
981504,2022-07-06
1004298,2022-07-07
943677,2022-07-08
779142,2022-07-09
707525,2022-07-10
835845,2022-07-11
942488,2022-07-12
808896,2022-07-13
988396,2022-07-14
951924,2022-07-15
788234,2022-07-16
724999,2022-07-17
871612,2022-07-18
994770,2022-07-19
917228,2022-07-20
961739,2022-07-21
850075,2022-07-22
773354,2022-07-23
731435,2022-07-24
902304,2022-07-25
959185,2022-07-26
887476,2022-07-27
1013646,2022-07-28
951475,2022-07-29
798790,2022-07-30
770320,2022-07-31
905240,2022-08-01
944066,2022-08-02
975996,2022-08-03
952767,2022-08-04
947161,2022-08-05
872623,2022-08-06
709667,2022-08-07
920985,2022-08-08
950231,2022-08-09
1030446,2022-08-10
1009711,2022-08-11
957723,2022-08-12
825124,2022-08-13
816285,2022-08-14
915144,2022-08-15
1029357,2022-08-16
911511,2022-08-17
1011016,2022-08-18
996153,2022-08-19
841218,2022-08-20
766402,2022-08-21
883700,2022-08-22
933682,2022-08-23
921154,2022-08-24
917686,2022-08-25
929085,2022-08-26
841408,2022-08-27
769424,2022-08-28
937529,2022-08-29
949540,2022-08-30
921959,2022-08-31
966750,2022-09-01
990950,2022-09-02
942684,2022-09-03
771504,2022-09-04
936073,2022-09-05
928333,2022-09-06
959092,2022-09-07
931909,2022-09-08
1033492,2022-09-09
895121,2022-09-10
859603,2022-09-11
984998,2022-09-12
947750,2022-09-13
985272,2022-09-14
953654,2022-09-15
933525,2022-09-16
930967,2022-09-17
774009,2022-09-18
912734,2022-09-19
963972,2022-09-20
910939,2022-09-21
862692,2022-09-22
983787,2022-09-23
808980,2022-09-24
790199,2022-09-25
927885,2022-09-26
951834,2022-09-27
861682,2022-09-28
883255,2022-09-29
988864,2022-09-30
879236,2022-10-01
837052,2022-10-02
985102,2022-10-03
933143,2022-10-04
889323,2022-10-05
938630,2022-10-06
941235,2022-10-07
815734,2022-10-08
771871,2022-10-09
912504,2022-10-10
897378,2022-10-11
872622,2022-10-12
946166,2022-10-13
980300,2022-10-14
858101,2022-10-15
762511,2022-10-16
872683,2022-10-17
884255,2022-10-18
922347,2022-10-19
889523,2022-10-20
924681,2022-10-21
830404,2022-10-22
804140,2022-10-23
919344,2022-10-24
826804,2022-10-25
1047801,2022-10-26
897118,2022-10-27
938666,2022-10-28
879976,2022-10-29
828664,2022-10-30
966406,2022-10-31
958203,2022-11-01
869389,2022-11-02
1010306,2022-11-03
947664,2022-11-04
928118,2022-11-05
820418,2022-11-06
914540,2022-11-07
1054932,2022-11-08
1072507,2022-11-09
1049740,2022-11-10
973167,2022-11-11
923197,2022-11-12
893651,2022-11-13
944810,2022-11-14
995573,2022-11-15
952974,2022-11-16
883284,2022-11-17
969825,2022-11-18
1107073,2022-11-19
1014757,2022-11-20
975224,2022-11-21
924458,2022-11-22
1058626,2022-11-23
996064,2022-11-24
979488,2022-11-25
891249,2022-11-26
852678,2022-11-27
936704,2022-11-28
961334,2022-11-29
938054,2022-11-30
1031857,2022-12-01
968652,2022-12-02
938567,2022-12-03
850022,2022-12-04
964308,2022-12-05
941696,2022-12-06
917748,2022-12-07
881178,2022-12-08
940989,2022-12-09
934091,2022-12-10
771021,2022-12-11
905907,2022-12-12
971587,2022-12-13
926679,2022-12-14
913909,2022-12-15
878240,2022-12-16
970994,2022-12-17
802964,2022-12-18
963245,2022-12-19
950700,2022-12-20
925060,2022-12-21
902277,2022-12-22
890498,2022-12-23
758584,2022-12-24
754287,2022-12-25
780210,2022-12-26
863063,2022-12-27
913238,2022-12-28
948443,2022-12-29
1069023,2022-12-30
843094,2022-12-31
716410,2023-01-01
848778,2023-01-02
981638,2023-01-03
921281,2023-01-04
934147,2023-01-05
949681,2023-01-06
802859,2023-01-07
769074,2023-01-08
980729,2023-01-09
1148026,2023-01-10
942820,2023-01-11
1047800,2023-01-12
1070790,2023-01-13
979919,2023-01-14
807130,2023-01-15
968069,2023-01-16
989706,2023-01-17
950804,2023-01-18
932856,2023-01-19
916261,2023-01-20
901756,2023-01-21
860526,2023-01-22
929248,2023-01-23
912474,2023-01-24
918905,2023-01-25
897667,2023-01-26
925230,2023-01-27
858455,2023-01-28
831149,2023-01-29
945025,2023-01-30
945813,2023-01-31
1051408,2023-02-01
1000897,2023-02-02
990335,2023-02-03
974262,2023-02-04
805332,2023-02-05
912840,2023-02-06
931451,2023-02-07
943317,2023-02-08
1071294,2023-02-09
914530,2023-02-10
881403,2023-02-11
874172,2023-02-12
968062,2023-02-13
909720,2023-02-14
991193,2023-02-15
1124110,2023-02-16
1049427,2023-02-17
1051881,2023-02-18
917926,2023-02-19
907647,2023-02-20
1012674,2023-02-21
940001,2023-02-22
1076083,2023-02-23
961535,2023-02-24
815174,2023-02-25
915659,2023-02-26
968784,2023-02-27
982769,2023-02-28
1084155,2023-03-01
941558,2023-03-02
1087113,2023-03-03
904505,2023-03-04
992659,2023-03-05
926604,2023-03-06
1064684,2023-03-07
893336,2023-03-08
927746,2023-03-09
991482,2023-03-10
972461,2023-03-11
888711,2023-03-12
992029,2023-03-13
1025648,2023-03-14
1012458,2023-03-15
891011,2023-03-16
1071885,2023-03-17
970052,2023-03-18
846573,2023-03-19
1020412,2023-03-20
983124,2023-03-21
941481,2023-03-22
913915,2023-03-23
885337,2023-03-24
908232,2023-03-25
836135,2023-03-26
1052916,2023-03-27
975220,2023-03-28
991338,2023-03-29
1017736,2023-03-30
1049777,2023-03-31
1064343,2023-04-01
1019864,2023-04-02
979563,2023-04-03
1136389,2023-04-04
977543,2023-04-05
1071976,2023-04-06
978096,2023-04-07
873788,2023-04-08
938691,2023-04-09
945987,2023-04-10
1158948,2023-04-11
1045335,2023-04-12
1019193,2023-04-13
1015607,2023-04-14
1051124,2023-04-15
837073,2023-04-16
986475,2023-04-17
1148674,2023-04-18
992471,2023-04-19
952585,2023-04-20
1035178,2023-04-21
920685,2023-04-22
841015,2023-04-23
981433,2023-04-24
904996,2023-04-25
891781,2023-04-26
895642,2023-04-27
952849,2023-04-28
809256,2023-04-29
780681,2023-04-30
931292,2023-05-01
814126,2023-05-02
963322,2023-05-03
903003,2023-05-04
830001,2023-05-05
765623,2023-05-06
566463,2023-05-07
690748,2023-05-08
760589,2023-05-09
898884,2023-05-10
836309,2023-05-11
814124,2023-05-12
728193,2023-05-13
844092,2023-05-14
816396,2023-05-15
812873,2023-05-16
841964,2023-05-17
819906,2023-05-18
910166,2023-05-19
743184,2023-05-20
778480,2023-05-21
832942,2023-05-22
853342,2023-05-23
867920,2023-05-24
934973,2023-05-25
962546,2023-05-26
890197,2023-05-27
872862,2023-05-28
907600,2023-05-29
958849,2023-05-30
937045,2023-05-31
921975,2023-06-01
986644,2023-06-02
872978,2023-06-03
899220,2023-06-04
883489,2023-06-05
1029694,2023-06-06
1001839,2023-06-07
973455,2023-06-08
1025807,2023-06-09
945583,2023-06-10
886475,2023-06-11
977367,2023-06-12
938290,2023-06-13
834070,2023-06-14
910956,2023-06-15
960689,2023-06-16
860155,2023-06-17
895644,2023-06-18
907908,2023-06-19
957553,2023-06-20
913381,2023-06-21
1005960,2023-06-22
950159,2023-06-23
1012001,2023-06-24
950430,2023-06-25
1009365,2023-06-26
963181,2023-06-27
835879,2023-06-28
981184,2023-06-29
1061640,2023-06-30
924734,2023-07-01
1010420,2023-07-02
961725,2023-07-03
962089,2023-07-04
968537,2023-07-05
973812,2023-07-06
1031613,2023-07-07
1004771,2023-07-08
978537,2023-07-09
928763,2023-07-10
930144,2023-07-11
951404,2023-07-12
872210,2023-07-13
1000413,2023-07-14
914987,2023-07-15
924113,2023-07-16
949974,2023-07-17
1015349,2023-07-18
960326,2023-07-19
902616,2023-07-20
855070,2023-07-21
924308,2023-07-22
894807,2023-07-23
941171,2023-07-24
940200,2023-07-25
1016639,2023-07-26
941587,2023-07-27
943124,2023-07-28
882402,2023-07-29
1011889,2023-07-30
914215,2023-07-31
986566,2023-08-01
1074827,2023-08-02
1033432,2023-08-03
914265,2023-08-04
990977,2023-08-05
978100,2023-08-06
950816,2023-08-07
874061,2023-08-08
1049622,2023-08-09
951634,2023-08-10
965646,2023-08-11
927760,2023-08-12
866049,2023-08-13
1002031,2023-08-14
1066825,2023-08-15
954839,2023-08-16
1052309,2023-08-17
1015743,2023-08-18
883031,2023-08-19
928256,2023-08-20
1004556,2023-08-21
925878,2023-08-22
932491,2023-08-23
948197,2023-08-24
919381,2023-08-25
919668,2023-08-26
803152,2023-08-27
876527,2023-08-28
1049062,2023-08-29
878543,2023-08-30
985934,2023-08-31
1026576,2023-09-01
967964,2023-09-02
868020,2023-09-03
921416,2023-09-04
938037,2023-09-05
1007828,2023-09-06
997523,2023-09-07
984799,2023-09-08
1109776,2023-09-09
1052750,2023-09-10
1113185,2023-09-11
1044082,2023-09-12
1047757,2023-09-13
1122036,2023-09-14
1238306,2023-09-15
1056644,2023-09-16
1041591,2023-09-17
1123470,2023-09-18
1025430,2023-09-19
1061420,2023-09-20
1080585,2023-09-21
981423,2023-09-22
1088267,2023-09-23
1055629,2023-09-24
1102608,2023-09-25
1024666,2023-09-26
1076065,2023-09-27
1035645,2023-09-28
1052806,2023-09-29
1016247,2023-09-30
930118,2023-10-01
1029634,2023-10-02
1083913,2023-10-03
884423,2023-10-04
949444,2023-10-05
915975,2023-10-06
862234,2023-10-07
785511,2023-10-08
955084,2023-10-09
905777,2023-10-10
863866,2023-10-11
896700,2023-10-12
916420,2023-10-13
827321,2023-10-14
776429,2023-10-15
1022117,2023-10-16
920616,2023-10-17
921172,2023-10-18
908800,2023-10-19
957371,2023-10-20
885801,2023-10-21
804373,2023-10-22
1049277,2023-10-23
1027083,2023-10-24
1082502,2023-10-25
1081619,2023-10-26
1057375,2023-10-27
1026023,2023-10-28
903733,2023-10-29
1102281,2023-10-30
1051008,2023-10-31
1040053,2023-11-01
1076137,2023-11-02
988773,2023-11-03
1119124,2023-11-04
1130168,2023-11-05
998832,2023-11-06
960705,2023-11-07
1004693,2023-11-08
998836,2023-11-09
1123644,2023-11-10
1070336,2023-11-11
1013484,2023-11-12
961145,2023-11-13
958538,2023-11-14
969434,2023-11-15
936920,2023-11-16
1017473,2023-11-17
866058,2023-11-18
958767,2023-11-19
1069195,2023-11-20
1002119,2023-11-21
981089,2023-11-22
964660,2023-11-23
1133318,2023-11-24
1028135,2023-11-25
977345,2023-11-26
970276,2023-11-27
991841,2023-11-28
925629,2023-11-29
965418,2023-11-30
1114221,2023-12-01
863649,2023-12-02
919515,2023-12-03
1038040,2023-12-04
863751,2023-12-05
868248,2023-12-06
908432,2023-12-07
938726,2023-12-08
970477,2023-12-09
870343,2023-12-10
1018706,2023-12-11
900090,2023-12-12
772645,2023-12-13
706250,2023-12-14
898938,2023-12-15
749152,2023-12-16
711845,2023-12-17
942326,2023-12-18
829180,2023-12-19
790156,2023-12-20
816014,2023-12-21
1015410,2023-12-22
907660,2023-12-23
931775,2023-12-24
706754,2023-12-25
744305,2023-12-26
775986,2023-12-27
849468,2023-12-28
919158,2023-12-29
798044,2023-12-30
783089,2023-12-31
835094,2024-01-01
881105,2024-01-02
960560,2024-01-03
1025260,2024-01-04
908052,2024-01-05
821476,2024-01-06
728196,2024-01-07
782552,2024-01-08
938139,2024-01-09
857481,2024-01-10
965121,2024-01-11
992491,2024-01-12
846255,2024-01-13
710706,2024-01-14
794551,2024-01-15
779556,2024-01-16
813893,2024-01-17
907049,2024-01-18
813488,2024-01-19
832831,2024-01-20
763831,2024-01-21
972445,2024-01-22
868686,2024-01-23
895435,2024-01-24
1102476,2024-01-25
908663,2024-01-26
981254,2024-01-27
900295,2024-01-28
962902,2024-01-29
912211,2024-01-30
872013,2024-01-31
947209,2024-02-01
931246,2024-02-02
817342,2024-02-03
806688,2024-02-04
853791,2024-02-05
861458,2024-02-06
908739,2024-02-07
816286,2024-02-08
962148,2024-02-09
960210,2024-02-10
857071,2024-02-11
1008347,2024-02-12
862277,2024-02-13
798443,2024-02-14
886603,2024-02-15
863328,2024-02-16
849945,2024-02-17
757604,2024-02-18
876727,2024-02-19
868597,2024-02-20
830556,2024-02-21
857744,2024-02-22
951494,2024-02-23
823594,2024-02-24
911413,2024-02-25
883238,2024-02-26
921901,2024-02-27
1044712,2024-02-28
1006418,2024-02-29
1067080,2024-03-01
845317,2024-03-02
865815,2024-03-03
901099,2024-03-04
1173826,2024-03-05
934096,2024-03-06
1036682,2024-03-07
959807,2024-03-08
942804,2024-03-09
877936,2024-03-10
1137780,2024-03-11
1040299,2024-03-12
1100602,2024-03-13
1005693,2024-03-14
968526,2024-03-15
932279,2024-03-16
870832,2024-03-17
909124,2024-03-18
993926,2024-03-19
949560,2024-03-20
821501,2024-03-21
901210,2024-03-22
922159,2024-03-23
909843,2024-03-24
915474,2024-03-25
874548,2024-03-26
874261,2024-03-27
944632,2024-03-28
849627,2024-03-29
832000,2024-03-30
697649,2024-03-31
956872,2024-04-01
956952,2024-04-02
965991,2024-04-03
971789,2024-04-04
954291,2024-04-05
916788,2024-04-06
837188,2024-04-07
894193,2024-04-08
899773,2024-04-09
849802,2024-04-10
747574,2024-04-11
830100,2024-04-12
865503,2024-04-13
847787,2024-04-14
811252,2024-04-15
942527,2024-04-16
791710,2024-04-17
825840,2024-04-18
893528,2024-04-19
506862,2024-04-20
571131,2024-04-21
674613,2024-04-22
530371,2024-04-23
829672,2024-04-24
816566,2024-04-25
846416,2024-04-26
870250,2024-04-27
702184,2024-04-28
845371,2024-04-29
847727,2024-04-30
788259,2024-05-01
756716,2024-05-02
725169,2024-05-03
623954,2024-05-04
588810,2024-05-05
669802,2024-05-06
709958,2024-05-07
694269,2024-05-08
685786,2024-05-09
614109,2024-05-10
616477,2024-05-11
574168,2024-05-12
735908,2024-05-13
690230,2024-05-14
735045,2024-05-15
690662,2024-05-16
749748,2024-05-17
637590,2024-05-18
654679,2024-05-19
703414,2024-05-20
750066,2024-05-21
717554,2024-05-22
725940,2024-05-23
661820,2024-05-24
614006,2024-05-25
543486,2024-05-26
609338,2024-05-27
654339,2024-05-28
559056,2024-05-29
646890,2024-05-30
692693,2024-05-31
