,Date,log_price,realized_volatility
20,2017-12-21,9.655026834263063,0.45928679900930575
21,2017-12-22,9.547511649925351,0.45924045636789584
22,2017-12-26,9.665512049622908,0.46213067944181124
23,2017-12-27,9.63984291874555,0.4615056020609501
24,2017-12-28,9.579837657208852,0.4666752514877805
25,2017-12-29,9.57080811415361,0.4648034882456881
26,2018-01-02,9.594169092476982,0.47761033218585813
27,2018-01-03,9.626126699245653,0.48254433931171514
28,2018-01-04,9.625337901843494,0.46703876547128087
29,2018-01-05,9.736724334658026,0.4646236203095849
30,2018-01-08,9.615804813417459,0.47866113495990825
31,2018-01-09,9.575227205861887,0.49294996305674194
32,2018-01-10,9.608446468860498,0.5062434940843934
33,2018-01-11,9.491287062583547,0.4597886452834852
34,2018-01-12,9.531075861539186,0.4642131151165998
35,2018-01-16,9.340169670298282,0.4647602880321764
36,2018-01-17,9.322896437460773,0.465853319746913
37,2018-01-18,9.327907384301206,0.4513442209967448
38,2018-01-19,9.354613861132608,0.38936373622224124
39,2018-01-22,9.288133474260812,0.3768602703211656
40,2018-01-23,9.292088086836984,0.3657586369847066
41,2018-01-24,9.341452841363395,0.3733890385901709
42,2018-01-25,9.319691514480263,0.4141702802859503
43,2018-01-26,9.314065050381526,0.4108251327965181
44,2018-01-29,9.320325975406925,0.4359060384734005
45,2018-01-30,9.207436158828793,0.43642652587867237
46,2018-01-31,9.225130457448818,0.44263665107709177
47,2018-02-01,9.104867627798749,0.47505270933064864
48,2018-02-02,9.08690979393109,0.4720651020532048
49,2018-02-05,8.835540735078903,0.5161814309805901
50,2018-02-06,8.953817115559302,0.5370007653397121
51,2018-02-07,8.934324648924358,0.5257815505698725
52,2018-02-08,9.019150810402826,0.5268356959464854
53,2018-02-09,9.070386111109007,0.5865667717789468
54,2018-02-12,9.093694189856862,0.5898749554334219
55,2018-02-13,9.050522497225822,0.5919337164910582
56,2018-02-14,9.158097152868763,0.6037066805427931
57,2018-02-15,9.212138753917563,0.6593398812471105
58,2018-02-16,9.229750765496005,0.667568551582235
59,2018-02-20,9.32664765257487,0.6873058291566727
60,2018-02-21,9.254299839476637,0.6969252927620309
61,2018-02-22,9.194550363346975,0.6955838626556708
62,2018-02-23,9.226813934669071,0.742572711282917
63,2018-02-26,9.242294361717036,0.7434867531306358
64,2018-02-27,9.265424970279735,0.7534346812685163
65,2018-02-28,9.241344730838874,0.7581100417345014
66,2018-03-01,9.296805182959154,0.7452610077265636
67,2018-03-02,9.308373205628824,0.7189630787755041
68,2018-03-05,9.343054931083023,0.7573985680521295
69,2018-03-06,9.280217119396356,0.7476591264008067
70,2018-03-07,9.201605332357381,0.7296124374428938
71,2018-03-08,9.136189937382483,0.7329822411120966
72,2018-03-09,9.130214327496898,0.7199342912826235
73,2018-03-12,9.118307316529219,0.6726239034969308
74,2018-03-13,9.120669461560647,0.666374196069448
75,2018-03-14,9.01148569322372,0.6763087411269654
76,2018-03-15,9.019791059843602,0.661320680624931
77,2018-03-16,9.019003095443997,0.6006742476803486
78,2018-03-19,9.059160441766048,0.595437210526606
79,2018-03-20,9.09425813913435,0.57521829228838
80,2018-03-21,9.093108559368456,0.5522373486424752
81,2018-03-22,9.071614942236156,0.5513085722254182
82,2018-03-23,9.096139786674827,0.4801380660643836
83,2018-03-26,9.005731487573286,0.49608364489634454
84,2018-03-27,8.960814343554494,0.4870700764034353
85,2018-03-28,8.978712177663393,0.4792596623006986
86,2018-03-29,8.866212102586008,0.4839839078467703
87,2018-04-02,8.86117430855605,0.49259927472624
88,2018-04-03,8.911431514349935,0.4236953721401836
89,2018-04-04,8.824670538195988,0.3889878583704639
90,2018-04-05,8.820505965477537,0.39013347407015325
91,2018-04-06,8.797598351245641,0.39188785787007935
92,2018-04-09,8.821747130088209,0.39105065004039585
93,2018-04-10,8.829909769225909,0.3994977935960581
94,2018-04-11,8.845192491014656,0.3989105994910768
95,2018-04-12,8.977623643677342,0.4129889923539528
96,2018-04-13,8.974228089016991,0.4246418168214291
97,2018-04-16,8.993197530336806,0.4575766672730898
98,2018-04-17,8.973461673920749,0.4683433300068009
99,2018-04-18,9.008571740669666,0.467093023941783
100,2018-04-19,9.020548179342576,0.4651540109252309
101,2018-04-20,9.089414904047302,0.4758239233167302
102,2018-04-23,9.099067971066573,0.4411343805253558
103,2018-04-24,9.174505918966966,0.42990257590705794
104,2018-04-25,9.089865090476087,0.3907848375104892
105,2018-04-26,9.135021821213925,0.4106146196398289
106,2018-04-27,9.096211526626501,0.42457593241432867
107,2018-04-30,9.13153198554799,0.4148175325419631
108,2018-05-01,9.112385698578949,0.41447346254772227
109,2018-05-02,9.129347212766652,0.4137407246398578
110,2018-05-03,9.183218887062136,0.4019494553694556
111,2018-05-04,9.179527493709912,0.393483657841291
112,2018-05-07,9.144149286105387,0.39823480101830117
113,2018-05-08,9.123440625119315,0.5006592114165042
114,2018-05-09,9.138682165924433,0.5081301307817078
115,2018-05-10,9.10730936313147,0.5112727097469754
116,2018-05-11,9.037345585325186,0.5018857192903095
117,2018-05-14,9.068126826877396,0.47428140465630947
118,2018-05-15,9.044874752306951,0.4691536920540833
119,2018-05-16,9.029608351200226,0.47719714708630656
120,2018-05-17,8.995540663784652,0.4880206672081318
121,2018-05-18,9.017831500250551,0.4743560075502931
122,2018-05-21,9.035005551001788,0.47861311345815366
123,2018-05-22,8.985204837981179,0.4732736214030118
124,2018-05-23,8.923043558635912,0.48685325142405805
125,2018-05-24,8.93417571868472,0.48140685692502516
126,2018-05-25,8.918808230845785,0.4675053558259919
127,2018-05-29,8.918576647571488,0.4660702858212678
128,2018-05-30,8.90595015936037,0.47546638368505656
129,2018-05-31,8.921628436063697,0.4757197880848682
130,2018-06-01,8.924203771334051,0.5135568508461604
131,2018-06-04,8.921091739776848,0.5203054273428903
132,2018-06-05,8.938266521674116,0.5202704257903175
133,2018-06-06,8.943580561233889,0.5111813128692645
134,2018-06-07,8.94758243002788,0.5111253769203011
135,2018-06-08,8.93828358641973,0.47969577293164667
136,2018-06-11,8.836462589787773,0.48007514645822247
137,2018-06-12,8.78839063591891,0.49905162638749806
138,2018-06-13,8.749478826247639,0.4888302781229277
139,2018-06-14,8.80178549544594,0.5033998006041516
140,2018-06-15,8.762583439677176,0.49338818764907866
141,2018-06-18,8.81098158229978,0.49505149419625827
142,2018-06-19,8.81529875009226,0.5062051594466526
143,2018-06-20,8.81827212385798,0.5042129551853836
144,2018-06-21,8.812594890728233,0.49294903909143584
145,2018-06-22,8.707887928424109,0.4898560256009336
146,2018-06-25,8.740914175983773,0.5288831456897802
147,2018-06-26,8.710784340468424,0.5290858927642214
148,2018-06-27,8.721869671182516,0.5227361489019653
149,2018-06-28,8.673911429386091,0.5223841867539873
150,2018-06-29,8.73298820826773,0.48531989094316913
151,2018-07-02,8.796789663324104,0.4830861060830187
152,2018-07-03,8.780785931767372,0.4799212524435342
153,2018-07-05,8.784727146897154,0.37761260382735196
154,2018-07-06,8.794299032179783,0.37988849890830767
155,2018-07-09,8.804887763789894,0.5478356590525274
156,2018-07-10,8.74821919442023,0.5600651531923644
157,2018-07-11,8.760923376338836,0.5528739662713972
158,2018-07-12,8.739357063000934,0.5519493745465361
159,2018-07-13,8.734815931056147,0.529501841230637
160,2018-07-16,8.812998183447569,0.5291437258014124
161,2018-07-17,8.897095675250263,0.5276690770577573
162,2018-07-18,8.905834909889203,0.5170903753769776
163,2018-07-19,8.91884035376951,0.5297107056994271
164,2018-07-20,8.899845385859239,0.5354194646224208
165,2018-07-23,8.951520419009412,0.5357950053480466
166,2018-07-24,9.036442833297656,0.4961785650878516
167,2018-07-25,9.008721004444725,0.49728351351893646
168,2018-07-26,8.97790377375038,0.5115002595568018
169,2018-07-27,9.009820220737238,0.5130881345126752
170,2018-07-30,9.007025182921124,0.5184450713699758
171,2018-07-31,8.952272763647215,0.5229621316829659
172,2018-08-01,8.936167964991633,0.5280312517769216
173,2018-08-02,8.927495912715491,0.5274501303543745
174,2018-08-03,8.9115272452249,0.5369925478276689
175,2018-08-06,8.84449637761951,0.36416333271221707
176,2018-08-07,8.812498135813566,0.34460486250901046
177,2018-08-08,8.745696752180123,0.33214433903865187
178,2018-08-09,8.78626720279342,0.33685458692816667
179,2018-08-10,8.722578392475366,0.3412378404607921
180,2018-08-13,8.740757454218956,0.34143231657115064
181,2018-08-14,8.731275008957928,0.34229319552604154
182,2018-08-15,8.743898392519,0.3553816226848059
183,2018-08-16,8.75044706078498,0.36240019783555366
184,2018-08-17,8.791812820412114,0.35728127345246335
185,2018-08-20,8.742066445930984,0.34868197043738947
186,2018-08-21,8.776363128679359,0.35765554961616647
187,2018-08-22,8.757116767346464,0.36796855020896574
188,2018-08-23,8.783397764756769,0.34270450103877487
189,2018-08-24,8.80880851847059,0.3445540464884484
190,2018-08-27,8.839930100255156,0.34473233697054045
191,2018-08-28,8.865161946236409,0.326830215031693
192,2018-08-29,8.858362948818504,0.3295921752067195
193,2018-08-30,8.851378529362629,0.3236837142530431
194,2018-08-31,8.856140932873991,0.29669058242883467
195,2018-09-04,8.903951072058707,0.3018610160437164
196,2018-09-05,8.80676847062063,0.3482702889695316
197,2018-09-06,8.778493813493586,0.3492795231685664
198,2018-09-07,8.764053269347762,0.3778951365339856
199,2018-09-10,8.748620735518118,0.3791588550809148
200,2018-09-11,8.745123667104288,0.3801843044826565
201,2018-09-12,8.751862070248714,0.3794658222469901
202,2018-09-13,8.77735503232853,0.37370722599162465
203,2018-09-14,8.77593706401297,0.35469963633545465
204,2018-09-17,8.741059681347341,0.3512003054236052
205,2018-09-18,8.753425115074196,0.3492029072064856
206,2018-09-19,8.762239124782154,0.4360165163003602
207,2018-09-20,8.778476872263484,0.4266053944457873
208,2018-09-21,8.817216299065297,0.43059418813817313
209,2018-09-24,8.792021000681784,0.44165339694686057
210,2018-09-25,8.768572728688618,0.4681906468049651
211,2018-09-26,8.773618315592309,0.4837638822056556
212,2018-09-27,8.807115752098749,0.4922594625901548
213,2018-09-28,8.796453903543458,0.5252255816223093
214,2018-10-01,8.790451743202293,0.5242127533216846
215,2018-10-02,8.779557455883728,0.5479923835475567
216,2018-10-03,8.772884471734965,0.5413308404051443
217,2018-10-04,8.786847740142857,0.5407486292045117
218,2018-10-05,8.792112160877657,0.5523835988727305
219,2018-10-08,8.795544366126542,0.5588179891193774
220,2018-10-09,8.793126516833471,0.5602131836576921
221,2018-10-10,8.78225381743147,0.5644259231405978
222,2018-10-11,8.724656040616525,0.603249320826989
223,2018-10-12,8.729906536755628,0.5996741289991696
224,2018-10-15,8.770553968940048,0.6011594556450547
225,2018-10-16,8.773570338039603,0.6145335591970547
226,2018-10-17,8.76986292308068,0.5493581118439304
227,2018-10-18,8.763456216146968,0.5490623381396768
228,2018-10-19,8.761465549085843,0.5797987449073927
229,2018-10-22,8.764999696344411,0.574605531988023
230,2018-10-23,8.763023051355397,0.5521671387367044
231,2018-10-24,8.765920275406804,0.6171475868502471
232,2018-10-25,8.763041820505796,0.6350115291651011
233,2018-10-26,8.765005940412546,0.6514489668939436
234,2018-10-29,8.742976455620727,0.6733803290341909
235,2018-10-30,8.743445505516133,0.6535606253203045
236,2018-10-31,8.74882382534005,0.6528102343458508
237,2018-11-01,8.754790186660466,0.6518149184857127
238,2018-11-02,8.756277806129509,0.6269943123781561
239,2018-11-05,8.764553144389414,0.6428135333460974
240,2018-11-06,8.7714477377555,0.6462412045930163
241,2018-11-07,8.77971129020447,0.6582164889455423
242,2018-11-08,8.76491071413689,0.6158899489518
243,2018-11-09,8.752265313595721,0.6159990133530517
244,2018-11-12,8.75115798136203,0.6131719435727949
245,2018-11-13,8.742080820941466,0.6016361405877265
246,2018-11-14,8.629791252739672,0.6153060368058126
247,2018-11-15,8.6278397115033,0.6238291264411177
248,2018-11-16,8.61408575495443,0.6227587290371233
249,2018-11-19,8.462829926329315,0.6199019838622449
250,2018-11-20,8.378390788535778,0.618196448050487
251,2018-11-21,8.420243868951285,0.5707654038139566
252,2018-11-23,8.363636335240809,0.5354626952366099
253,2018-11-26,8.223450121505685,0.48736989683870113
254,2018-11-27,8.235098149071336,0.464276637383221
255,2018-11-28,8.347628321003256,0.4617966400734472
256,2018-11-29,8.354627201987633,0.43701757399266394
257,2018-11-30,8.2867883405613,0.4711715026221646
258,2018-12-03,8.251752599903256,0.4826213275643769
259,2018-12-04,8.26963398915424,0.44925700891483844
260,2018-12-06,8.142429921355605,0.44156271170304107
261,2018-12-07,8.125832151674345,0.420342711577814
262,2018-12-10,8.133880887949207,0.4205493767413635
263,2018-12-11,8.117735999582063,0.42324643549412044
264,2018-12-12,8.140368016917167,0.4307066613194116
265,2018-12-13,8.090319547230367,0.4411242974110115
266,2018-12-14,8.06957708104813,0.4218986972611703
267,2018-12-17,8.159583525046289,0.5807146886321761
268,2018-12-18,8.207172799516515,0.5546126030424953
269,2018-12-19,8.211890110207055,0.5522716190968366
270,2018-12-20,8.312324139621156,0.5497965001863797
271,2018-12-21,8.253508856038405,0.5412583956452081
272,2018-12-24,8.3030093814735,0.7632532912635505
273,2018-12-26,8.245387092789219,0.7783994074065658
274,2018-12-27,8.186378122802457,0.779823743654494
275,2018-12-28,8.26487054076421,0.7803872412298134
276,2018-12-31,8.21427564632168,0.7806683158674868
277,2019-01-02,8.265102175955265,0.7893053260712247
278,2019-01-03,8.239543294653064,0.7791395598178625
279,2019-01-04,8.247406045402986,0.80079983622889
280,2019-01-07,8.29541121274116,0.8053192272370817
281,2019-01-08,8.292773826597976,0.8188130803571303
282,2019-01-09,8.294581998374214,0.8219871088682845
283,2019-01-10,8.196301741474047,0.8365835316918
284,2019-01-11,8.197544246313953,0.8340783571476386
285,2019-01-14,8.206387142088195,0.8754229952059399
286,2019-01-15,8.182260169595908,0.8885383831281093
287,2019-01-16,8.190329445049134,0.7882983448915307
288,2019-01-17,8.199192107837346,0.7854404175851033
289,2019-01-18,8.191244190813615,0.7852945302614714
290,2019-01-22,8.182226620710987,0.7856211576645423
291,2019-01-23,8.175356190144281,0.7794840390122386
292,2019-01-24,8.18052533566285,0.5676555519273245
293,2019-01-25,8.177515823846075,0.5687909314354664
294,2019-01-28,8.140169756939375,0.5620227452973828
295,2019-01-29,8.128732682123896,0.5622905146528716
296,2019-01-30,8.142456104659097,0.5701411702036451
297,2019-01-31,8.135379178097274,0.5884910745654975
298,2019-02-01,8.141722712893179,0.5904740963612207
299,2019-02-04,8.134722669701747,0.5610603151999171
300,2019-02-05,8.140720705882678,0.5549696498474698
301,2019-02-06,8.121070308510394,0.5328402094549551
302,2019-02-07,8.119496828311572,0.5524833850723214
303,2019-02-08,8.19504112989678,0.5304501734583562
304,2019-02-11,8.18554529891049,0.5283606858721546
305,2019-02-12,8.184775922290578,0.44439514740004465
306,2019-02-13,8.181700874516828,0.4184108865838343
307,2019-02-14,8.177645028981878,0.4164436293161729
308,2019-02-15,8.17928111872839,0.41493312416945743
309,2019-02-19,8.265768471339129,0.421313114705378
310,2019-02-20,8.278054903578589,0.42436902731808157
311,2019-02-21,8.268834390960963,0.4150693149563361
312,2019-02-22,8.278890315969187,0.4171492734739399
313,2019-02-25,8.248191548204417,0.3880395566903232
314,2019-02-26,8.241455499981429,0.38381060754522417
315,2019-02-27,8.242353633057672,0.3824764903124699
316,2019-02-28,8.24048007275927,0.37721127973840207
317,2019-03-01,8.244609889997328,0.2719649017835189
318,2019-03-04,8.2157258708736,0.26852687471756165
319,2019-03-05,8.25428698012209,0.2681660751030113
320,2019-03-06,8.256230943663837,0.2669660916231464
321,2019-03-07,8.257551617061827,0.27013238460380096
322,2019-03-08,8.254435249467935,0.21855660508636068
323,2019-03-11,8.255633603110029,0.22979417313679448
324,2019-03-12,8.258355102677305,0.24554940140016143
325,2019-03-13,8.255433544130934,0.24412719645432265
326,2019-03-14,8.25706662144192,0.24143987232085085
327,2019-03-15,8.269042040408427,0.24523002628512822
328,2019-03-18,8.286418093788857,0.24684566847618594
329,2019-03-19,8.293582030789832,0.2760626708150026
330,2019-03-20,8.301916118072844,0.2723046084655228
331,2019-03-21,8.28758126519823,0.28895069039033827
332,2019-03-22,8.289557063575607,0.2927894130921799
333,2019-03-25,8.271423079256143,0.28128317932317376
334,2019-03-26,8.27450487955536,0.29494334211734813
335,2019-03-27,8.300404405740036,0.3073758198455217
336,2019-03-28,8.29710247545459,0.3338277504813177
337,2019-03-29,8.316300249036848,0.3395172235698025
338,2019-04-01,8.327561782634476,0.349778773565122
339,2019-04-02,8.496914971043598,0.34987340785105886
340,2019-04-03,8.512829685154694,0.35042296782153975
341,2019-04-04,8.4986095808172,0.3506536509206922
342,2019-04-05,8.525107788201842,0.3672556213029867
343,2019-04-05,8.525107788201842,0.3672556213029867
344,2019-04-08,8.573172688384474,0.367203000322349
345,2019-04-08,8.573172688384474,0.367203000322349
346,2019-04-09,8.554989814110805,0.358135659428034
347,2019-04-09,8.554989814110805,0.358135659428034
348,2019-04-10,8.579880625348531,0.3600505762345554
349,2019-04-10,8.579880625348531,0.3600505762345554
350,2019-04-11,8.525201042817766,0.3655528818971591
351,2019-04-11,8.525201042817766,0.3655528818971591
352,2019-04-12,8.532347778387857,0.3671508117168169
353,2019-04-12,8.532347778387857,0.3671508117168169
354,2019-04-15,8.522640328789453,0.3640419740488971
355,2019-04-15,8.522640328789453,0.3640419740488971
356,2019-04-16,8.55688110310759,0.36920513100901714
357,2019-04-16,8.55688110310759,0.36920513100901714
358,2019-04-17,8.56287758528922,0.3708940177004164
359,2019-04-17,8.56287758528922,0.3708940177004164
360,2019-04-18,8.571980574360465,0.34626807473843846
361,2019-04-18,8.571980574360465,0.34626807473843846
362,2019-04-22,8.591706795575886,0.33433108002832834
363,2019-04-22,8.591706795575886,0.33433108002832834
364,2019-04-23,8.618181764043392,0.33600350300303367
365,2019-04-23,8.618181764043392,0.33600350300303367
366,2019-04-24,8.601708956956475,0.33367478440862
367,2019-04-24,8.601708956956475,0.33367478440862
368,2019-04-25,8.543357890686845,0.32609318054820025
369,2019-04-25,8.543357890686845,0.32609318054820025
370,2019-04-26,8.547759253191822,0.2905286458428205
371,2019-04-26,8.547759253191822,0.2905286458428205
372,2019-04-29,8.546579163189476,0.292134895818519
373,2019-04-29,8.546579163189476,0.292134895818519
374,2019-04-30,8.569595870209286,0.3464611088383161
375,2019-04-30,8.569595870209286,0.3464611088383161
376,2019-05-01,8.578931545743487,0.36943685834729817
377,2019-05-01,8.578931545743487,0.36943685834729817
378,2019-05-02,8.591372589590488,0.369993365517018
379,2019-05-02,8.591372589590488,0.369993365517018
380,2019-05-03,8.640864634103114,0.37389100032623385
381,2019-05-03,8.640864634103114,0.37389100032623385
382,2019-05-06,8.645667317598994,0.3616090410848821
383,2019-05-06,8.645667317598994,0.3616090410848821
384,2019-05-07,8.657222924019349,0.35261006606645984
385,2019-05-07,8.657222924019349,0.35261006606645984
386,2019-05-08,8.689614232782882,0.39175187338792433
387,2019-05-08,8.689614232782882,0.39175187338792433
388,2019-05-09,8.725296198695684,0.39008497064747233
389,2019-05-09,8.725296198695684,0.39008497064747233
390,2019-05-10,8.755081896658648,0.4452155604935531
391,2019-05-10,8.755081896658648,0.4452155604935531
392,2019-05-13,8.963166644861895,0.461258489367035
393,2019-05-13,8.963166644861895,0.461258489367035
394,2019-05-14,8.985445287623167,0.46886960018424473
395,2019-05-14,8.985445287623167,0.46886960018424473
396,2019-05-15,9.012948628204828,0.44238763680885135
397,2019-05-15,9.012948628204828,0.44238763680885135
398,2019-05-16,8.972083182851925,0.4477503202672854
399,2019-05-16,8.972083182851925,0.4477503202672854
400,2019-05-17,8.90268821820858,0.45232005894469746
401,2019-05-17,8.90268821820858,0.45232005894469746
402,2019-05-20,8.987901572266212,0.45251088166314296
403,2019-05-20,8.987901572266212,0.45251088166314296
404,2019-05-21,8.981576053706013,0.4517549705897055
405,2019-05-21,8.981576053706013,0.4517549705897055
406,2019-05-22,8.939181044077063,0.4542040435199361
407,2019-05-22,8.939181044077063,0.4542040435199361
408,2019-05-23,8.972111101243929,0.4638666746510545
409,2019-05-23,8.972111101243929,0.4638666746510545
410,2019-05-24,8.987074313158235,0.4638420188119931
411,2019-05-24,8.987074313158235,0.4638420188119931
412,2019-05-28,9.073140544579507,0.502975021242594
413,2019-05-28,9.073140544579507,0.502975021242594
414,2019-05-29,9.06686368848579,0.4888721255592285
415,2019-05-29,9.06686368848579,0.4888721255592285
416,2019-05-30,9.02132767937812,0.47183216371384307
417,2019-05-30,9.02132767937812,0.47183216371384307
418,2019-05-31,9.053359022915641,0.47461151297875465
419,2019-05-31,9.053359022915641,0.47461151297875465
420,2019-06-03,9.000068622434407,0.48583071196625743
421,2019-06-03,9.000068622434407,0.48583071196625743
422,2019-06-04,8.944488934381882,0.48097467961062046
423,2019-06-04,8.944488934381882,0.48097467961062046
424,2019-06-05,8.960074822001484,0.5486143793494833
425,2019-06-05,8.960074822001484,0.5486143793494833
426,2019-06-06,8.962656915161281,0.5261955312182266
427,2019-06-06,8.962656915161281,0.5261955312182266
428,2019-06-07,8.987353058456213,0.5343108360452146
429,2019-06-07,8.987353058456213,0.5343108360452146
430,2019-06-10,8.989830848562615,0.4928382479933984
431,2019-06-10,8.989830848562615,0.4928382479933984
432,2019-06-11,8.977032841987734,0.4803469654424662
433,2019-06-11,8.977032841987734,0.4803469654424662
434,2019-06-12,9.00899133538159,0.5000824379179791
435,2019-06-12,9.00899133538159,0.5000824379179791
436,2019-06-13,9.016512874996026,0.5002452271826686
437,2019-06-13,9.016512874996026,0.5002452271826686
438,2019-06-14,9.070795506038229,0.5102504232629882
439,2019-06-14,9.070795506038229,0.5102504232629882
440,2019-06-17,9.141363214651477,0.5073885235222397
441,2019-06-17,9.141363214651477,0.5073885235222397
442,2019-06-18,9.113701710130226,0.5097636383230392
443,2019-06-18,9.113701710130226,0.5097636383230392
444,2019-06-19,9.135430385987634,0.5181189276559038
445,2019-06-19,9.135430385987634,0.5181189276559038
446,2019-06-20,9.162723469266272,0.5159013876536024
447,2019-06-20,9.162723469266272,0.5159013876536024
448,2019-06-21,9.232309278644959,0.507159937802739
449,2019-06-21,9.232309278644959,0.507159937802739
450,2019-06-24,9.3083405668073,0.5068230353687113
451,2019-06-24,9.3083405668073,0.5068230353687113
452,2019-06-25,9.371694473324984,0.4684452271051139
453,2019-06-25,9.371694473324984,0.4684452271051139
454,2019-06-26,9.466573572128812,0.5177594116076021
455,2019-06-26,9.466573572128812,0.5177594116076021
456,2019-06-27,9.319530146654506,0.5176690433050924
457,2019-06-27,9.319530146654506,0.5176690433050924
458,2019-06-28,9.421769982190503,0.5166482860438617
459,2019-06-28,9.421769982190503,0.5166482860438617
460,2019-07-01,9.266477764751478,0.5023423116670462
461,2019-07-01,9.266477764751478,0.5023423116670462
462,2019-07-02,9.289973765122726,0.5303578484921452
463,2019-07-02,9.289973765122726,0.5303578484921452
464,2019-07-03,9.389944072074709,0.4666418673612103
465,2019-07-03,9.389944072074709,0.4666418673612103
466,2019-07-05,9.305454168862282,0.4602401532431297
467,2019-07-05,9.305454168862282,0.4602401532431297
468,2019-07-08,9.416227076742784,0.4509143553640171
469,2019-07-08,9.416227076742784,0.4509143553640171
470,2019-07-09,9.438847911349473,0.44288744649798384
471,2019-07-09,9.438847911349473,0.44288744649798384
472,2019-07-10,9.40087395096,0.43722996191060437
473,2019-07-10,9.40087395096,0.43722996191060437
474,2019-07-11,9.336906060315181,0.40589884226549056
475,2019-07-11,9.336906060315181,0.40589884226549056
476,2019-07-12,9.376609610266456,0.4135101234477534
477,2019-07-12,9.376609610266456,0.4135101234477534
478,2019-07-15,9.291920358968605,0.3952867998154567
479,2019-07-15,9.291920358968605,0.3952867998154567
480,2019-07-16,9.149826806492765,0.40036244555760725
481,2019-07-16,9.149826806492765,0.40036244555760725
482,2019-07-17,9.179814151936904,0.3998328787375395
483,2019-07-17,9.179814151936904,0.3998328787375395
484,2019-07-18,9.273183707097491,0.4033751967091205
485,2019-07-18,9.273183707097491,0.4033751967091205
486,2019-07-19,9.262499141731857,0.43615853323946585
487,2019-07-19,9.262499141731857,0.43615853323946585
488,2019-07-22,9.24269429335633,0.43395322645904744
489,2019-07-22,9.24269429335633,0.43395322645904744
490,2019-07-23,9.194924150321194,0.44119820929184517
491,2019-07-23,9.194924150321194,0.44119820929184517
492,2019-07-24,9.186423633317773,0.4346169586466814
493,2019-07-24,9.186423633317773,0.4346169586466814
494,2019-07-25,9.198668520155755,0.336143402473806
495,2019-07-25,9.198668520155755,0.336143402473806
496,2019-07-26,9.194916026002875,0.33889196357577894
497,2019-07-26,9.194916026002875,0.33889196357577894
498,2019-07-29,9.158561696652468,0.3416076088863991
499,2019-07-29,9.158561696652468,0.3416076088863991
500,2019-07-30,9.1688535731892,0.353555627227409
501,2019-07-30,9.1688535731892,0.353555627227409
502,2019-07-31,9.218838163255823,0.3153551606733445
503,2019-07-31,9.218838163255823,0.3153551606733445
504,2019-08-01,9.250302156621988,0.3290702417619332
505,2019-08-01,9.250302156621988,0.3290702417619332
506,2019-08-02,9.261937070332094,0.3290179732933544
507,2019-08-02,9.261937070332094,0.3290179732933544
508,2019-08-05,9.375854810453756,0.3752708368692228
509,2019-08-05,9.375854810453756,0.3752708368692228
510,2019-08-06,9.347490210123416,0.40617622211524257
511,2019-08-06,9.347490210123416,0.40617622211524257
512,2019-08-07,9.39028995118756,0.4063612201975689
513,2019-08-07,9.39028995118756,0.4063612201975689
514,2019-08-08,9.391280141207934,0.42636970724933737
515,2019-08-08,9.391280141207934,0.42636970724933737
516,2019-08-09,9.380869335326182,0.4184878440453481
517,2019-08-09,9.380869335326182,0.4184878440453481
518,2019-08-12,9.340061640286914,0.41625818693748434
519,2019-08-12,9.340061640286914,0.41625818693748434
520,2019-08-13,9.293051516203992,0.4099475100684961
521,2019-08-13,9.293051516203992,0.4099475100684961
522,2019-08-14,9.21263673331909,0.42023861501153825
523,2019-08-14,9.21263673331909,0.42023861501153825
524,2019-08-15,9.240038970271046,0.43686001786427586
525,2019-08-15,9.240038970271046,0.43686001786427586
526,2019-08-16,9.24516103447341,0.40114093696595277
527,2019-08-16,9.24516103447341,0.40114093696595277
528,2019-08-19,9.299019524122025,0.40809948619532344
529,2019-08-19,9.299019524122025,0.40809948619532344
530,2019-08-20,9.284725877042654,0.400754856762406
531,2019-08-20,9.284725877042654,0.400754856762406
532,2019-08-21,9.223725391586305,0.4092245009532684
533,2019-08-21,9.223725391586305,0.4092245009532684
534,2019-08-22,9.2214791053102,0.4081851114864953
535,2019-08-22,9.2214791053102,0.4081851114864953
536,2019-08-23,9.249714919450204,0.42728567057346656
537,2019-08-23,9.249714919450204,0.42728567057346656
538,2019-08-26,9.24580114077415,0.44641387448774755
539,2019-08-26,9.24580114077415,0.44641387448774755
540,2019-08-27,9.226930983523332,0.43642661155590096
541,2019-08-27,9.226930983523332,0.43642661155590096
542,2019-08-28,9.181094860653912,0.43377412996608805
543,2019-08-28,9.181094860653912,0.43377412996608805
544,2019-08-29,9.157993891603974,0.42334708904019946
545,2019-08-29,9.157993891603974,0.42334708904019946
546,2019-08-30,9.167406774590996,0.42336106738798895
547,2019-08-30,9.167406774590996,0.42336106738798895
548,2019-09-03,9.270269222388057,0.4420251020265474
549,2019-09-03,9.270269222388057,0.4420251020265474
550,2019-09-04,9.267312212856924,0.413643906601893
551,2019-09-04,9.267312212856924,0.413643906601893
552,2019-09-05,9.266121281937597,0.4346426802693764
553,2019-09-05,9.266121281937597,0.4346426802693764
554,2019-09-06,9.240975294022183,0.4180199589548405
555,2019-09-06,9.240975294022183,0.4180199589548405
556,2019-09-09,9.24062221373252,0.4223943520414981
557,2019-09-09,9.24062221373252,0.4223943520414981
558,2019-09-10,9.219894584780995,0.4219698519594558
559,2019-09-10,9.219894584780995,0.4219698519594558
560,2019-09-11,9.225668296825123,0.4397951803253604
561,2019-09-11,9.225668296825123,0.4397951803253604
562,2019-09-12,9.251514944333566,0.4282146627187268
563,2019-09-12,9.251514944333566,0.4282146627187268
564,2019-09-13,9.246542109528173,0.4043592842699471
565,2019-09-13,9.246542109528173,0.4043592842699471
566,2019-09-16,9.23698035550104,0.3994200593861435
567,2019-09-16,9.23698035550104,0.3994200593861435
568,2019-09-17,9.229724284172448,0.4064067756011849
569,2019-09-17,9.229724284172448,0.4064067756011849
570,2019-09-18,9.225434874603154,0.40939492838028874
571,2019-09-18,9.225434874603154,0.40939492838028874
572,2019-09-19,9.237131269431217,0.40512471949841083
573,2019-09-19,9.237131269431217,0.40512471949841083
574,2019-09-20,9.22710112255093,0.4076900670537811
575,2019-09-20,9.22710112255093,0.4076900670537811
576,2019-09-23,9.17804339435171,0.3848550070905955
577,2019-09-23,9.17804339435171,0.3848550070905955
578,2019-09-24,9.05214385209785,0.385761518755528
579,2019-09-24,9.05214385209785,0.385761518755528
580,2019-09-25,9.039808245933182,0.385197331194108
581,2019-09-25,9.039808245933182,0.385197331194108
582,2019-09-26,8.994052019998925,0.38931716454966486
583,2019-09-26,8.994052019998925,0.38931716454966486
584,2019-09-27,9.010390749811517,0.38211879900641393
585,2019-09-27,9.010390749811517,0.38211879900641393
586,2019-09-30,9.023824029357348,0.3821769242108464
587,2019-09-30,9.023824029357348,0.3821769242108464
588,2019-10-01,9.02629853635072,0.312790289691056
589,2019-10-01,9.02629853635072,0.312790289691056
590,2019-10-02,9.032817682178932,0.35527674127499626
591,2019-10-02,9.032817682178932,0.35527674127499626
592,2019-10-03,9.016745914118523,0.3290854441659656
593,2019-10-03,9.016745914118523,0.3290854441659656
594,2019-10-04,9.006027161715547,0.36903235793765843
595,2019-10-04,9.006027161715547,0.36903235793765843
596,2019-10-07,9.012563596197333,0.36697789214268156
597,2019-10-07,9.012563596197333,0.36697789214268156
598,2019-10-08,9.00926892955903,0.3850599842123133
599,2019-10-08,9.00926892955903,0.3850599842123133
600,2019-10-09,9.057927847348248,0.36953673421931976
601,2019-10-09,9.057927847348248,0.36953673421931976
602,2019-10-10,9.05743508299438,0.3687395426119604
603,2019-10-10,9.05743508299438,0.3687395426119604
604,2019-10-11,9.01985155371559,0.36307986790639585
605,2019-10-11,9.01985155371559,0.36307986790639585
606,2019-10-14,9.031571297637656,0.3718882133548949
607,2019-10-14,9.031571297637656,0.3718882133548949
608,2019-10-15,9.00640245606846,0.3576048257649842
609,2019-10-15,9.00640245606846,0.3576048257649842
610,2019-10-16,8.986682938647224,0.3546848035580656
611,2019-10-16,8.986682938647224,0.3546848035580656
612,2019-10-17,8.996320076909946,0.35116314782294084
613,2019-10-17,8.996320076909946,0.35116314782294084
614,2019-10-18,8.981565997289517,0.3504381244956586
615,2019-10-18,8.981565997289517,0.3504381244956586
616,2019-10-21,9.01355268343092,0.35387801125883495
617,2019-10-21,9.01355268343092,0.35387801125883495
618,2019-10-22,8.990429091242639,0.3262011994111055
619,2019-10-22,8.990429091242639,0.3262011994111055
620,2019-10-23,8.918753351797188,0.33004320256623415
621,2019-10-23,8.918753351797188,0.33004320256623415
622,2019-10-24,8.913953858894255,0.32617076690716484
623,2019-10-24,8.913953858894255,0.32617076690716484
624,2019-10-25,9.066777113746053,0.34787412236061777
625,2019-10-25,9.066777113746053,0.34787412236061777
626,2019-10-28,9.128744124851565,0.3888920011295826
627,2019-10-28,9.128744124851565,0.3888920011295826
628,2019-10-29,9.15132682667875,0.3879759270983213
629,2019-10-29,9.15132682667875,0.3879759270983213
630,2019-10-30,9.122594907428383,0.366471922988773
631,2019-10-30,9.122594907428383,0.366471922988773
632,2019-10-31,9.121516808513528,0.37170036711701027
633,2019-10-31,9.121516808513528,0.37170036711701027
634,2019-11-01,9.132427477971813,0.32978081194842085
635,2019-11-01,9.132427477971813,0.32978081194842085
636,2019-11-04,9.14960899446156,0.36428850027517296
637,2019-11-04,9.14960899446156,0.36428850027517296
638,2019-11-05,9.139932929026044,0.36848043199330865
639,2019-11-05,9.139932929026044,0.36848043199330865
640,2019-11-06,9.142573177611476,0.36658527643607075
641,2019-11-06,9.142573177611476,0.36658527643607075
642,2019-11-07,9.126889195399968,0.40450276438693944
643,2019-11-07,9.126889195399968,0.40450276438693944
644,2019-11-08,9.078792154416524,0.4052102479685819
645,2019-11-08,9.078792154416524,0.4052102479685819
646,2019-11-11,9.073415800454518,0.40456250953035827
647,2019-11-11,9.073415800454518,0.40456250953035827
648,2019-11-12,9.08408643432189,0.4037792009018872
649,2019-11-12,9.08408643432189,0.4037792009018872
650,2019-11-13,9.077407657251136,0.44327527753263196
651,2019-11-13,9.077407657251136,0.44327527753263196
652,2019-11-14,9.063799001119014,0.4443541346497733
653,2019-11-14,9.063799001119014,0.4443541346497733
654,2019-11-15,9.043516897084176,0.44422821314492367
655,2019-11-15,9.043516897084176,0.44422821314492367
656,2019-11-18,9.008303744052895,0.4422554513454126
657,2019-11-18,9.008303744052895,0.4422554513454126
658,2019-11-19,9.002286151926619,0.4402381528458814
659,2019-11-19,9.002286151926619,0.4402381528458814
660,2019-11-20,8.998191160803186,0.4438487573800342
661,2019-11-20,8.998191160803186,0.4438487573800342
662,2019-11-21,8.937416854299931,0.443956269425264
663,2019-11-21,8.937416854299931,0.443956269425264
664,2019-11-22,8.89368938992864,0.42483517391367637
665,2019-11-22,8.89368938992864,0.42483517391367637
666,2019-11-25,8.870963521044127,0.3898378865202893
667,2019-11-25,8.870963521044127,0.3898378865202893
668,2019-11-26,8.87615631547297,0.3919194566869695
669,2019-11-26,8.87615631547297,0.3919194566869695
670,2019-11-27,8.926363427054223,0.3765409720666233
671,2019-11-27,8.926363427054223,0.3765409720666233
672,2019-11-29,8.95592413806619,0.37039141533649844
673,2019-11-29,8.95592413806619,0.37039141533649844
674,2019-12-02,8.896949303925101,0.3781005244654169
675,2019-12-02,8.896949303925101,0.3781005244654169
676,2019-12-03,8.895688529511293,0.3432216115119262
677,2019-12-03,8.895688529511293,0.3432216115119262
678,2019-12-04,8.881527924126317,0.33177192055456156
679,2019-12-04,8.881527924126317,0.33177192055456156
680,2019-12-05,8.907939845886146,0.32898051824141156
681,2019-12-05,8.907939845886146,0.32898051824141156
682,2019-12-06,8.928214833357458,0.28325227080805643
683,2019-12-06,8.928214833357458,0.28325227080805643
684,2019-12-09,8.901164963785844,0.2817071805335419
685,2019-12-09,8.901164963785844,0.2817071805335419
686,2019-12-10,8.884065762360597,0.2707646282892556
687,2019-12-10,8.884065762360597,0.2707646282892556
688,2019-12-11,8.882866329901876,0.2711475262325895
689,2019-12-11,8.882866329901876,0.2711475262325895
690,2019-12-12,8.880226676914305,0.20544016656362496
691,2019-12-12,8.880226676914305,0.20544016656362496
692,2019-12-13,8.889786562235402,0.22317496831491287
693,2019-12-13,8.889786562235402,0.22317496831491287
694,2019-12-16,8.83669219422974,0.2693767824065896
695,2019-12-16,8.83669219422974,0.2693767824065896
696,2019-12-17,8.796686829962452,0.2712586172077007
697,2019-12-17,8.796686829962452,0.2712586172077007
698,2019-12-18,8.89383486683238,0.2741050394470218
699,2019-12-18,8.89383486683238,0.2741050394470218
700,2019-12-19,8.87480749401944,0.2633904769665903
701,2019-12-19,8.87480749401944,0.2633904769665903
702,2019-12-20,8.881017914658548,0.25996332773960695
703,2019-12-20,8.881017914658548,0.25996332773960695
704,2019-12-23,8.897842245982176,0.2852942291158288
705,2019-12-23,8.897842245982176,0.2852942291158288
706,2019-12-24,8.88896638104656,0.28273048429338965
707,2019-12-24,8.88896638104656,0.28273048429338965
708,2019-12-26,8.880209983259563,0.28041695813196604
709,2019-12-26,8.880209983259563,0.28041695813196604
710,2019-12-27,8.888204871455022,0.28202355130151135
711,2019-12-27,8.888204871455022,0.28202355130151135
712,2019-12-30,8.884643472331632,0.28177556433064266
713,2019-12-30,8.884643472331632,0.28177556433064266
714,2019-12-31,8.87743217660791,0.2739081330501434
715,2019-12-31,8.87743217660791,0.2739081330501434
716,2020-01-02,8.846577510852372,0.31483410196743583
717,2020-01-02,8.846577510852372,0.31483410196743583
718,2020-01-03,8.900945609218745,0.30095951706194357
719,2020-01-03,8.900945609218745,0.30095951706194357
720,2020-01-06,8.957090643638182,0.3003956650474565
721,2020-01-06,8.957090643638182,0.3003956650474565
722,2020-01-07,9.006878117068446,0.2985327362869477
723,2020-01-07,9.006878117068446,0.2985327362869477
724,2020-01-08,8.992736448551248,0.2953421124285198
725,2020-01-08,8.992736448551248,0.2953421124285198
726,2020-01-09,8.962747865884625,0.30325396297508866
727,2020-01-09,8.962747865884625,0.30325396297508866
728,2020-01-10,9.011889433252344,0.3031806529751498
729,2020-01-10,9.011889433252344,0.3031806529751498
730,2020-01-13,9.000237667975307,0.3078817109959003
731,2020-01-13,9.000237667975307,0.3078817109959003
732,2020-01-14,9.083987721838936,0.2942558213661032
733,2020-01-14,9.083987721838936,0.2942558213661032
734,2020-01-15,9.083548503368355,0.30483161282439775
735,2020-01-15,9.083548503368355,0.30483161282439775
736,2020-01-16,9.072244291282644,0.3119875877172894
737,2020-01-16,9.072244291282644,0.3119875877172894
738,2020-01-17,9.09297812277676,0.3199161466277383
739,2020-01-17,9.09297812277676,0.3199161466277383
740,2020-01-21,9.073132515145899,0.3398024455363049
741,2020-01-21,9.073132515145899,0.3398024455363049
742,2020-01-22,9.065999914177409,0.34185753714932315
743,2020-01-22,9.065999914177409,0.34185753714932315
744,2020-01-23,9.033417018628768,0.3397686715383594
745,2020-01-23,9.033417018628768,0.3397686715383594
746,2020-01-24,9.038618044366219,0.340929289044648
747,2020-01-24,9.038618044366219,0.340929289044648
748,2020-01-27,9.093192884316379,0.3416870008470956
749,2020-01-27,9.093192884316379,0.3416870008470956
750,2020-01-28,9.148464968258095,0.34355357272574055
751,2020-01-28,9.148464968258095,0.34355357272574055
752,2020-01-29,9.136605560958413,0.3451370103035243
753,2020-01-29,9.136605560958413,0.3451370103035243
754,2020-01-30,9.159047077588632,0.36111584967167837
755,2020-01-30,9.159047077588632,0.36111584967167837
756,2020-01-31,9.140759827843484,0.32914377579428533
757,2020-01-31,9.140759827843484,0.32914377579428533
758,2020-02-03,9.13648821325326,0.3305868967865825
759,2020-02-03,9.13648821325326,0.3305868967865825
760,2020-02-04,9.122532678010334,0.3536820426413393
761,2020-02-04,9.122532678010334,0.3536820426413393
762,2020-02-05,9.171435289006453,0.35695604892151483
763,2020-02-05,9.171435289006453,0.35695604892151483
764,2020-02-06,9.185497323070836,0.35692581401194856
765,2020-02-06,9.185497323070836,0.35692581401194856
766,2020-02-07,9.190486583371285,0.35253953117501574
767,2020-02-07,9.190486583371285,0.35253953117501574
768,2020-02-10,9.195227749394046,0.354185780585575
769,2020-02-10,9.195227749394046,0.354185780585575
770,2020-02-11,9.236882979587088,0.34892109943618477
771,2020-02-11,9.236882979587088,0.34892109943618477
772,2020-02-12,9.244623917349648,0.34708450307741145
773,2020-02-12,9.244623917349648,0.34708450307741145
774,2020-02-13,9.232949840718497,0.3305000577999766
775,2020-02-13,9.232949840718497,0.3305000577999766
776,2020-02-14,9.246097401188255,0.3320343040302267
777,2020-02-14,9.246097401188255,0.3320343040302267
778,2020-02-18,9.228688019734177,0.33722141096296937
779,2020-02-18,9.228688019734177,0.33722141096296937
780,2020-02-19,9.169072444709364,0.3456469371985009
781,2020-02-19,9.169072444709364,0.3456469371985009
782,2020-02-20,9.17084666156254,0.3463232561158559
783,2020-02-20,9.17084666156254,0.3463232561158559
784,2020-02-21,9.179482115809973,0.3287509114735263
785,2020-02-21,9.179482115809973,0.3287509114735263
786,2020-02-24,9.174980516112335,0.3589006049856075
787,2020-02-24,9.174980516112335,0.3589006049856075
788,2020-02-25,9.138350155793463,0.44650454400919337
789,2020-02-25,9.138350155793463,0.44650454400919337
790,2020-02-26,9.080158791033847,0.46172504292835664
791,2020-02-26,9.080158791033847,0.46172504292835664
792,2020-02-27,9.084380244847978,0.7405409991841847
793,2020-02-27,9.084380244847978,0.7405409991841847
794,2020-02-28,9.071519586573825,0.8474539685369661
795,2020-02-28,9.071519586573825,0.8474539685369661
796,2020-03-02,9.095752974823695,1.1109978553486752
797,2020-03-02,9.095752974823695,1.1109978553486752
798,2020-03-03,9.077431642599516,1.1211753623120384
799,2020-03-03,9.077431642599516,1.1211753623120384
800,2020-03-04,9.077183766253132,1.3132754088981788
801,2020-03-04,9.077183766253132,1.3132754088981788
802,2020-03-05,9.112358125378995,1.3268065176591746
803,2020-03-05,9.112358125378995,1.3268065176591746
804,2020-03-06,9.121923280159532,1.3307812780214296
805,2020-03-06,9.121923280159532,1.3307812780214296
806,2020-03-09,8.97919615048466,1.5052771268602463
807,2020-03-09,8.97919615048466,1.5052771268602463
808,2020-03-10,8.972834169826136,1.5090338435459356
809,2020-03-10,8.972834169826136,1.5090338435459356
810,2020-03-11,8.978984441196006,1.6424048208097728
811,2020-03-11,8.978984441196006,1.6424048208097728
812,2020-03-12,8.485014981519925,2.1200949726790874
813,2020-03-12,8.485014981519925,2.1200949726790874
814,2020-03-13,8.634574368560527,2.218611778953667
815,2020-03-13,8.634574368560527,2.218611778953667
816,2020-03-16,8.523854952529716,2.687506828417185
817,2020-03-16,8.523854952529716,2.687506828417185
818,2020-03-17,8.58016611264159,3.0842470064455414
819,2020-03-17,8.58016611264159,3.0842470064455414
820,2020-03-18,8.595434893637261,3.131800396978669
821,2020-03-18,8.595434893637261,3.131800396978669
822,2020-03-19,8.729264470736625,3.221348592053768
823,2020-03-19,8.729264470736625,3.221348592053768
824,2020-03-20,8.73393871895682,3.385397043871177
825,2020-03-20,8.73393871895682,3.385397043871177
826,2020-03-23,8.778558495550499,3.472179001067155
827,2020-03-23,8.778558495550499,3.472179001067155
828,2020-03-24,8.820055459463049,3.6931896419151835
829,2020-03-24,8.820055459463049,3.6931896419151835
830,2020-03-25,8.808700936641058,3.704591368079758
831,2020-03-25,8.808700936641058,3.704591368079758
832,2020-03-26,8.818884672241081,3.801331289318491
833,2020-03-26,8.818884672241081,3.801331289318491
834,2020-03-27,8.760300925603273,3.777738141628174
835,2020-03-27,8.760300925603273,3.777738141628174
836,2020-03-30,8.765266595469832,3.7365101909902028
837,2020-03-30,8.765266595469832,3.7365101909902028
838,2020-03-31,8.767350951013762,3.769156030439985
839,2020-03-31,8.767350951013762,3.769156030439985
840,2020-04-01,8.802683363408383,3.7858680823592556
841,2020-04-01,8.802683363408383,3.7858680823592556
842,2020-04-02,8.824970495410223,3.800686325727066
843,2020-04-02,8.824970495410223,3.800686325727066
844,2020-04-03,8.816196436865814,3.826880537983557
845,2020-04-03,8.816196436865814,3.826880537983557
846,2020-04-06,8.902786149811595,3.876498711404818
847,2020-04-06,8.902786149811595,3.876498711404818
848,2020-04-07,8.882215399805299,3.878009329123203
849,2020-04-07,8.882215399805299,3.878009329123203
850,2020-04-08,8.904814712056005,3.8811007862310243
851,2020-04-08,8.904814712056005,3.8811007862310243
852,2020-04-09,8.894797774393592,3.6881969889511543
853,2020-04-09,8.894797774393592,3.6881969889511543
854,2020-04-13,8.834077691936217,3.6497851931847967
855,2020-04-13,8.834077691936217,3.6497851931847967
856,2020-04-14,8.836337593057875,3.338622016246398
857,2020-04-14,8.836337593057875,3.338622016246398
858,2020-04-15,8.797699580118923,3.0040104061713397
859,2020-04-15,8.797699580118923,3.0040104061713397
860,2020-04-16,8.869492375667262,2.9512032996033057
861,2020-04-16,8.869492375667262,2.9512032996033057
862,2020-04-17,8.857115185063,2.880701374774571
863,2020-04-17,8.857115185063,2.880701374774571
864,2020-04-20,8.830689198760998,2.7295073132974434
865,2020-04-20,8.830689198760998,2.7295073132974434
866,2020-04-21,8.83273067441375,2.6224260673735884
867,2020-04-21,8.83273067441375,2.6224260673735884
868,2020-04-22,8.873158483611725,2.3136706015485085
869,2020-04-22,8.873158483611725,2.3136706015485085
870,2020-04-23,8.92060018305493,2.3016894597982662
871,2020-04-23,8.92060018305493,2.3016894597982662
872,2020-04-24,8.92339536116106,2.0594741268075225
873,2020-04-24,8.92339536116106,2.0594741268075225
874,2020-04-27,8.960135185402017,2.062519989021579
875,2020-04-27,8.960135185402017,2.062519989021579
876,2020-04-28,8.957740975620155,2.011631229458781
877,2020-04-28,8.957740975620155,2.011631229458781
878,2020-04-29,9.081406395022265,1.9469610904175363
879,2020-04-29,9.081406395022265,1.9469610904175363
880,2020-04-30,9.062689191236691,1.8074867625596798
881,2020-04-30,9.062689191236691,1.8074867625596798
882,2020-05-01,9.08618658611654,1.7918456668131493
883,2020-05-01,9.08618658611654,1.7918456668131493
884,2020-05-04,9.091879981967127,1.734715458592977
885,2020-05-04,9.091879981967127,1.734715458592977
886,2020-05-05,9.108844600785579,1.463220422599827
887,2020-05-05,9.108844600785579,1.463220422599827
888,2020-05-06,9.121981177998267,1.518453774411617
889,2020-05-06,9.121981177998267,1.518453774411617
890,2020-05-07,9.210340371976184,1.3645015484534173
891,2020-05-07,9.210340371976184,1.3645015484534173
892,2020-05-08,9.190275410273342,1.2601139850093555
893,2020-05-08,9.190275410273342,1.2601139850093555
894,2020-05-11,9.056254023412958,1.1940522233342155
895,2020-05-11,9.056254023412958,1.1940522233342155
896,2020-05-12,9.085396005088947,1.1423715473307985
897,2020-05-12,9.085396005088947,1.1423715473307985
898,2020-05-13,9.13943495846041,1.0667217152467854
899,2020-05-13,9.13943495846041,1.0667217152467854
900,2020-05-14,9.189474179294798,1.0751706513846475
901,2020-05-14,9.189474179294798,1.0751706513846475
902,2020-05-15,9.13843719823638,1.0123174612913692
903,2020-05-15,9.13843719823638,1.0123174612913692
904,2020-05-18,9.182137380208097,1.0225475142302045
905,2020-05-18,9.182137380208097,1.0225475142302045
906,2020-05-19,9.188876665852119,1.0225222378354661
907,2020-05-19,9.188876665852119,1.0225222378354661
908,2020-05-20,9.16078346393378,0.9587766261037276
909,2020-05-20,9.16078346393378,0.9587766261037276
910,2020-05-21,9.111896988812623,0.9434385903010833
911,2020-05-21,9.111896988812623,0.9434385903010833
912,2020-05-22,9.123906282869289,0.9504379917862709
913,2020-05-22,9.123906282869289,0.9504379917862709
914,2020-05-26,9.08714509151008,0.9449404768174073
915,2020-05-26,9.08714509151008,0.9449404768174073
916,2020-05-27,9.128045129249353,0.9555906877275264
917,2020-05-27,9.128045129249353,0.9555906877275264
918,2020-05-28,9.16715934713061,1.0170739449264075
919,2020-05-28,9.16715934713061,1.0170739449264075
920,2020-05-29,9.150700764873429,0.9786364776644165
921,2020-05-29,9.150700764873429,0.9786364776644165
922,2020-06-01,9.230499798357096,0.9409789489164695
923,2020-06-01,9.230499798357096,0.9409789489164695
924,2020-06-02,9.161751837478123,0.9397426857596729
925,2020-06-02,9.161751837478123,0.9397426857596729
926,2020-06-03,9.176679136249897,0.946163833952323
927,2020-06-03,9.176679136249897,0.946163833952323
928,2020-06-04,9.189312834784094,0.8700040991682911
929,2020-06-04,9.189312834784094,0.8700040991682911
930,2020-06-05,9.171598504158172,0.8830749344836234
931,2020-06-05,9.171598504158172,0.8830749344836234
932,2020-06-08,9.18840146445743,0.9097321955808427
933,2020-06-08,9.18840146445743,0.9097321955808427
934,2020-06-09,9.187771602433644,0.9433204667780395
935,2020-06-09,9.187771602433644,0.9433204667780395
936,2020-06-10,9.199716134098676,0.9396890919621532
937,2020-06-10,9.199716134098676,0.9396890919621532
938,2020-06-11,9.133919265049341,1.059881077403693
939,2020-06-11,9.133919265049341,1.059881077403693
940,2020-06-12,9.155152133712194,1.051799263758594
941,2020-06-12,9.155152133712194,1.051799263758594
942,2020-06-15,9.152197355927466,1.041661311466339
943,2020-06-15,9.152197355927466,1.041661311466339
944,2020-06-16,9.162231475691078,0.9118145517065924
945,2020-06-16,9.162231475691078,0.9118145517065924
946,2020-06-17,9.154964016385613,0.8882929793428178
947,2020-06-17,9.154964016385613,0.8882929793428178
948,2020-06-18,9.145778383896598,0.8855796153312785
949,2020-06-18,9.145778383896598,0.8855796153312785
950,2020-06-19,9.138234087416162,0.9468522501359831
951,2020-06-19,9.138234087416162,0.9468522501359831
952,2020-06-22,9.178139442388195,0.9367460721929648
953,2020-06-22,9.178139442388195,0.9367460721929648
954,2020-06-23,9.171891600799013,0.9418079097288103
955,2020-06-23,9.171891600799013,0.9418079097288103
956,2020-06-24,9.136269629898644,0.9369609445150191
957,2020-06-24,9.136269629898644,0.9369609445150191
958,2020-06-25,9.13124088599584,0.8763317118039556
959,2020-06-25,9.13124088599584,0.8763317118039556
960,2020-06-26,9.122411483292309,0.8811432500860024
961,2020-06-26,9.122411483292309,0.8811432500860024
962,2020-06-29,9.12574933632322,0.8997588338573319
963,2020-06-29,9.12574933632322,0.8997588338573319
964,2020-06-30,9.1196451269602,0.8973272893808317
965,2020-06-30,9.1196451269602,0.8973272893808317
966,2020-07-01,9.130580457646172,0.9313724111881964
967,2020-07-01,9.130580457646172,0.9313724111881964
968,2020-07-02,9.115251367710744,0.9037938109140715
969,2020-07-02,9.115251367710744,0.9037938109140715
970,2020-07-06,9.142941229827688,0.9030793447111788
971,2020-07-06,9.142941229827688,0.9030793447111788
972,2020-07-07,9.13315258513519,0.8408748034761119
973,2020-07-07,9.13315258513519,0.8408748034761119
974,2020-07-08,9.152410366418245,0.8090316680184112
975,2020-07-08,9.152410366418245,0.8090316680184112
976,2020-07-09,9.130745064204383,0.8233826780532203
977,2020-07-09,9.130745064204383,0.8233826780532203
978,2020-07-10,9.135997141382134,0.6939771751132329
979,2020-07-10,9.135997141382134,0.6939771751132329
980,2020-07-13,9.130550132429887,0.6933543696989529
981,2020-07-13,9.130550132429887,0.6933543696989529
982,2020-07-14,9.132550707626644,0.6979434987214631
983,2020-07-14,9.132550707626644,0.6979434987214631
984,2020-07-15,9.125878832295696,0.6973507277954858
985,2020-07-15,9.125878832295696,0.6973507277954858
986,2020-07-16,9.119635272494238,0.7143027041616331
987,2020-07-16,9.119635272494238,0.7143027041616331
988,2020-07-17,9.122219288581004,0.7677469518434854
989,2020-07-17,9.122219288581004,0.7677469518434854
990,2020-07-20,9.122866706329434,0.6989192860093113
991,2020-07-20,9.122866706329434,0.6989192860093113
992,2020-07-21,9.14753368368337,0.7010309005630744
993,2020-07-21,9.14753368368337,0.7010309005630744
994,2020-07-22,9.163197400439786,0.7157572539129965
995,2020-07-22,9.163197400439786,0.7157572539129965
996,2020-07-23,9.171308441002424,0.7065272717151667
997,2020-07-23,9.171308441002424,0.7065272717151667
998,2020-07-24,9.164077561356482,0.6938475062851347
999,2020-07-24,9.164077561356482,0.6938475062851347
1000,2020-07-27,9.30984085110987,0.6978785678388568
1001,2020-07-27,9.30984085110987,0.6978785678388568
1002,2020-07-28,9.300114346144468,0.6836711376597726
1003,2020-07-28,9.300114346144468,0.6836711376597726
1004,2020-07-29,9.315706187619964,0.6845361802705452
1005,2020-07-29,9.315706187619964,0.6845361802705452
1006,2020-07-30,9.31579168351194,0.6194428085749186
1007,2020-07-30,9.31579168351194,0.6194428085749186
1008,2020-07-31,9.337566679259862,0.6189271734558971
1009,2020-07-31,9.337566679259862,0.6189271734558971
1010,2020-08-03,9.326912897482922,0.6146513377804816
1011,2020-08-03,9.326912897482922,0.6146513377804816
1012,2020-08-04,9.322992042446065,0.6277837813070498
1013,2020-08-04,9.322992042446065,0.6277837813070498
1014,2020-08-05,9.372054377609645,0.6387018635228026
1015,2020-08-05,9.372054377609645,0.6387018635228026
1016,2020-08-06,9.3733159971726,0.6200127512793289
1017,2020-08-06,9.3733159971726,0.6200127512793289
1018,2020-08-07,9.35883365027198,0.6162077931010119
1019,2020-08-07,9.35883365027198,0.6162077931010119
1020,2020-08-10,9.383883510958555,0.6160825939640544
1021,2020-08-10,9.383883510958555,0.6160825939640544
1022,2020-08-11,9.340722811849014,0.6646850684945874
1023,2020-08-11,9.340722811849014,0.6646850684945874
1024,2020-08-12,9.355768837934365,0.6870816158408408
1025,2020-08-12,9.355768837934365,0.6870816158408408
1026,2020-08-13,9.37528346082396,0.668664930029285
1027,2020-08-13,9.37528346082396,0.668664930029285
1028,2020-08-14,9.374138932396974,0.6164632278483643
1029,2020-08-14,9.374138932396974,0.6164632278483643
1030,2020-08-17,9.417222825369265,0.593811249133145
1031,2020-08-17,9.417222825369265,0.593811249133145
1032,2020-08-18,9.389164152008325,0.593755813680415
1033,2020-08-19,9.37225086641488,0.5628816573441171
1034,2020-08-20,9.380873551410629,0.5737466337054978
1035,2020-08-21,9.352858512545058,0.5680590171297215
1036,2020-08-24,9.372612270964433,0.5578314354558164
1037,2020-08-25,9.335110496532105,0.5384681517550001
1038,2020-08-26,9.347429179490378,0.5535320154924348
1039,2020-08-27,9.335209354022052,0.5550271243986363
1040,2020-08-28,9.353278135653374,0.5558273456856823
1041,2020-08-31,9.363490551469857,0.5399253768859282
1042,2020-09-01,9.386305100213335,0.5420138360716589
1043,2020-09-02,9.341231782913589,0.6449822989997224
1044,2020-09-03,9.226213721132472,0.6565047264124365
1045,2020-09-04,9.254961859273395,0.620797758451757
1046,2020-09-08,9.222660170649702,0.6247442294958481
1047,2020-09-09,9.233353526285184,0.5845431672963031
1048,2020-09-10,9.244025600255645,0.5973542050831827
1049,2020-09-11,9.248891630325362,0.597748273631121
1050,2020-09-14,9.275673889520352,0.6121801476423345
1051,2020-09-15,9.285803068932879,0.6177018347728739
1052,2020-09-16,9.301235364625278,0.6153369336413638
1053,2020-09-17,9.300224036661923,0.6227857041179279
1054,2020-09-18,9.299376364714142,0.6523108139367474
1055,2020-09-21,9.25064607324001,0.6781274194803824
1056,2020-09-22,9.262392828127506,0.6737611047077754
1057,2020-09-23,9.233414113926692,0.6909393095350944
1058,2020-09-24,9.282104599705436,0.6908399413234205
1059,2020-09-25,9.277046230240932,0.7196104513223945
1060,2020-09-28,9.27701535924381,0.7194121261192208
1061,2020-09-29,9.29066796214377,0.7184026914403437
1062,2020-09-30,9.28528271023539,0.712537840961009
1063,2020-10-01,9.270749441151052,0.6124473702194372
1064,2020-10-02,9.266582699670655,0.6137739912796977
1065,2020-10-05,9.286838342948908,0.629388279118839
1066,2020-10-06,9.269206271676541,0.6344055394134398
1067,2020-10-07,9.2751107412349,0.6172967094084992
1068,2020-10-08,9.298827326432383,0.6207122257172795
1069,2020-10-09,9.310366686043308,0.6199914909778712
1070,2020-10-12,9.353226125820038,0.600887978525621
1071,2020-10-13,9.343820013261627,0.6013157756314902
1072,2020-10-14,9.343895264324585,0.6012920603066354
1073,2020-10-15,9.3510679349462,0.5924198334404982
1074,2020-10-16,9.334490649213672,0.5646837789073362
1075,2020-10-19,9.372811200317116,0.5435701141372311
1076,2020-10-20,9.386066057089236,0.543117760833425
1077,2020-10-21,9.457409021905058,0.50810245888741
1078,2020-10-22,9.471416114347823,0.5193692305719301
1079,2020-10-23,9.468201435313201,0.47826553302230457
1080,2020-10-26,9.477824584037473,0.47719991399166745
1081,2020-10-27,9.521340942623727,0.4772800415819257
1082,2020-10-28,9.493617506920248,0.5942786835978304
1083,2020-10-29,9.508104449779982,0.5816188762147484
1084,2020-10-30,9.515036628804689,0.574773373070202
1085,2020-11-02,9.515153860154255,0.6170116391520224
1086,2020-11-03,9.549778206860681,0.6340530727879372
1087,2020-11-04,9.558218033046346,0.6575336563948436
1088,2020-11-05,9.655349217982595,0.6267615400099728
1089,2020-11-06,9.654903749844307,0.6273603803416795
1090,2020-11-09,9.637700035419558,0.6640671113098358
1091,2020-11-10,9.636499866507881,0.6825040988065992
1092,2020-11-11,9.66191841287226,0.6839668343655771
1093,2020-11-12,9.698920386794853,0.7137983563909559
1094,2020-11-13,9.701100829985789,0.7119705205928464
1095,2020-11-16,9.72463716425999,0.7153014257735825
1096,2020-11-17,9.78022496904094,0.753889206858482
1097,2020-11-18,9.786164098755814,0.7931901428427728
1098,2020-11-19,9.788383612396311,0.7834681738850171
1099,2020-11-20,9.83561815685668,0.7826851205372661
1100,2020-11-23,9.819200642631442,0.7826779553918648
1101,2020-11-24,9.860624413797616,0.7940244398873413
1102,2020-11-25,9.838011525410451,0.7024609698725539
1103,2020-11-27,9.75000939651403,0.7128309477113828
1104,2020-11-30,9.888383559349622,0.7263579450289652
1105,2020-12-01,9.840091312080832,0.678526383865835
1106,2020-12-02,9.864047415311147,0.6593577643690397
1107,2020-12-03,9.875520083452074,0.6447586883311053
1108,2020-12-04,9.834874608867462,0.6474030154688878
1109,2020-12-07,9.86128439631769,0.6506465143682272
1110,2020-12-08,9.815553750243058,0.609206148397238
1111,2020-12-09,9.828582955468713,0.5824195699717822
1112,2020-12-10,9.811936797231693,0.5840801100898381
1113,2020-12-11,9.80034790226345,0.5475393143563723
1114,2020-12-14,9.866529437775505,0.5371302947483251
1115,2020-12-15,9.874824154300741,0.5768835808947579
1116,2020-12-16,9.969542111407538,0.5402894554094115
1117,2020-12-17,10.035140181388739,0.4869540385861206
1118,2020-12-18,10.04915117611584,0.48270296469581475
1119,2020-12-21,10.031529342325415,0.5480552492505087
1120,2020-12-22,10.078914563140929,0.548612624285452
1121,2020-12-23,10.053961911540933,0.532549176516232
1122,2020-12-24,10.07433857355072,0.538878224608812
1123,2020-12-28,10.204995234270243,0.5269045611450186
1124,2020-12-29,10.217202802034725,0.49406043916128417
1125,2020-12-30,10.270949605844086,0.4902895443203468
1126,2020-12-31,10.27480245736771,0.5178083546501785
1127,2021-01-04,10.3736749149019,0.5952467157170965
1128,2021-01-05,10.43526367395474,0.5816416985555403
1129,2021-01-06,10.514609269393633,0.6551138814085944
1130,2021-01-07,10.584321485252097,0.6747518691798546
1131,2021-01-08,10.613173953030888,0.6825988806011751
1132,2021-01-11,10.476035924368926,0.6896583239081064
1133,2021-01-12,10.43514527351226,0.6926591077424112
1134,2021-01-13,10.529251904080574,0.7314346939338118
1135,2021-01-14,10.57475587692763,0.6905790134565273
1136,2021-01-15,10.51207226417275,0.685903834653765
1137,2021-01-19,10.48898326186906,0.6823749916293944
1138,2021-01-20,10.47720092942159,0.6777124105029303
1139,2021-01-21,10.335860054567165,0.6304086689291363
1140,2021-01-22,10.404022205437728,0.6301793588572485
1141,2021-01-25,10.381621168695064,0.6775539044718574
1142,2021-01-26,10.389134743220081,0.6835019680481067
1143,2021-01-27,10.32300742804889,0.7632553077771416
1144,2021-01-28,10.418848974001241,0.7778715095001617
1145,2021-01-29,10.441431332686227,0.7783265171028049
1146,2021-02-01,10.42027755398615,0.7581452613788983
1147,2021-02-02,10.477912006068015,0.6941698765578891
1148,2021-02-03,10.537193332871801,0.6953234630864308
1149,2021-02-04,10.518573727220483,0.6302737841411261
1150,2021-02-05,10.553727232084796,0.6117455990542208
1151,2021-02-08,10.745409201246972,0.6104013577372218
1152,2021-02-09,10.747319413280158,0.5991964518672707
1153,2021-02-10,10.711182095157668,0.59745546982679
1154,2021-02-11,10.778570382103863,0.5501417677976884
1155,2021-02-12,10.766289740118628,0.5557154139785861
1156,2021-02-16,10.802968386429022,0.5602214730398317
1157,2021-02-17,10.86234493213768,0.5582454395212653
1158,2021-02-18,10.850880361210226,0.5583695543126561
1159,2021-02-19,10.932903020349599,0.5849410987600293
1160,2021-02-22,10.899949906850877,0.6353405068274115
1161,2021-02-23,10.797285814729511,0.5932492181730893
1162,2021-02-24,10.81484614136472,0.5982718410742274
1163,2021-02-25,10.75978578776063,0.5024403371904073
1164,2021-02-26,10.74321749116428,0.5341101574633969
1165,2021-03-01,10.812337268591108,0.5970234857424295
1166,2021-03-02,10.789656133517681,0.5951518545442875
1167,2021-03-03,10.827343198159554,0.6049472828996149
1168,2021-03-04,10.786438643798522,0.6037127401654734
1169,2021-03-05,10.794239118594822,0.6297750492694841
1170,2021-03-08,10.867192263976685,0.6504368879139035
1171,2021-03-09,10.913797085289112,0.6640384180469444
1172,2021-03-10,10.930465806342525,0.6693443112338471
1173,2021-03-11,10.964261066067936,0.6682930526350743
1174,2021-03-12,10.95555036481792,0.6855155489823297
1175,2021-03-15,10.926736183571487,0.6979847401267928
1176,2021-03-16,10.949197182308632,0.6836475564276331
1177,2021-03-17,10.98362692944437,0.7141522338154721
1178,2021-03-18,10.962111700320277,0.7117317815201436
1179,2021-03-19,10.969438898964677,0.6869384881648068
1180,2021-03-22,10.898051797211878,0.6500621329267927
1181,2021-03-23,10.903412749378553,0.6682493080994932
1182,2021-03-24,10.864512998250978,0.6516155628640214
1183,2021-03-25,10.845954868540758,0.6554583204343698
1184,2021-03-26,10.916566825445393,0.6131985075256469
1185,2021-03-29,10.961279582793587,0.5640507987474297
1186,2021-03-30,10.981226671081517,0.5742817666029915
1187,2021-03-31,10.981600831490097,0.562277922217258
1188,2021-04-01,10.980680918405938,0.5622996997193876
1189,2021-04-05,10.987409125794233,0.5415063410318384
1190,2021-04-06,10.968513757004839,0.5163123757182355
1191,2021-04-07,10.931906785498539,0.48932643958122984
1192,2021-04-08,10.969862421334193,0.4818062491491667
1193,2021-04-09,10.970085473193986,0.48088794784870803
1194,2021-04-12,10.999290231277472,0.4504794489391424
1195,2021-04-13,11.059810102748228,0.44640248955925765
1196,2021-04-14,11.05066918734437,0.4495614332524152
1197,2021-04-15,11.054679482892235,0.4226188796908998
1198,2021-04-16,11.025755168032218,0.43216153970874144
1199,2021-04-19,10.927637575526745,0.43549719356057837
1200,2021-04-20,10.942052375717708,0.4499591446578237
1201,2021-04-21,10.893144724554233,0.4230505756877443
1202,2021-04-22,10.85290256742426,0.43258077123377814
1203,2021-04-23,10.843038652315531,0.41160263758745197
1204,2021-04-26,10.898097846782862,0.4157815514565573
1205,2021-04-27,10.916748721587917,0.40538860696366213
1206,2021-04-28,10.913304510278236,0.38928406784571745
1207,2021-04-29,10.889191840730295,0.3950799203363468
1208,2021-04-30,10.964316108433263,0.4070233754960585
1209,2021-05-03,10.95470018483059,0.38324046361569936
1210,2021-05-04,10.882505916878266,0.3804568733658884
1211,2021-05-05,10.959712907527438,0.4363099093405707
1212,2021-05-06,10.941064332902178,0.44665206496556586
1213,2021-05-07,10.957481238958863,0.44807777796937376
1214,2021-05-10,10.930974698040933,0.4656333126213845
1215,2021-05-11,10.946652315900648,0.4679754010175318
1216,2021-05-12,10.80743360138235,0.5520081179706919
1217,2021-05-13,10.813658798491831,0.5859205586864169
1218,2021-05-14,10.81738402044647,0.5802862413059516
1219,2021-05-17,10.682660812339263,0.5859978621948051
1220,2021-05-18,10.666108322353054,0.563975092306509
1221,2021-05-19,10.51272118922646,0.5542340923680706
1222,2021-05-20,10.612530227676443,0.5576872334031211
1223,2021-05-21,10.527690788983588,0.561195113625631
1224,2021-05-24,10.567202317867354,0.557011547946459
1225,2021-05-25,10.555753361813053,0.5695168302834911
1226,2021-05-26,10.579223025272622,0.5692580330187376
1227,2021-05-27,10.558503646084553,0.5640587599502884
1228,2021-05-28,10.482694740979131,0.5595072033463998
1229,2021-06-01,10.510349456068417,0.5648578981275177
1230,2021-06-02,10.534476310608548,0.5667270228760656
1231,2021-06-03,10.57693904008222,0.5300791088341947
1232,2021-06-04,10.515623139537492,0.5216595144936857
1233,2021-06-07,10.421763950220443,0.5207703747757357
1234,2021-06-08,10.41666111772908,0.5164557590069127
1235,2021-06-09,10.529425983402623,0.5049641942692172
1236,2021-06-10,10.510737462532065,0.4159133467722344
1237,2021-06-11,10.527850143488374,0.3405422853840352
1238,2021-06-14,10.609866555150989,0.33603390886790413
1239,2021-06-15,10.600912321157255,0.3218951240043485
1240,2021-06-16,10.554613843104429,0.3743203455462416
1241,2021-06-17,10.547908666872324,0.3800554780400238
1242,2021-06-18,10.486819867088867,0.4924163287971066
1243,2021-06-21,10.361992828359792,0.4923875726028673
1244,2021-06-22,10.39038701491297,0.49776960423328975
1245,2021-06-23,10.423836089092525,0.4922232459307737
1246,2021-06-24,10.453033379605856,0.492364197032652
1247,2021-06-25,10.360841194508337,0.5032698266970943
1248,2021-06-28,10.448340910016512,0.5051268757849032
1249,2021-06-29,10.488713441448366,0.5396561744850907
1250,2021-06-30,10.464166489414097,0.5361402702166019
1251,2021-07-01,10.421215599673998,0.5481641238473292
1252,2021-07-02,10.428558034832713,0.5481798429460466
1253,2021-07-06,10.441269274056562,0.5502540129922749
1254,2021-07-07,10.430653050476955,0.5457194819759984
1255,2021-07-08,10.40119115796163,0.5353824969733367
1256,2021-07-09,10.428997728568131,0.5292323257251097
1257,2021-07-12,10.407439607358947,0.5300376535237524
1258,2021-07-13,10.395986259609234,0.5379344932475322
1259,2021-07-14,10.39890152454718,0.5475960334722884
1260,2021-07-15,10.368750273916746,0.5321967391786652
1261,2021-07-16,10.354186349315276,0.5425508842944423
1262,2021-07-19,10.336220491098308,0.4741469360070477
1263,2021-07-20,10.30181323549151,0.4728029787922468
1264,2021-07-21,10.377808411619545,0.48691552165115903
1265,2021-07-22,10.382849753421665,0.4683720347925736
1266,2021-07-23,10.42478327304369,0.49485716636614974
1267,2021-07-26,10.526513725502811,0.4762059479237808
1268,2021-07-27,10.583433225390362,0.5161599226325222
1269,2021-07-28,10.59754232111344,0.483357166324411
1270,2021-07-29,10.597572043683227,0.4839717994869968
1271,2021-07-30,10.651001935683244,0.4763095924014492
1272,2021-08-02,10.575552812853507,0.48569375331666736
1273,2021-08-03,10.549990352585333,0.48810237067749834
1274,2021-08-04,10.590141698899409,0.4815267111124412
1275,2021-08-05,10.618755015690374,0.49927149134671894
1276,2021-08-06,10.665614704499818,0.49908319583857264
1277,2021-08-09,10.742743664567309,0.49741908393596723
1278,2021-08-10,10.72787569217918,0.48831607881406963
1279,2021-08-11,10.726343045804665,0.4901263967630193
1280,2021-08-12,10.701995373753892,0.4695917217610066
1281,2021-08-13,10.776047480068415,0.4608912292544125
1282,2021-08-16,10.734884881111883,0.421694240582565
1283,2021-08-17,10.707602374402443,0.41828889404407515
1284,2021-08-18,10.708201375846057,0.3995725410150695
1285,2021-08-19,10.752875370297305,0.4023681256124302
1286,2021-08-20,10.806814618018425,0.40069448925985535
1287,2021-08-23,10.810966978621705,0.4326436167338623
1288,2021-08-24,10.773343274686095,0.3845052985708561
1289,2021-08-25,10.799815344264685,0.37296819922242497
1290,2021-08-26,10.75484053692581,0.3727120067524852
1291,2021-08-27,10.801624293366217,0.3571894117239812
1292,2021-08-30,10.757976069503192,0.3442476260648686
1293,2021-08-31,10.761218441969023,0.33699395287856876
1294,2021-09-01,10.796581098112435,0.3744704947289768
1295,2021-09-02,10.805167870215797,0.3666080483906376
1296,2021-09-03,10.820278959051814,0.381200798023089
1297,2021-09-07,10.755065241377986,0.4165336570818875
1298,2021-09-08,10.73839337638872,0.4727704683534323
1299,2021-09-09,10.744899769310734,0.4631862841766563
1300,2021-09-10,10.711243402445307,0.4957919105268733
1301,2021-09-13,10.713847383891714,0.48835340139867545
1302,2021-09-14,10.76009579364898,0.48414143130932963
1303,2021-09-15,10.782095939361778,0.4843731903124958
1304,2021-09-16,10.773957148311709,0.4917055662162308
1305,2021-09-17,10.764375082225904,0.5267828973692175
1306,2021-09-20,10.66979202135017,0.5168777824691972
1307,2021-09-21,10.611438120283374,0.49164575052328496
1308,2021-09-22,10.682572262884793,0.48475124843495015
1309,2021-09-23,10.712271021694551,0.48883887009969657
1310,2021-09-24,10.6654259175789,0.4880290333549062
1311,2021-09-27,10.64993400167141,0.510496868603909
1312,2021-09-28,10.62252175404792,0.5345355379709129
1313,2021-09-29,10.63448190722252,0.5587801825922019
1314,2021-09-30,10.688174860630284,0.5433741390833701
1315,2021-10-01,10.782530312123553,0.5313241388802955
1316,2021-10-04,10.804505039955142,0.5486853296489591
1317,2021-10-05,10.849360193180987,0.5232847556450536
1318,2021-10-06,10.921355873816685,0.5109861513715985
1319,2021-10-07,10.89279823631315,0.5108023532152753
1320,2021-10-08,10.895946604018302,0.4879945304255427
1321,2021-10-11,10.959282802350266,0.5170677550837688
1322,2021-10-12,10.933026430759826,0.5222044244473762
1323,2021-10-13,10.957356104194833,0.5419933184220325
1324,2021-10-14,10.957304337743091,0.5533681859842879
1325,2021-10-15,11.029347722897375,0.5188406666308704
1326,2021-10-18,11.035448378884752,0.5195878542188632
1327,2021-10-19,11.07040641057309,0.5419341312853323
1328,2021-10-20,11.0972631920479,0.5767093836350466
1329,2021-10-21,11.038422770089685,0.5727518473596669
1330,2021-10-22,11.013743127638012,0.5761424207562119
1331,2021-10-25,11.052498710713087,0.5589784358323738
1332,2021-10-26,11.007555266607037,0.5399652226697707
1333,2021-10-27,10.976198957281301,0.5215177286367096
1334,2021-10-28,11.01193069297287,0.5184304760101393
1335,2021-10-29,11.039742226119214,0.5238416906974276
1336,2021-11-01,11.017363588580615,0.49671594344349024
1337,2021-11-02,11.05500849685964,0.4958647139687064
1338,2021-11-03,11.049789717739495,0.4589380915928263
1339,2021-11-04,11.026097090134108,0.45929853725619063
1340,2021-11-05,11.019152121132722,0.46516371855661875
1341,2021-11-08,11.120756569154405,0.4715224133708238
1342,2021-11-09,11.111637420771112,0.4683522862872664
1343,2021-11-10,11.080933048496224,0.45648929282888906
1344,2021-11-11,11.079389994843572,0.43662409453366635
1345,2021-11-12,11.06911046043781,0.4351700667804364
1346,2021-11-15,11.060464499461004,0.44937723506046157
1347,2021-11-16,11.00446886618065,0.4249807756616911
1348,2021-11-17,11.008308030456433,0.3765300582679222
1349,2021-11-18,10.949360941028448,0.38222375321685564
1350,2021-11-19,10.970412216293456,0.38354504023366165
1351,2021-11-22,10.938345190537696,0.38729595646815035
1352,2021-11-23,10.960930390494738,0.381579909082678
1353,2021-11-24,10.954047954440963,0.37217884379892546
1354,2021-11-26,10.892830771163787,0.41362547124595594
1355,2021-11-29,10.965524372970302,0.4470430318967283
1356,2021-11-30,10.950352408623827,0.5809324347868767
1357,2021-12-01,10.95521069395659,0.5812774133420301
1358,2021-12-02,10.942844406623017,0.6009626858924296
1359,2021-12-03,10.891981543749699,0.6100222276339795
1360,2021-12-06,10.8308171315255,0.6281458799364102
1361,2021-12-07,10.832246630519302,0.6063457472877171
1362,2021-12-08,10.830585673626558,0.6030383449499768
1363,2021-12-09,10.770443491957788,0.5946101305520014
1364,2021-12-10,10.760928511617085,0.5934368461314304
1365,2021-12-13,10.752035060360056,0.6130305911657059
1366,2021-12-14,10.787047633169953,0.595181767037077
1367,2021-12-15,10.797058943637857,0.6265687774848315
1368,2021-12-16,10.771919506366103,0.6297262694547193
1369,2021-12-17,10.74097141277671,0.6547978751452989
1370,2021-12-20,10.75609273272415,0.6566462777952569
1371,2021-12-21,10.798143123048748,0.6524237780606597
1372,2021-12-22,10.791769474310042,0.6545522599902281
1373,2021-12-23,10.836635401476705,0.6545125412835273
1374,2021-12-27,10.83403832500987,0.6266948428497163
1375,2021-12-28,10.76939615373434,0.6091537336058743
1376,2021-12-29,10.746849678069685,0.4857582343495406
