count of whale,Date
1643,2018-07-02
1640,2018-07-03
1640,2018-07-04
1636,2018-07-05
1640,2018-07-06
1640,2018-07-07
1650,2018-07-08
1653,2018-07-09
1651,2018-07-10
1660,2018-07-11
1658,2018-07-12
1659,2018-07-13
1657,2018-07-14
1656,2018-07-15
1652,2018-07-16
1653,2018-07-17
1656,2018-07-18
1656,2018-07-19
1647,2018-07-20
1645,2018-07-21
1643,2018-07-22
1640,2018-07-23
1638,2018-07-24
1637,2018-07-25
1640,2018-07-26
1639,2018-07-27
1640,2018-07-28
1639,2018-07-29
1641,2018-07-30
1640,2018-07-31
1639,2018-08-01
1639,2018-08-02
1636,2018-08-03
1637,2018-08-04
1637,2018-08-05
1639,2018-08-06
1641,2018-08-07
1643,2018-08-08
1647,2018-08-09
1649,2018-08-10
1650,2018-08-11
1649,2018-08-12
1650,2018-08-13
1647,2018-08-14
1645,2018-08-15
1639,2018-08-16
1636,2018-08-17
1634,2018-08-18
1629,2018-08-19
1621,2018-08-20
1615,2018-08-21
1604,2018-08-22
1595,2018-08-23
1594,2018-08-24
1587,2018-08-25
1584,2018-08-26
1571,2018-08-27
1568,2018-08-28
1555,2018-08-29
1550,2018-08-30
1548,2018-08-31
1547,2018-09-01
1548,2018-09-02
1546,2018-09-03
1548,2018-09-04
1547,2018-09-05
1542,2018-09-06
1540,2018-09-07
1540,2018-09-08
1540,2018-09-09
1545,2018-09-10
1546,2018-09-11
1547,2018-09-12
1548,2018-09-13
1545,2018-09-14
1551,2018-09-15
1549,2018-09-16
1553,2018-09-17
1554,2018-09-18
1553,2018-09-19
1549,2018-09-20
1550,2018-09-21
1556,2018-09-22
1558,2018-09-23
1553,2018-09-24
1556,2018-09-25
1554,2018-09-26
1555,2018-09-27
1553,2018-09-28
1556,2018-09-29
1557,2018-09-30
1553,2018-10-01
1555,2018-10-02
1558,2018-10-03
1556,2018-10-04
1559,2018-10-05
1560,2018-10-06
1558,2018-10-07
1557,2018-10-08
1558,2018-10-09
1561,2018-10-10
1561,2018-10-11
1566,2018-10-12
1564,2018-10-13
1565,2018-10-14
1566,2018-10-15
1568,2018-10-16
1568,2018-10-17
1568,2018-10-18
1565,2018-10-19
1566,2018-10-20
1568,2018-10-21
1571,2018-10-22
1578,2018-10-23
1581,2018-10-24
1591,2018-10-25
1595,2018-10-26
1592,2018-10-27
1593,2018-10-28
1586,2018-10-29
1584,2018-10-30
1589,2018-10-31
1592,2018-11-01
1591,2018-11-02
1590,2018-11-03
1586,2018-11-04
1586,2018-11-05
1585,2018-11-06
1585,2018-11-07
1584,2018-11-08
1588,2018-11-09
1592,2018-11-10
1590,2018-11-11
1584,2018-11-12
1584,2018-11-13
1579,2018-11-14
1582,2018-11-15
1583,2018-11-16
1577,2018-11-17
1581,2018-11-18
1576,2018-11-19
1575,2018-11-20
1577,2018-11-21
1583,2018-11-22
1583,2018-11-23
1577,2018-11-24
1570,2018-11-25
1568,2018-11-26
1571,2018-11-27
1567,2018-11-28
1574,2018-11-29
1574,2018-11-30
1572,2018-12-01
1572,2018-12-02
1572,2018-12-03
1572,2018-12-04
1568,2018-12-05
1561,2018-12-06
1561,2018-12-07
1555,2018-12-08
1559,2018-12-09
1564,2018-12-10
1563,2018-12-11
1563,2018-12-12
1564,2018-12-13
1559,2018-12-14
1561,2018-12-15
1557,2018-12-16
1552,2018-12-17
1554,2018-12-18
1552,2018-12-19
1559,2018-12-20
1555,2018-12-21
1555,2018-12-22
1557,2018-12-23
1553,2018-12-24
1550,2018-12-25
1548,2018-12-26
1546,2018-12-27
1546,2018-12-28
1544,2018-12-29
1543,2018-12-30
1535,2018-12-31
1538,2019-01-01
1535,2019-01-02
1538,2019-01-03
1537,2019-01-04
1533,2019-01-05
1534,2019-01-06
1535,2019-01-07
1538,2019-01-08
1538,2019-01-09
1539,2019-01-10
1537,2019-01-11
1537,2019-01-12
1541,2019-01-13
1539,2019-01-14
1525,2019-01-15
1527,2019-01-16
1519,2019-01-17
1522,2019-01-18
1521,2019-01-19
1520,2019-01-20
1521,2019-01-21
1521,2019-01-22
1524,2019-01-23
1530,2019-01-24
1528,2019-01-25
1532,2019-01-26
1532,2019-01-27
1530,2019-01-28
1532,2019-01-29
1534,2019-01-30
1535,2019-01-31
1536,2019-02-01
1537,2019-02-02
1539,2019-02-03
1537,2019-02-04
1539,2019-02-05
1535,2019-02-06
1527,2019-02-07
1530,2019-02-08
1533,2019-02-09
1534,2019-02-10
1538,2019-02-11
1532,2019-02-12
1538,2019-02-13
1533,2019-02-14
1535,2019-02-15
1534,2019-02-16
1538,2019-02-17
1532,2019-02-18
1533,2019-02-19
1533,2019-02-20
1521,2019-02-21
1519,2019-02-22
1518,2019-02-23
1521,2019-02-24
1523,2019-02-25
1522,2019-02-26
1522,2019-02-27
1521,2019-02-28
1522,2019-03-01
1523,2019-03-02
1526,2019-03-03
1521,2019-03-04
1519,2019-03-05
1523,2019-03-06
1521,2019-03-07
1524,2019-03-08
1525,2019-03-09
1525,2019-03-10
1523,2019-03-11
1519,2019-03-12
1521,2019-03-13
1523,2019-03-14
1528,2019-03-15
1606,2019-03-16
1608,2019-03-17
1612,2019-03-18
1609,2019-03-19
1607,2019-03-20
1609,2019-03-21
1606,2019-03-22
1607,2019-03-23
1607,2019-03-24
1604,2019-03-25
1605,2019-03-26
1608,2019-03-27
1610,2019-03-28
1623,2019-03-29
1622,2019-03-30
1623,2019-03-31
1627,2019-04-01
1623,2019-04-02
1624,2019-04-03
1625,2019-04-04
1627,2019-04-05
1624,2019-04-06
1626,2019-04-07
1623,2019-04-08
1620,2019-04-09
1621,2019-04-10
1626,2019-04-11
1623,2019-04-12
1625,2019-04-13
1629,2019-04-14
1625,2019-04-15
1623,2019-04-16
1624,2019-04-17
1623,2019-04-18
1619,2019-04-19
1619,2019-04-20
1620,2019-04-21
1620,2019-04-22
1621,2019-04-23
1619,2019-04-24
1619,2019-04-25
1615,2019-04-26
1615,2019-04-27
1621,2019-04-28
1625,2019-04-29
1625,2019-04-30
1623,2019-05-01
1620,2019-05-02
1615,2019-05-03
1613,2019-05-04
1614,2019-05-05
1617,2019-05-06
1624,2019-05-07
1629,2019-05-08
1625,2019-05-09
1622,2019-05-10
1626,2019-05-11
1631,2019-05-12
1627,2019-05-13
1632,2019-05-14
1638,2019-05-15
1635,2019-05-16
1633,2019-05-17
1630,2019-05-18
1629,2019-05-19
1630,2019-05-20
1630,2019-05-21
1631,2019-05-22
1636,2019-05-23
1636,2019-05-24
1633,2019-05-25
1631,2019-05-26
1628,2019-05-27
1629,2019-05-28
1635,2019-05-29
1633,2019-05-30
1633,2019-05-31
1632,2019-06-01
1635,2019-06-02
1629,2019-06-03
1627,2019-06-04
1626,2019-06-05
1628,2019-06-06
1635,2019-06-07
1634,2019-06-08
1633,2019-06-09
1633,2019-06-10
1629,2019-06-11
1632,2019-06-12
1623,2019-06-13
1630,2019-06-14
1628,2019-06-15
1625,2019-06-16
1623,2019-06-17
1622,2019-06-18
1609,2019-06-19
1606,2019-06-20
1605,2019-06-21
1603,2019-06-22
1601,2019-06-23
1600,2019-06-24
1595,2019-06-25
1590,2019-06-26
1591,2019-06-27
1598,2019-06-28
1602,2019-06-29
1592,2019-06-30
1592,2019-07-01
1589,2019-07-02
1586,2019-07-03
1588,2019-07-04
1589,2019-07-05
1590,2019-07-06
1590,2019-07-07
1585,2019-07-08
1586,2019-07-09
1587,2019-07-10
1590,2019-07-11
1591,2019-07-12
1588,2019-07-13
1589,2019-07-14
1588,2019-07-15
1579,2019-07-16
1578,2019-07-17
1579,2019-07-18
1578,2019-07-19
1576,2019-07-20
1577,2019-07-21
1573,2019-07-22
1580,2019-07-23
1588,2019-07-24
1592,2019-07-25
1593,2019-07-26
1594,2019-07-27
1593,2019-07-28
1617,2019-07-29
1611,2019-07-30
1616,2019-07-31
1616,2019-08-01
1614,2019-08-02
1619,2019-08-03
1618,2019-08-04
1614,2019-08-05
1648,2019-08-06
1674,2019-08-07
1671,2019-08-08
1669,2019-08-09
1668,2019-08-10
1667,2019-08-11
1670,2019-08-12
1671,2019-08-13
1679,2019-08-14
1680,2019-08-15
1683,2019-08-16
1670,2019-08-17
1667,2019-08-18
1667,2019-08-19
1666,2019-08-20
1658,2019-08-21
1660,2019-08-22
1663,2019-08-23
1665,2019-08-24
1667,2019-08-25
1667,2019-08-26
1668,2019-08-27
1676,2019-08-28
1674,2019-08-29
1673,2019-08-30
1672,2019-08-31
1678,2019-09-01
1679,2019-09-02
1677,2019-09-03
1675,2019-09-04
1671,2019-09-05
1669,2019-09-06
1670,2019-09-07
1670,2019-09-08
1669,2019-09-09
1670,2019-09-10
1672,2019-09-11
1671,2019-09-12
1673,2019-09-13
1674,2019-09-14
1674,2019-09-15
1671,2019-09-16
1670,2019-09-17
1672,2019-09-18
1676,2019-09-19
1674,2019-09-20
1674,2019-09-21
1673,2019-09-22
1672,2019-09-23
1675,2019-09-24
1673,2019-09-25
1675,2019-09-26
1680,2019-09-27
1677,2019-09-28
1678,2019-09-29
1676,2019-09-30
1675,2019-10-01
1672,2019-10-02
1673,2019-10-03
1673,2019-10-04
1672,2019-10-05
1673,2019-10-06
1670,2019-10-07
1672,2019-10-08
1674,2019-10-09
1674,2019-10-10
1676,2019-10-11
1681,2019-10-12
1678,2019-10-13
1674,2019-10-14
1657,2019-10-15
1655,2019-10-16
1657,2019-10-17
1657,2019-10-18
1659,2019-10-19
1661,2019-10-20
1651,2019-10-21
1654,2019-10-22
1652,2019-10-23
1651,2019-10-24
1651,2019-10-25
1649,2019-10-26
1652,2019-10-27
1653,2019-10-28
1652,2019-10-29
1655,2019-10-30
1649,2019-10-31
1664,2019-11-01
1663,2019-11-02
1661,2019-11-03
1660,2019-11-04
1655,2019-11-05
1656,2019-11-06
1654,2019-11-07
1660,2019-11-08
1658,2019-11-09
1659,2019-11-10
1660,2019-11-11
1661,2019-11-12
1656,2019-11-13
1660,2019-11-14
1662,2019-11-15
1660,2019-11-16
1658,2019-11-17
1652,2019-11-18
1652,2019-11-19
1654,2019-11-20
1652,2019-11-21
1654,2019-11-22
1652,2019-11-23
1649,2019-11-24
1647,2019-11-25
1644,2019-11-26
1643,2019-11-27
1643,2019-11-28
1642,2019-11-29
1645,2019-11-30
1644,2019-12-01
1645,2019-12-02
1649,2019-12-03
1646,2019-12-04
1646,2019-12-05
1647,2019-12-06
1646,2019-12-07
1646,2019-12-08
1649,2019-12-09
1647,2019-12-10
1646,2019-12-11
1649,2019-12-12
1650,2019-12-13
1653,2019-12-14
1654,2019-12-15
1650,2019-12-16
1653,2019-12-17
1650,2019-12-18
1647,2019-12-19
1650,2019-12-20
1649,2019-12-21
1647,2019-12-22
1653,2019-12-23
1653,2019-12-24
1650,2019-12-25
1648,2019-12-26
1647,2019-12-27
1649,2019-12-28
1648,2019-12-29
1646,2019-12-30
1646,2019-12-31
1645,2020-01-01
1648,2020-01-02
1646,2020-01-03
1646,2020-01-04
1646,2020-01-05
1648,2020-01-06
1649,2020-01-07
1647,2020-01-08
1642,2020-01-09
1642,2020-01-10
1644,2020-01-11
1645,2020-01-12
1640,2020-01-13
1641,2020-01-14
1645,2020-01-15
1645,2020-01-16
1648,2020-01-17
1647,2020-01-18
1645,2020-01-19
1646,2020-01-20
1642,2020-01-21
1646,2020-01-22
1649,2020-01-23
1648,2020-01-24
1650,2020-01-25
1648,2020-01-26
1646,2020-01-27
1646,2020-01-28
1640,2020-01-29
1643,2020-01-30
1647,2020-01-31
1647,2020-02-01
1647,2020-02-02
1649,2020-02-03
1649,2020-02-04
1647,2020-02-05
1648,2020-02-06
1648,2020-02-07
1659,2020-02-08
1661,2020-02-09
1657,2020-02-10
1660,2020-02-11
1649,2020-02-12
1647,2020-02-13
1652,2020-02-14
1653,2020-02-15
1655,2020-02-16
1653,2020-02-17
1649,2020-02-18
1648,2020-02-19
1649,2020-02-20
1648,2020-02-21
1648,2020-02-22
1646,2020-02-23
1650,2020-02-24
1646,2020-02-25
1649,2020-02-26
1649,2020-02-27
1651,2020-02-28
1653,2020-02-29
1658,2020-03-01
1655,2020-03-02
1657,2020-03-03
1660,2020-03-04
1659,2020-03-05
1660,2020-03-06
1659,2020-03-07
1660,2020-03-08
1656,2020-03-09
1655,2020-03-10
1651,2020-03-11
1654,2020-03-12
1639,2020-03-13
1634,2020-03-14
1635,2020-03-15
1644,2020-03-16
1641,2020-03-17
1636,2020-03-18
1641,2020-03-19
1642,2020-03-20
1642,2020-03-21
1645,2020-03-22
1637,2020-03-23
1643,2020-03-24
1644,2020-03-25
1641,2020-03-26
1648,2020-03-27
1651,2020-03-28
1648,2020-03-29
1651,2020-03-30
1652,2020-03-31
1649,2020-04-01
1646,2020-04-02
1651,2020-04-03
1650,2020-04-04
1652,2020-04-05
1649,2020-04-06
1648,2020-04-07
1647,2020-04-08
1645,2020-04-09
1644,2020-04-10
1650,2020-04-11
1651,2020-04-12
1657,2020-04-13
1657,2020-04-14
1655,2020-04-15
1650,2020-04-16
1652,2020-04-17
1649,2020-04-18
1650,2020-04-19
1653,2020-04-20
1648,2020-04-21
1651,2020-04-22
1655,2020-04-23
1659,2020-04-24
1659,2020-04-25
1657,2020-04-26
1655,2020-04-27
1659,2020-04-28
1656,2020-04-29
1655,2020-04-30
1661,2020-05-01
1658,2020-05-02
1658,2020-05-03
1652,2020-05-04
1651,2020-05-05
1654,2020-05-06
1660,2020-05-07
1657,2020-05-08
1658,2020-05-09
1658,2020-05-10
1658,2020-05-11
1663,2020-05-12
1663,2020-05-13
1666,2020-05-14
1662,2020-05-15
1664,2020-05-16
1665,2020-05-17
1662,2020-05-18
1660,2020-05-19
1658,2020-05-20
1657,2020-05-21
1655,2020-05-22
1654,2020-05-23
1657,2020-05-24
1663,2020-05-25
1660,2020-05-26
1661,2020-05-27
1661,2020-05-28
1660,2020-05-29
1658,2020-05-30
1657,2020-05-31
1654,2020-06-01
1659,2020-06-02
1661,2020-06-03
1660,2020-06-04
1662,2020-06-05
1664,2020-06-06
1662,2020-06-07
1661,2020-06-08
1664,2020-06-09
1666,2020-06-10
1667,2020-06-11
1670,2020-06-12
1672,2020-06-13
1673,2020-06-14
1674,2020-06-15
1669,2020-06-16
1670,2020-06-17
1670,2020-06-18
1673,2020-06-19
1674,2020-06-20
1676,2020-06-21
1678,2020-06-22
1673,2020-06-23
1673,2020-06-24
1662,2020-06-25
1664,2020-06-26
1669,2020-06-27
1670,2020-06-28
1666,2020-06-29
1670,2020-06-30
1672,2020-07-01
1673,2020-07-02
1676,2020-07-03
1675,2020-07-04
1678,2020-07-05
1680,2020-07-06
1681,2020-07-07
1683,2020-07-08
1679,2020-07-09
1678,2020-07-10
1679,2020-07-11
1679,2020-07-12
1674,2020-07-13
1680,2020-07-14
1680,2020-07-15
1680,2020-07-16
1684,2020-07-17
1686,2020-07-18
1688,2020-07-19
1685,2020-07-20
1686,2020-07-21
1681,2020-07-22
1682,2020-07-23
1682,2020-07-24
1683,2020-07-25
1680,2020-07-26
1674,2020-07-27
1680,2020-07-28
1683,2020-07-29
1685,2020-07-30
1686,2020-07-31
1684,2020-08-01
1685,2020-08-02
1687,2020-08-03
1685,2020-08-04
1694,2020-08-05
1689,2020-08-06
1702,2020-08-07
1699,2020-08-08
1702,2020-08-09
1703,2020-08-10
1703,2020-08-11
1702,2020-08-12
1698,2020-08-13
1701,2020-08-14
1706,2020-08-15
1708,2020-08-16
1712,2020-08-17
1707,2020-08-18
1710,2020-08-19
1710,2020-08-20
1705,2020-08-21
1709,2020-08-22
1709,2020-08-23
1704,2020-08-24
1705,2020-08-25
1709,2020-08-26
1705,2020-08-27
1708,2020-08-28
1708,2020-08-29
1708,2020-08-30
1718,2020-08-31
1717,2020-09-01
1724,2020-09-02
1727,2020-09-03
1725,2020-09-04
1719,2020-09-05
1721,2020-09-06
1718,2020-09-07
1714,2020-09-08
1716,2020-09-09
1716,2020-09-10
1715,2020-09-11
1715,2020-09-12
1713,2020-09-13
1711,2020-09-14
1715,2020-09-15
1710,2020-09-16
1708,2020-09-17
1708,2020-09-18
1708,2020-09-19
1707,2020-09-20
1705,2020-09-21
1705,2020-09-22
1707,2020-09-23
1708,2020-09-24
1710,2020-09-25
1714,2020-09-26
1713,2020-09-27
1709,2020-09-28
1711,2020-09-29
1711,2020-09-30
1708,2020-10-01
1713,2020-10-02
1713,2020-10-03
1710,2020-10-04
1704,2020-10-05
1707,2020-10-06
1714,2020-10-07
1715,2020-10-08
1713,2020-10-09
1713,2020-10-10
1711,2020-10-11
1711,2020-10-12
1712,2020-10-13
1713,2020-10-14
1711,2020-10-15
1717,2020-10-16
1717,2020-10-17
1714,2020-10-18
1719,2020-10-19
1719,2020-10-20
1725,2020-10-21
1739,2020-10-22
1761,2020-10-23
1761,2020-10-24
1765,2020-10-25
1758,2020-10-26
1758,2020-10-27
1753,2020-10-28
1755,2020-10-29
1757,2020-10-30
1758,2020-10-31
1758,2020-11-01
1757,2020-11-02
1759,2020-11-03
1755,2020-11-04
1757,2020-11-05
1763,2020-11-06
1763,2020-11-07
1762,2020-11-08
1755,2020-11-09
1760,2020-11-10
1762,2020-11-11
1763,2020-11-12
1762,2020-11-13
1759,2020-11-14
1761,2020-11-15
1761,2020-11-16
1757,2020-11-17
1751,2020-11-18
1750,2020-11-19
1749,2020-11-20
1742,2020-11-21
1740,2020-11-22
1746,2020-11-23
1744,2020-11-24
1744,2020-11-25
1745,2020-11-26
1740,2020-11-27
1739,2020-11-28
1738,2020-11-29
1742,2020-11-30
1740,2020-12-01
1741,2020-12-02
1744,2020-12-03
1748,2020-12-04
1742,2020-12-05
1741,2020-12-06
1739,2020-12-07
1739,2020-12-08
1738,2020-12-09
1742,2020-12-10
1744,2020-12-11
1741,2020-12-12
1745,2020-12-13
1743,2020-12-14
1738,2020-12-15
1735,2020-12-16
1723,2020-12-17
1727,2020-12-18
1720,2020-12-19
1694,2020-12-20
1685,2020-12-21
1693,2020-12-22
1711,2020-12-23
1711,2020-12-24
1714,2020-12-25
1711,2020-12-26
1708,2020-12-27
1709,2020-12-28
1697,2020-12-29
1703,2020-12-30
1696,2020-12-31
1689,2021-01-01
1687,2021-01-02
1683,2021-01-03
1674,2021-01-04
1662,2021-01-05
1654,2021-01-06
1634,2021-01-07
1629,2021-01-08
1625,2021-01-09
1630,2021-01-10
1630,2021-01-11
1633,2021-01-12
1627,2021-01-13
1631,2021-01-14
1621,2021-01-15
1624,2021-01-16
1623,2021-01-17
1621,2021-01-18
1617,2021-01-19
1616,2021-01-20
1608,2021-01-21
1612,2021-01-22
1610,2021-01-23
1613,2021-01-24
1610,2021-01-25
1606,2021-01-26
1610,2021-01-27
1621,2021-01-28
1614,2021-01-29
1614,2021-01-30
1618,2021-01-31
1617,2021-02-01
1621,2021-02-02
1622,2021-02-03
1627,2021-02-04
1626,2021-02-05
1631,2021-02-06
1637,2021-02-07
1632,2021-02-08
1634,2021-02-09
1634,2021-02-10
1635,2021-02-11
1632,2021-02-12
1633,2021-02-13
1631,2021-02-14
1631,2021-02-15
1627,2021-02-16
1622,2021-02-17
1615,2021-02-18
1614,2021-02-19
1609,2021-02-20
1611,2021-02-21
1608,2021-02-22
1607,2021-02-23
1606,2021-02-24
1613,2021-02-25
1621,2021-02-26
1618,2021-02-27
1617,2021-02-28
1609,2021-03-01
1606,2021-03-02
1607,2021-03-03
1608,2021-03-04
1610,2021-03-05
1609,2021-03-06
1612,2021-03-07
1608,2021-03-08
1607,2021-03-09
1605,2021-03-10
1596,2021-03-11
1603,2021-03-12
1604,2021-03-13
1601,2021-03-14
1606,2021-03-15
1601,2021-03-16
1603,2021-03-17
1604,2021-03-18
1605,2021-03-19
1600,2021-03-20
1601,2021-03-21
1604,2021-03-22
1597,2021-03-23
1591,2021-03-24
1594,2021-03-25
1593,2021-03-26
1589,2021-03-27
1588,2021-03-28
1587,2021-03-29
1582,2021-03-30
1585,2021-03-31
1583,2021-04-01
1584,2021-04-02
1583,2021-04-03
1584,2021-04-04
1580,2021-04-05
1581,2021-04-06
1581,2021-04-07
1580,2021-04-08
1578,2021-04-09
1575,2021-04-10
1581,2021-04-11
1577,2021-04-12
1579,2021-04-13
1583,2021-04-14
1585,2021-04-15
1586,2021-04-16
1588,2021-04-17
1593,2021-04-18
1593,2021-04-19
1595,2021-04-20
1597,2021-04-21
1593,2021-04-22
1590,2021-04-23
1586,2021-04-24
1588,2021-04-25
1589,2021-04-26
1594,2021-04-27
1587,2021-04-28
1582,2021-04-29
1581,2021-04-30
1581,2021-05-01
1582,2021-05-02
1578,2021-05-03
1580,2021-05-04
1582,2021-05-05
1578,2021-05-06
1581,2021-05-07
1581,2021-05-08
1588,2021-05-09
1581,2021-05-10
1581,2021-05-11
1582,2021-05-12
1580,2021-05-13
1581,2021-05-14
1586,2021-05-15
1578,2021-05-16
1570,2021-05-17
1567,2021-05-18
1566,2021-05-19
1578,2021-05-20
1582,2021-05-21
1588,2021-05-22
1591,2021-05-23
1589,2021-05-24
1579,2021-05-25
1576,2021-05-26
1575,2021-05-27
1577,2021-05-28
1576,2021-05-29
1573,2021-05-30
1575,2021-05-31
1572,2021-06-01
1576,2021-06-02
1575,2021-06-03
1572,2021-06-04
1577,2021-06-05
1576,2021-06-06
1578,2021-06-07
1571,2021-06-08
1568,2021-06-09
1572,2021-06-10
1567,2021-06-11
1566,2021-06-12
1567,2021-06-13
1567,2021-06-14
1565,2021-06-15
1565,2021-06-16
1563,2021-06-17
1562,2021-06-18
1564,2021-06-19
1562,2021-06-20
1556,2021-06-21
1553,2021-06-22
1563,2021-06-23
1566,2021-06-24
1565,2021-06-25
1563,2021-06-26
1558,2021-06-27
1559,2021-06-28
1558,2021-06-29
1553,2021-06-30
1554,2021-07-01
1554,2021-07-02
1550,2021-07-03
1551,2021-07-04
1549,2021-07-05
1548,2021-07-06
1553,2021-07-07
1554,2021-07-08
1555,2021-07-09
1556,2021-07-10
1556,2021-07-11
1559,2021-07-12
1561,2021-07-13
1559,2021-07-14
1559,2021-07-15
1563,2021-07-16
1569,2021-07-17
1569,2021-07-18
1573,2021-07-19
1573,2021-07-20
1570,2021-07-21
1570,2021-07-22
1570,2021-07-23
1570,2021-07-24
1572,2021-07-25
1563,2021-07-26
1554,2021-07-27
1561,2021-07-28
1567,2021-07-29
1560,2021-07-30
1562,2021-07-31
1563,2021-08-01
1558,2021-08-02
1561,2021-08-03
1559,2021-08-04
1559,2021-08-05
1557,2021-08-06
1558,2021-08-07
1562,2021-08-08
1569,2021-08-09
1565,2021-08-10
1557,2021-08-11
1557,2021-08-12
1561,2021-08-13
1561,2021-08-14
1563,2021-08-15
1562,2021-08-16
1561,2021-08-17
1563,2021-08-18
1563,2021-08-19
1565,2021-08-20
1562,2021-08-21
1562,2021-08-22
1559,2021-08-23
1557,2021-08-24
1566,2021-08-25
1570,2021-08-26
1568,2021-08-27
1566,2021-08-28
1566,2021-08-29
1565,2021-08-30
1566,2021-08-31
1562,2021-09-01
1557,2021-09-02
1563,2021-09-03
1562,2021-09-04
1562,2021-09-05
1563,2021-09-06
1562,2021-09-07
1560,2021-09-08
1558,2021-09-09
1560,2021-09-10
1560,2021-09-11
1561,2021-09-12
1556,2021-09-13
1558,2021-09-14
1561,2021-09-15
1563,2021-09-16
1562,2021-09-17
1563,2021-09-18
1564,2021-09-19
1567,2021-09-20
1566,2021-09-21
1573,2021-09-22
1572,2021-09-23
1576,2021-09-24
1575,2021-09-25
1574,2021-09-26
1575,2021-09-27
1573,2021-09-28
1575,2021-09-29
1574,2021-09-30
1575,2021-10-01
1578,2021-10-02
1578,2021-10-03
1576,2021-10-04
1572,2021-10-05
1575,2021-10-06
1572,2021-10-07
1571,2021-10-08
1568,2021-10-09
1568,2021-10-10
1570,2021-10-11
1571,2021-10-12
1573,2021-10-13
1574,2021-10-14
1570,2021-10-15
1570,2021-10-16
1571,2021-10-17
1573,2021-10-18
1572,2021-10-19
1577,2021-10-20
1577,2021-10-21
1574,2021-10-22
1575,2021-10-23
1577,2021-10-24
1573,2021-10-25
1575,2021-10-26
1569,2021-10-27
1575,2021-10-28
1571,2021-10-29
1569,2021-10-30
1567,2021-10-31
1572,2021-11-01
1563,2021-11-02
1568,2021-11-03
1566,2021-11-04
1566,2021-11-05
1565,2021-11-06
1565,2021-11-07
1558,2021-11-08
1559,2021-11-09
1563,2021-11-10
1564,2021-11-11
1564,2021-11-12
1567,2021-11-13
1565,2021-11-14
1562,2021-11-15
1560,2021-11-16
1565,2021-11-17
1567,2021-11-18
1570,2021-11-19
1568,2021-11-20
1570,2021-11-21
1572,2021-11-22
1570,2021-11-23
1564,2021-11-24
1564,2021-11-25
1561,2021-11-26
1562,2021-11-27
1562,2021-11-28
1558,2021-11-29
1556,2021-11-30
1553,2021-12-01
1555,2021-12-02
1556,2021-12-03
1561,2021-12-04
1565,2021-12-05
1557,2021-12-06
1563,2021-12-07
1562,2021-12-08
1568,2021-12-09
1569,2021-12-10
1565,2021-12-11
1566,2021-12-12
1568,2021-12-13
1575,2021-12-14
1575,2021-12-15
1574,2021-12-16
1572,2021-12-17
1571,2021-12-18
1572,2021-12-19
1566,2021-12-20
1574,2021-12-21
1573,2021-12-22
1581,2021-12-23
1577,2021-12-24
1575,2021-12-25
1575,2021-12-26
1569,2021-12-27
1568,2021-12-28
1560,2021-12-29
1557,2021-12-30
1560,2021-12-31
1564,2022-01-01
1559,2022-01-02
1555,2022-01-03
1556,2022-01-04
1556,2022-01-05
1554,2022-01-06
1558,2022-01-07
1554,2022-01-08
1557,2022-01-09
1556,2022-01-10
1556,2022-01-11
1557,2022-01-12
1559,2022-01-13
1563,2022-01-14
1559,2022-01-15
1561,2022-01-16
1560,2022-01-17
1557,2022-01-18
1555,2022-01-19
1556,2022-01-20
1566,2022-01-21
1562,2022-01-22
1563,2022-01-23
1559,2022-01-24
1564,2022-01-25
1561,2022-01-26
1570,2022-01-27
1570,2022-01-28
1566,2022-01-29
1566,2022-01-30
1569,2022-01-31
1570,2022-02-01
1568,2022-02-02
1568,2022-02-03
1566,2022-02-04
1566,2022-02-05
1564,2022-02-06
1563,2022-02-07
1562,2022-02-08
1562,2022-02-09
1565,2022-02-10
1564,2022-02-11
1564,2022-02-12
1563,2022-02-13
1563,2022-02-14
1559,2022-02-15
1560,2022-02-16
1560,2022-02-17
1562,2022-02-18
1559,2022-02-19
1555,2022-02-20
1561,2022-02-21
1556,2022-02-22
1563,2022-02-23
1561,2022-02-24
1558,2022-02-25
1563,2022-02-26
1560,2022-02-27
1575,2022-02-28
1571,2022-03-01
1575,2022-03-02
1574,2022-03-03
1577,2022-03-04
1575,2022-03-05
1575,2022-03-06
1579,2022-03-07
1587,2022-03-08
1587,2022-03-09
1583,2022-03-10
1594,2022-03-11
1593,2022-03-12
1592,2022-03-13
1593,2022-03-14
1590,2022-03-15
1600,2022-03-16
1598,2022-03-17
1604,2022-03-18
1605,2022-03-19
1604,2022-03-20
1603,2022-03-21
1600,2022-03-22
1599,2022-03-23
1595,2022-03-24
1591,2022-03-25
1590,2022-03-26
1594,2022-03-27
1593,2022-03-28
1586,2022-03-29
1585,2022-03-30
1583,2022-03-31
1582,2022-04-01
1584,2022-04-02
1583,2022-04-03
1584,2022-04-04
1579,2022-04-05
1581,2022-04-06
1578,2022-04-07
1578,2022-04-08
1578,2022-04-09
1577,2022-04-10
1579,2022-04-11
1581,2022-04-12
1581,2022-04-13
1594,2022-04-14
1591,2022-04-15
1592,2022-04-16
1593,2022-04-17
1606,2022-04-18
1603,2022-04-19
1601,2022-04-20
1598,2022-04-21
1599,2022-04-22
1600,2022-04-23
1600,2022-04-24
1597,2022-04-25
1601,2022-04-26
1598,2022-04-27
1597,2022-04-28
1597,2022-04-29
1597,2022-04-30
1598,2022-05-01
1596,2022-05-02
1591,2022-05-03
1588,2022-05-04
1588,2022-05-05
1583,2022-05-06
1581,2022-05-07
1576,2022-05-08
1564,2022-05-09
1562,2022-05-10
1553,2022-05-11
1555,2022-05-12
1548,2022-05-13
1559,2022-05-14
1556,2022-05-15
1550,2022-05-16
1553,2022-05-17
1550,2022-05-18
1552,2022-05-19
1552,2022-05-20
1551,2022-05-21
1550,2022-05-22
1548,2022-05-23
1545,2022-05-24
1543,2022-05-25
1543,2022-05-26
1543,2022-05-27
1544,2022-05-28
1542,2022-05-29
1543,2022-05-30
1543,2022-05-31
1545,2022-06-01
1546,2022-06-02
1546,2022-06-03
1544,2022-06-04
1544,2022-06-05
1543,2022-06-06
1547,2022-06-07
1542,2022-06-08
1537,2022-06-09
1532,2022-06-10
1529,2022-06-11
1525,2022-06-12
1517,2022-06-13
1517,2022-06-14
1513,2022-06-15
1524,2022-06-16
1537,2022-06-17
1530,2022-06-18
1532,2022-06-19
1541,2022-06-20
1535,2022-06-21
1537,2022-06-22
1532,2022-06-23
1537,2022-06-24
1537,2022-06-25
1539,2022-06-26
1536,2022-06-27
1537,2022-06-28
1531,2022-06-29
1531,2022-06-30
1537,2022-07-01
1537,2022-07-02
1536,2022-07-03
1536,2022-07-04
1530,2022-07-05
1534,2022-07-06
1530,2022-07-07
1529,2022-07-08
1529,2022-07-09
1533,2022-07-10
1526,2022-07-11
1532,2022-07-12
1537,2022-07-13
1534,2022-07-14
1527,2022-07-15
1525,2022-07-16
1525,2022-07-17
1518,2022-07-18
1522,2022-07-19
1516,2022-07-20
1516,2022-07-21
1512,2022-07-22
1514,2022-07-23
1515,2022-07-24
1518,2022-07-25
1517,2022-07-26
1518,2022-07-27
1523,2022-07-28
1522,2022-07-29
1520,2022-07-30
1517,2022-07-31
1516,2022-08-01
1514,2022-08-02
1514,2022-08-03
1512,2022-08-04
1521,2022-08-05
1517,2022-08-06
1515,2022-08-07
1517,2022-08-08
1509,2022-08-09
1503,2022-08-10
1504,2022-08-11
1506,2022-08-12
1508,2022-08-13
1508,2022-08-14
1509,2022-08-15
1506,2022-08-16
1505,2022-08-17
1511,2022-08-18
1510,2022-08-19
1508,2022-08-20
1509,2022-08-21
1509,2022-08-22
1512,2022-08-23
1512,2022-08-24
1512,2022-08-25
1511,2022-08-26
1508,2022-08-27
1509,2022-08-28
1511,2022-08-29
1506,2022-08-30
1504,2022-08-31
1501,2022-09-01
1495,2022-09-02
1498,2022-09-03
1497,2022-09-04
1500,2022-09-05
1498,2022-09-06
1497,2022-09-07
1493,2022-09-08
1492,2022-09-09
1492,2022-09-10
1491,2022-09-11
1490,2022-09-12
1485,2022-09-13
1485,2022-09-14
1484,2022-09-15
1484,2022-09-16
1481,2022-09-17
1480,2022-09-18
1483,2022-09-19
1482,2022-09-20
1480,2022-09-21
1478,2022-09-22
1476,2022-09-23
1473,2022-09-24
1472,2022-09-25
1472,2022-09-26
1474,2022-09-27
1469,2022-09-28
1469,2022-09-29
1470,2022-09-30
1468,2022-10-01
1468,2022-10-02
1465,2022-10-03
1467,2022-10-04
1465,2022-10-05
1467,2022-10-06
1466,2022-10-07
1467,2022-10-08
1465,2022-10-09
1461,2022-10-10
1466,2022-10-11
1466,2022-10-12
1470,2022-10-13
1471,2022-10-14
1469,2022-10-15
1468,2022-10-16
1473,2022-10-17
1486,2022-10-18
1482,2022-10-19
1477,2022-10-20
1480,2022-10-21
1476,2022-10-22
1477,2022-10-23
1473,2022-10-24
1475,2022-10-25
1473,2022-10-26
1477,2022-10-27
1476,2022-10-28
1475,2022-10-29
1476,2022-10-30
1476,2022-10-31
1476,2022-11-01
1470,2022-11-02
1474,2022-11-03
1467,2022-11-04
1467,2022-11-05
1466,2022-11-06
1470,2022-11-07
1465,2022-11-08
1460,2022-11-09
1466,2022-11-10
1469,2022-11-11
1461,2022-11-12
1461,2022-11-13
1462,2022-11-14
1469,2022-11-15
1464,2022-11-16
1462,2022-11-17
1463,2022-11-18
1463,2022-11-19
1462,2022-11-20
1458,2022-11-21
1454,2022-11-22
1466,2022-11-23
1468,2022-11-24
1461,2022-11-25
1459,2022-11-26
1459,2022-11-27
1457,2022-11-28
1456,2022-11-29
1455,2022-11-30
1457,2022-12-01
1451,2022-12-02
1451,2022-12-03
1454,2022-12-04
1450,2022-12-05
1453,2022-12-06
1451,2022-12-07
1450,2022-12-08
1451,2022-12-09
1452,2022-12-10
1452,2022-12-11
1452,2022-12-12
1458,2022-12-13
1457,2022-12-14
1461,2022-12-15
1457,2022-12-16
1458,2022-12-17
1460,2022-12-18
1463,2022-12-19
1461,2022-12-20
1466,2022-12-21
1461,2022-12-22
1458,2022-12-23
1458,2022-12-24
1457,2022-12-25
1458,2022-12-26
1456,2022-12-27
1459,2022-12-28
1454,2022-12-29
1454,2022-12-30
1451,2022-12-31
1448,2023-01-01
1449,2023-01-02
1452,2023-01-03
1450,2023-01-04
1449,2023-01-05
1452,2023-01-06
1450,2023-01-07
1450,2023-01-08
1451,2023-01-09
1453,2023-01-10
1454,2023-01-11
1453,2023-01-12
1450,2023-01-13
1451,2023-01-14
1448,2023-01-15
1453,2023-01-16
1454,2023-01-17
1455,2023-01-18
1453,2023-01-19
1454,2023-01-20
1450,2023-01-21
1451,2023-01-22
1457,2023-01-23
1457,2023-01-24
1457,2023-01-25
1460,2023-01-26
1457,2023-01-27
1456,2023-01-28
1458,2023-01-29
1456,2023-01-30
1456,2023-01-31
1456,2023-02-01
1459,2023-02-02
1454,2023-02-03
1457,2023-02-04
1457,2023-02-05
1460,2023-02-06
1459,2023-02-07
1458,2023-02-08
1460,2023-02-09
1462,2023-02-10
1461,2023-02-11
1462,2023-02-12
1466,2023-02-13
1468,2023-02-14
1468,2023-02-15
1465,2023-02-16
1466,2023-02-17
1465,2023-02-18
1464,2023-02-19
1460,2023-02-20
1466,2023-02-21
1465,2023-02-22
1461,2023-02-23
1459,2023-02-24
1458,2023-02-25
1460,2023-02-26
1463,2023-02-27
1459,2023-02-28
1461,2023-03-01
1457,2023-03-02
1455,2023-03-03
1452,2023-03-04
1454,2023-03-05
1457,2023-03-06
1459,2023-03-07
1462,2023-03-08
1456,2023-03-09
1459,2023-03-10
1459,2023-03-11
1457,2023-03-12
1452,2023-03-13
1453,2023-03-14
1454,2023-03-15
1453,2023-03-16
1458,2023-03-17
1461,2023-03-18
1462,2023-03-19
1461,2023-03-20
1456,2023-03-21
1461,2023-03-22
1465,2023-03-23
1459,2023-03-24
1460,2023-03-25
1459,2023-03-26
1457,2023-03-27
1458,2023-03-28
1458,2023-03-29
1461,2023-03-30
1457,2023-03-31
1455,2023-04-01
1456,2023-04-02
1455,2023-04-03
1456,2023-04-04
1452,2023-04-05
1455,2023-04-06
1450,2023-04-07
1448,2023-04-08
1448,2023-04-09
1446,2023-04-10
1442,2023-04-11
1439,2023-04-12
1441,2023-04-13
1440,2023-04-14
1442,2023-04-15
1440,2023-04-16
1434,2023-04-17
1437,2023-04-18
1440,2023-04-19
1441,2023-04-20
1440,2023-04-21
1438,2023-04-22
1435,2023-04-23
1432,2023-04-24
1431,2023-04-25
1434,2023-04-26
1437,2023-04-27
1437,2023-04-28
1438,2023-04-29
1439,2023-04-30
1438,2023-05-01
1437,2023-05-02
1436,2023-05-03
1433,2023-05-04
1439,2023-05-05
1440,2023-05-06
1442,2023-05-07
1438,2023-05-08
1441,2023-05-09
1439,2023-05-10
1442,2023-05-11
1450,2023-05-12
1449,2023-05-13
1448,2023-05-14
1459,2023-05-15
1456,2023-05-16
1456,2023-05-17
1461,2023-05-18
1462,2023-05-19
1462,2023-05-20
1462,2023-05-21
1457,2023-05-22
1457,2023-05-23
1456,2023-05-24
1455,2023-05-25
1455,2023-05-26
1455,2023-05-27
1454,2023-05-28
1453,2023-05-29
1447,2023-05-30
1447,2023-05-31
1448,2023-06-01
1454,2023-06-02
1455,2023-06-03
1454,2023-06-04
1450,2023-06-05
1448,2023-06-06
1446,2023-06-07
1442,2023-06-08
1444,2023-06-09
1443,2023-06-10
1442,2023-06-11
1440,2023-06-12
1438,2023-06-13
1441,2023-06-14
1435,2023-06-15
1434,2023-06-16
1435,2023-06-17
1436,2023-06-18
1437,2023-06-19
1439,2023-06-20
1445,2023-06-21
1446,2023-06-22
1444,2023-06-23
1440,2023-06-24
1441,2023-06-25
1445,2023-06-26
1442,2023-06-27
1436,2023-06-28
1444,2023-06-29
1443,2023-06-30
1455,2023-07-01
1456,2023-07-02
1460,2023-07-03
1460,2023-07-04
1461,2023-07-05
1469,2023-07-06
1472,2023-07-07
1468,2023-07-08
1466,2023-07-09
1465,2023-07-10
1468,2023-07-11
1466,2023-07-12
1462,2023-07-13
1458,2023-07-14
1459,2023-07-15
1459,2023-07-16
1455,2023-07-17
1455,2023-07-18
1458,2023-07-19
1460,2023-07-20
1461,2023-07-21
1459,2023-07-22
1456,2023-07-23
1456,2023-07-24
1457,2023-07-25
1455,2023-07-26
1458,2023-07-27
1456,2023-07-28
1456,2023-07-29
1453,2023-07-30
1455,2023-07-31
1456,2023-08-01
1457,2023-08-02
1458,2023-08-03
1455,2023-08-04
1457,2023-08-05
1458,2023-08-06
1455,2023-08-07
1460,2023-08-08
1460,2023-08-09
1462,2023-08-10
1460,2023-08-11
1460,2023-08-12
1459,2023-08-13
1461,2023-08-14
1461,2023-08-15
1460,2023-08-16
1457,2023-08-17
1458,2023-08-18
1458,2023-08-19
1457,2023-08-20
1455,2023-08-21
1459,2023-08-22
1459,2023-08-23
1459,2023-08-24
1467,2023-08-25
1467,2023-08-26
1467,2023-08-27
1465,2023-08-28
1469,2023-08-29
1473,2023-08-30
1472,2023-08-31
1465,2023-09-01
1465,2023-09-02
1463,2023-09-03
1461,2023-09-04
1459,2023-09-05
1457,2023-09-06
1460,2023-09-07
1461,2023-09-08
1460,2023-09-09
1460,2023-09-10
1463,2023-09-11
1463,2023-09-12
1463,2023-09-13
1462,2023-09-14
1463,2023-09-15
1463,2023-09-16
1463,2023-09-17
1462,2023-09-18
1460,2023-09-19
1466,2023-09-20
1468,2023-09-21
1465,2023-09-22
1464,2023-09-23
1463,2023-09-24
1458,2023-09-25
1456,2023-09-26
1457,2023-09-27
1461,2023-09-28
1461,2023-09-29
1460,2023-09-30
1459,2023-10-01
1462,2023-10-02
1463,2023-10-03
1461,2023-10-04
1461,2023-10-05
1467,2023-10-06
1467,2023-10-07
1467,2023-10-08
1467,2023-10-09
1464,2023-10-10
1465,2023-10-11
1460,2023-10-12
1461,2023-10-13
1460,2023-10-14
1460,2023-10-15
1467,2023-10-16
1465,2023-10-17
1469,2023-10-18
1470,2023-10-19
1469,2023-10-20
1469,2023-10-21
1471,2023-10-22
1471,2023-10-23
1474,2023-10-24
1476,2023-10-25
1476,2023-10-26
1475,2023-10-27
1474,2023-10-28
1474,2023-10-29
1474,2023-10-30
1474,2023-10-31
1480,2023-11-01
1482,2023-11-02
1485,2023-11-03
1483,2023-11-04
1483,2023-11-05
1482,2023-11-06
1481,2023-11-07
1477,2023-11-08
1472,2023-11-09
1472,2023-11-10
1472,2023-11-11
1472,2023-11-12
1472,2023-11-13
1476,2023-11-14
1473,2023-11-15
1472,2023-11-16
1475,2023-11-17
1473,2023-11-18
1475,2023-11-19
1473,2023-11-20
1476,2023-11-21
1474,2023-11-22
1475,2023-11-23
1482,2023-11-24
1481,2023-11-25
1482,2023-11-26
1484,2023-11-27
1486,2023-11-28
1489,2023-11-29
1494,2023-11-30
1494,2023-12-01
1496,2023-12-02
1499,2023-12-03
1494,2023-12-04
1497,2023-12-05
1494,2023-12-06
1495,2023-12-07
1492,2023-12-08
1490,2023-12-09
1492,2023-12-10
1505,2023-12-11
1494,2023-12-12
1495,2023-12-13
1497,2023-12-14
1497,2023-12-15
1498,2023-12-16
1494,2023-12-17
1496,2023-12-18
1495,2023-12-19
1499,2023-12-20
1494,2023-12-21
1482,2023-12-22
1481,2023-12-23
1487,2023-12-24
1487,2023-12-25
1491,2023-12-26
1505,2023-12-27
1504,2023-12-28
1502,2023-12-29
1499,2023-12-30
1498,2023-12-31
1496,2024-01-01
1499,2024-01-02
1490,2024-01-03
1488,2024-01-04
1493,2024-01-05
1493,2024-01-06
1491,2024-01-07
1490,2024-01-08
1483,2024-01-09
1476,2024-01-10
1473,2024-01-11
1475,2024-01-12
1483,2024-01-13
1481,2024-01-14
1483,2024-01-15
1483,2024-01-16
1487,2024-01-17
1485,2024-01-18
1480,2024-01-19
1482,2024-01-20
1483,2024-01-21
1484,2024-01-22
1490,2024-01-23
1492,2024-01-24
1494,2024-01-25
1498,2024-01-26
1497,2024-01-27
1498,2024-01-28
1501,2024-01-29
1508,2024-01-30
1511,2024-01-31
1509,2024-02-01
1512,2024-02-02
1510,2024-02-03
1509,2024-02-04
1508,2024-02-05
1512,2024-02-06
1512,2024-02-07
1514,2024-02-08
1501,2024-02-09
1500,2024-02-10
1503,2024-02-11
1503,2024-02-12
1506,2024-02-13
1525,2024-02-14
1535,2024-02-15
1540,2024-02-16
1543,2024-02-17
1542,2024-02-18
1539,2024-02-19
1545,2024-02-20
1543,2024-02-21
1549,2024-02-22
1548,2024-02-23
1549,2024-02-24
1549,2024-02-25
1549,2024-02-26
1557,2024-02-27
1564,2024-02-28
1565,2024-02-29
1572,2024-03-01
1571,2024-03-02
1572,2024-03-03
1568,2024-03-04
1587,2024-03-05
1585,2024-03-06
1581,2024-03-07
1581,2024-03-08
1582,2024-03-09
1582,2024-03-10
1578,2024-03-11
1574,2024-03-12
1587,2024-03-13
1584,2024-03-14
1594,2024-03-15
1597,2024-03-16
1599,2024-03-17
1605,2024-03-18
1597,2024-03-19
1598,2024-03-20
1597,2024-03-21
1603,2024-03-22
1610,2024-03-23
1611,2024-03-24
1617,2024-03-25
1615,2024-03-26
1611,2024-03-27
1620,2024-03-28
1618,2024-03-29
1618,2024-03-30
1619,2024-03-31
1623,2024-04-01
1626,2024-04-02
1630,2024-04-03
1642,2024-04-04
1642,2024-04-05
1641,2024-04-06
1640,2024-04-07
1644,2024-04-08
1646,2024-04-09
1650,2024-04-10
1651,2024-04-11
1650,2024-04-12
1652,2024-04-13
1654,2024-04-14
1655,2024-04-15
1658,2024-04-16
1655,2024-04-17
1660,2024-04-18
1658,2024-04-19
1658,2024-04-20
1659,2024-04-21
1654,2024-04-22
1649,2024-04-23
1649,2024-04-24
1655,2024-04-25
1652,2024-04-26
1652,2024-04-27
1652,2024-04-28
1652,2024-04-29
1649,2024-04-30
1647,2024-05-01
1645,2024-05-02
1641,2024-05-03
1642,2024-05-04
1640,2024-05-05
1643,2024-05-06
1642,2024-05-07
1647,2024-05-08
1647,2024-05-09
1644,2024-05-10
1645,2024-05-11
1645,2024-05-12
1643,2024-05-13
1644,2024-05-14
1652,2024-05-15
1652,2024-05-16
1654,2024-05-17
1656,2024-05-18
1656,2024-05-19
1659,2024-05-20
1663,2024-05-21
1660,2024-05-22
1667,2024-05-23
1667,2024-05-24
1667,2024-05-25
1668,2024-05-26
1668,2024-05-27
1670,2024-05-28
1673,2024-05-29
1679,2024-05-30
1678,2024-05-31
1678,2024-06-01
