Date,bitcoin_time,bitcoin_high,bitcoin_low,bitcoin_open,bitcoin_volumefrom,bitcoin_volumeto,bitcoin_close,bitcoin_conversionType,bitcoin_top_tier_volume_quote,bitcoin_top_tier_volume_base,bitcoin_top_tier_volume_total,bitcoin_cccagg_volume_quote,bitcoin_cccagg_volume_base,bitcoin_cccagg_volume_total,bitcoin_total_volume_quote,bitcoin_total_volume_base,bitcoin_total_volume_total,bitcoin_volume,S&P 500 Communication Services.csv_Open,S&P 500 Communication Services.csv_High,S&P 500 Communication Services.csv_Low,S&P 500 Communication Services.csv_Close,S&P 500 Communication Services.csv_Volume,S&P 500 Communication Services.csv_Dividends,S&P 500 Communication Services.csv_Stock Splits,S&P 500 Communication Services.csv_Capital Gains
2018.10.10,2018.10.10,6633.22,6487.86,6631.79,49264.39,323664963.2,6581.07,direct,727552095.9,825263479.8,1552815576.0,1500399656.0,1431373906.0,2931773563.0,3054194956.0,4778807192.0,7833002214.0,61188544452.0,45.24331652317858,45.252837453685736,43.51087755032324,43.548954010009766,4050700,0.0,0.0,0.0
2018.10.11,2018.10.11,6581.59,6171.95,6581.07,104258.49,654924117.8,6209.47,direct,1044912101.0,1443875454.0,2488787617.0,1817744538.0,2344576961.0,4162321436.0,3942752156.0,7991912211.0,11934664366.0,8114941371.0,43.46328147157927,44.04393474170949,42.76840245965699,43.17771530151367,8840700,0.0,0.0,0.0
2018.10.12,2018.10.12,6296.56,6173.86,6209.47,46195.91,289840137.5,6250.85,direct,675167997.9,795261203.3,1470429264.0,1353554058.0,1656743411.0,3010297470.0,2751788005.0,5099122199.0,7850910204.0,6026966306.0,44.20574253284882,44.26285720420445,43.39663799341197,44.13911056518555,5877600,0.0,0.0,0.0
2018.10.15,2018.10.15,7234.83,6244.77,6277.73,177320.05,1190524168.0,6612.36,direct,1051322127.0,2402778482.0,3454100609.0,1956324564.0,3529519931.0,5485844495.0,3978804997.0,11019973369.0,14998778365.0,9767471974.0,43.98681166269473,44.43420087684539,43.78691574490535,43.9677734375,1576900,0.0,0.0,0.0
2018.10.16,2018.10.16,6724.91,6545.54,6612.69,49191.34,324232509.8,6583.05,direct,697706068.4,1028505647.0,1726211716.0,1349109070.0,1716990640.0,3066099710.0,2747603390.0,5693448287.0,8441051678.0,5645999375.0,44.443716357064034,45.21950856956269,44.367567090568166,45.12907791137695,3707300,0.0,0.0,0.0
2018.10.17,2018.10.17,6589.2,6511.6,6583.05,33538.55,220418636.6,6574.52,direct,832159152.5,883751580.6,1715910733.0,1547877507.0,1604817913.0,3152695420.0,3156854330.0,4827522109.0,7984376505.0,5764987847.0,45.443204097078926,45.443204097078926,44.84351272478784,45.3099365234375,4571000,0.0,0.0,0.0
2018.10.18,2018.10.18,6616.27,6445.05,6576.4,50725.31,331761115.5,6488.72,direct,747296928.0,895539328.2,1642836321.0,1331670597.0,1545791933.0,2877462530.0,2726217020.0,4772526623.0,7498743643.0,5464297757.0,45.20523044730805,45.20523044730805,44.1457748724708,44.48179244995117,21297200,0.0,0.0,0.0
2018.10.19,2018.10.19,6503.09,6449.36,6489.37,36599.64,237855085.4,6469.28,direct,549079428.4,899345396.7,1448424825.0,1040463424.0,1452305358.0,2492768782.0,2185406561.0,4418729203.0,6604135764.0,4691560995.0,44.738814168072686,45.129088784717545,44.30094579450448,44.472286224365234,3544400,0.0,0.0,0.0
2018.10.22,2018.10.22,6531.23,6460.38,6509.87,31239.03,202766914.4,6483.23,direct,798549228.8,847055329.3,1645604558.0,1347464474.0,1502087500.0,2849551974.0,2816948264.0,4231281097.0,7048229361.0,5092953970.0,44.72928770189737,44.853030718302776,44.27237756179839,44.44371795654297,2711700,0.0,0.0,0.0
2018.10.23,2018.10.23,6496.2,6438.99,6484.32,34071.62,220913293.6,6470.22,direct,800685842.9,1034835017.0,1835520860.0,1335583136.0,1623146305.0,2958729441.0,2776134268.0,4581839384.0,7357973652.0,5218237800.0,43.81547795180054,44.53891609489049,43.44233884833257,44.34853744506836,2779600,0.0,0.0,0.0
2018.10.24,2018.10.24,6538.35,6465.73,6470.63,34111.66,222068131.8,6476.25,direct,738060132.2,978278168.6,1716338301.0,1266043149.0,1502930255.0,2768973404.0,2633340329.0,4353373201.0,6986713530.0,4843159554.0,44.33901486863293,44.33901486863293,42.18774255471349,42.23533630371094,3552300,0.0,0.0,0.0
2018.10.25,2018.10.25,6497.9,6432.3,6476.52,35706.92,231214964.0,6462.77,direct,651332243.3,1020175517.0,1671507825.0,1149953238.0,1672006687.0,2821959990.0,2417835873.0,5342321310.0,7760157247.0,4957812734.0,42.99685272791897,43.92970775822777,42.99685272791897,43.63462066650391,3391700,0.0,0.0,0.0
2018.10.26,2018.10.26,6514.0,6441.81,6462.77,33284.54,215447656.4,6457.21,direct,603481031.6,882589607.6,1486070639.0,1308734021.0,1512527378.0,2821261399.0,2712779496.0,4450409800.0,7163189296.0,4909335144.0,42.292449940336894,43.40615889038255,41.92121362365501,42.45426940917969,5229100,0.0,0.0,0.0
2018.10.29,2018.10.29,6483.39,6282.58,6470.74,53760.53,342463526.5,6313.91,direct,773835082.6,1208052776.0,1981887795.0,1439539910.0,1869464460.0,3309004371.0,2978154540.0,6047030369.0,9025184845.0,5962422586.0,43.12059205391926,43.40615816728889,40.99787898193911,41.79746627807617,3491000,0.0,0.0,0.0
2018.10.30,2018.10.30,6340.68,6286.3,6314.38,42701.22,269592154.1,6309.11,direct,640742296.8,960032410.8,1600774771.0,1300592490.0,1801182388.0,3101774878.0,2714718677.0,5048475501.0,7763194178.0,5784379050.0,41.73083532631089,42.99684645796586,41.564255392036586,42.939735412597656,6283600,0.0,0.0,0.0
2018.10.31,2018.10.31,6391.25,6241.49,6309.11,38823.41,245357244.5,6342.61,direct,712508701.3,1130109442.0,1842618143.0,1471430847.0,1819435904.0,3290866814.0,3063708139.0,5133139475.0,8196847551.0,6098820495.0,43.777399385124255,44.310455177308135,43.587020760271336,43.82499313354492,3577200,0.0,0.0,0.0
2018.11.12,2018.11.12,6435.41,6350.87,6408.18,28338.62,181575610.9,6375.08,direct,809432305.0,534269635.7,1343701941.0,1703334037.0,1207431418.0,2910765519.0,3455266712.0,4034128821.0,7489395533.0,6488790963.0,43.13963127409995,43.18722502223108,42.35908218500471,42.53993988037109,1203700,0.0,0.0,0.0
2018.11.13,2018.11.13,6389.43,6315.58,6375.08,35761.27,227689745.7,6339.17,direct,848654291.8,606111562.0,1454765854.0,1588067696.0,1308170075.0,2896237771.0,3235236234.0,4550577939.0,7785814173.0,6362360395.0,42.730312139422935,43.11106933009896,42.3209994303556,42.40666961669922,2186100,0.0,0.0,0.0
2018.11.14,2018.11.14,6375.7,5469.93,6339.17,178422.8,1045469380.0,5741.47,direct,1397837750.0,2227650112.0,3625487862.0,2282151361.0,3207069049.0,5489220410.0,4615666257.0,10763408473.0,15379074729.0,10617959239.0,42.86358235028552,42.97781170293529,42.273411886275866,42.616092681884766,2137500,0.0,0.0,0.0
2018.11.15,2018.11.15,5767.06,5300.75,5740.51,147895.07,820864014.0,5647.5,direct,1070550774.0,1840878527.0,2911429301.0,2041392168.0,3002395052.0,5043787220.0,4279585027.0,10412593034.0,14692178118.0,19564699479.0,42.416196370715255,43.006366829287565,42.01259543611371,42.930213928222656,3864100,0.0,0.0,0.0
2018.11.16,2018.11.16,5676.54,5487.87,5647.5,71050.83,397196182.8,5586.27,direct,650152168.4,979826283.5,1629978396.0,1455089711.0,1869469723.0,3324559435.0,3063206184.0,5709059566.0,8772265750.0,6736073464.0,42.6827258551753,42.88262178117625,42.31148952655345,42.720802307128906,2092100,0.0,0.0,0.0
2018.11.19,2018.11.19,5615.98,4757.01,5615.26,207964.38,1072037780.0,4809.62,direct,979895048.9,2155944534.0,3135839583.0,1821341579.0,3238516168.0,5059857747.0,3782110819.0,11328563942.0,15110674809.0,18398354673.0,42.57801680525351,42.60657232821597,41.30248473282288,41.426231384277344,2358000,0.0,0.0,0.0
2018.11.20,2018.11.20,4953.56,4168.25,4809.62,315023.21,1433400842.0,4441.81,direct,1222283284.0,2908922625.0,4131205953.0,2156622904.0,4252948370.0,6409571273.0,4447237181.0,12890177482.0,17337414663.0,11389104749.0,40.68376721277189,41.3310488655021,40.341086341157,40.88366317749024,5028200,0.0,0.0,0.0
2018.11.21,2018.11.21,4689.55,4315.58,4441.81,152286.19,686284917.8,4593.04,direct,690314850.9,1541354456.0,2231669353.0,1697135904.0,2647033668.0,4344169572.0,3528669625.0,8223149623.0,11751819248.0,8783535227.0,41.30248195224569,41.74987114811315,41.23584998237224,41.36911392211914,3187400,0.0,0.0,0.0
2018.11.23,2018.11.23,4419.48,4157.19,4320.68,121719.16,521825987.8,4343.42,direct,573459006.3,1172467963.0,1745926926.0,1324027304.0,2092309937.0,3416337241.0,2800224374.0,6740445825.0,9540670199.0,6309795732.0,41.11211187855686,41.2453794771545,40.82654571533203,40.82654571533203,667100,0.0,0.0,0.0
2018.11.26,2018.11.26,4124.7,3598.81,4004.46,185985.76,715341714.7,3784.59,direct,745537018.8,1710582188.0,2456119207.0,1288148106.0,2680090410.0,3968238479.0,2712159512.0,8588603710.0,11300763222.0,7534157707.0,41.30248902859273,41.768916528789816,41.1977805919462,41.759395599365234,2563700,0.0,0.0,0.0
2018.11.27,2018.11.27,3878.9,3613.11,3784.77,147999.31,555212127.5,3822.99,direct,644220149.6,1322406686.0,1966626836.0,1340143945.0,2363545561.0,3703689506.0,2819243714.0,7302750887.0,10121994601.0,6656715888.0,41.616616808544215,42.02592964999912,41.43575545044921,41.89266204833984,2114400,0.0,0.0,0.0
2018.11.27,2018.11.27,3878.9,3613.11,3784.77,147999.31,555212127.5,3822.99,direct,644220149.6,1322406686.0,1966626836.0,1340143945.0,2363545561.0,3703689506.0,2819243714.0,7302750887.0,10121994601.0,6656715888.0,41.616616808544215,42.02592964999912,41.43575545044921,41.89266204833984,2114400,0.0,0.0,0.0
2018.11.27,2018.11.27,3878.9,3613.11,3784.77,147999.31,555212127.5,3822.99,direct,644220149.6,1322406686.0,1966626836.0,1340143945.0,2363545561.0,3703689506.0,2819243714.0,7302750887.0,10121994601.0,6656715888.0,41.616616808544215,42.02592964999912,41.43575545044921,41.89266204833984,2114400,0.0,0.0,0.0
2018.11.27,2018.11.27,3878.9,3613.11,3784.77,147999.31,555212127.5,3822.99,direct,644220149.6,1322406686.0,1966626836.0,1340143945.0,2363545561.0,3703689506.0,2819243714.0,7302750887.0,10121994601.0,6656715888.0,41.616616808544215,42.02592964999912,41.43575545044921,41.89266204833984,2114400,0.0,0.0,0.0
2018.11.27,2018.11.27,3878.9,3613.11,3784.77,147999.31,555212127.5,3822.99,direct,644220149.6,1322406686.0,1966626836.0,1340143945.0,2363545561.0,3703689506.0,2819243714.0,7302750887.0,10121994601.0,6656715888.0,41.616616808544215,42.02592964999912,41.43575545044921,41.89266204833984,2114400,0.0,0.0,0.0
2018.11.27,2018.11.27,3878.9,3613.11,3784.77,147999.31,555212127.5,3822.99,direct,644220149.6,1322406686.0,1966626836.0,1340143945.0,2363545561.0,3703689506.0,2819243714.0,7302750887.0,10121994601.0,6656715888.0,41.616616808544215,42.02592964999912,41.43575545044921,41.89266204833984,2114400,0.0,0.0,0.0
2018.11.27,2018.11.27,3878.9,3613.11,3784.77,147999.31,555212127.5,3822.99,direct,644220149.6,1322406686.0,1966626836.0,1340143945.0,2363545561.0,3703689506.0,2819243714.0,7302750887.0,10121994601.0,6656715888.0,41.616616808544215,42.02592964999912,41.43575545044921,41.89266204833984,2114400,0.0,0.0,0.0
2018.11.27,2018.11.27,3878.9,3613.11,3784.77,147999.31,555212127.5,3822.99,direct,644220149.6,1322406686.0,1966626836.0,1340143945.0,2363545561.0,3703689506.0,2819243714.0,7302750887.0,10121994601.0,6656715888.0,41.616616808544215,42.02592964999912,41.43575545044921,41.89266204833984,2114400,0.0,0.0,0.0
2018.11.28,2018.11.28,4398.57,3822.94,3822.99,175435.76,726808596.6,4263.55,direct,858781337.8,1848769973.0,2707551311.0,1801233608.0,3035414512.0,4836648120.0,3753591219.0,9341973467.0,13095564685.0,8409566802.0,42.11159579475649,42.76839828491211,41.62613008497888,42.76839828491211,2707400,0.0,0.0,0.0
2018.11.29,2018.11.29,4444.39,4130.68,4263.52,112103.36,479575430.6,4286.69,direct,739489218.7,1402253202.0,2141742421.0,1586274202.0,2473407098.0,4059681301.0,3328827019.0,8050947201.0,11379774220.0,7084628338.0,42.539934867683584,43.125348431108,42.392393176511575,42.91117477416992,2247700,0.0,0.0,0.0
2018.11.30,2018.11.30,4331.07,3916.3,4286.85,121993.57,497762735.4,4009.67,direct,610034281.3,1305971973.0,1916006254.0,1381667205.0,2436669843.0,3818337048.0,2906745190.0,7824367591.0,10731112740.0,6718194226.0,42.98733215744302,42.98733215744302,42.49234915311534,42.84454727172852,5563500,0.0,0.0,0.0
2018.12.10,2018.12.10,3645.49,3416.77,3592.84,81855.33,287119758.1,3467.16,direct,367760933.1,783468147.0,1151229080.0,1075739646.0,1640727236.0,2716466882.0,2267177207.0,4227174127.0,6494351334.0,4563790983.0,41.42623321846225,41.82602508231899,40.84272591809354,41.62612915039063,3379500,0.0,0.0,0.0
2018.12.11,2018.12.11,3483.58,3348.98,3467.16,67519.71,230671778.4,3401.02,direct,376828968.8,708062401.0,1084891404.0,1090356435.0,1465450543.0,2555806978.0,2296685033.0,4508445882.0,6805130915.0,4534932652.0,42.1306158908203,42.22580699290309,41.43573718587759,41.66419219970703,4425900,0.0,0.0,0.0
2018.12.12,2018.12.12,3545.37,3380.48,3401.02,74415.95,257293632.7,3485.59,direct,350411521.4,707866374.5,1058277931.0,895324228.0,1442852800.0,2338177028.0,1896116658.0,4455084586.0,6351201244.0,34182843411.0,42.054488092818566,42.67321786288572,42.054488092818566,42.111602783203125,3352600,0.0,0.0,0.0
2018.12.13,2018.12.13,3493.76,3272.81,3485.59,84592.04,286236674.7,3305.11,direct,362330847.4,796014723.0,1158345537.0,934483959.0,1457606656.0,2392090615.0,2102917452.0,4309321964.0,6412239416.0,115879000000.0,42.24484994900208,42.39715209823848,41.65467594343756,41.92120742797852,1984100,0.0,0.0,0.0
2018.12.14,2018.12.14,3333.24,3180.97,3305.11,89133.43,290985461.0,3235.48,direct,402100277.6,857391620.0,1259491898.0,930936765.8,1507373409.0,2438310207.0,1955008538.0,4556721163.0,6511729701.0,8253716372.0,41.49285981669824,42.01639826961768,41.426227848026855,41.51189804077149,1910800,0.0,0.0,0.0
2018.12.17,2018.12.17,3639.65,3239.06,3255.37,119831.24,412454521.4,3548.19,direct,598274082.9,1267886264.0,1866160347.0,1263601293.0,1970987327.0,3234588620.0,2626867233.0,6108172113.0,8735039346.0,5775268012.0,41.35960694793787,41.7308433387909,40.39819634638271,40.70280075073242,3275000,0.0,0.0,0.0
2018.12.18,2018.12.18,3727.99,3481.46,3548.19,91609.53,327807644.8,3715.85,direct,680758806.4,1162575240.0,1843334046.0,1434882315.0,1914895223.0,3349777538.0,2987334978.0,6355666832.0,9343001810.0,6052240851.0,40.92173963681879,41.3310488655021,40.64569075344335,40.88366317749024,3597400,0.0,0.0,0.0
2018.12.19,2018.12.19,3969.7,3693.57,3715.85,163016.15,620695447.4,3736.54,direct,918556318.5,1772831258.0,2691387576.0,1705933890.0,2539462326.0,4245396179.0,3487925500.0,8606347024.0,12094272524.0,7807049330.0,40.82654106773892,41.4738262339876,39.77946404472097,40.00791549682617,5714100,0.0,0.0,0.0
2018.12.20,2018.12.20,4225.52,3712.82,3736.54,180025.9,724855205.5,4137.66,direct,1027164040.0,2151174068.0,3178338109.0,2033392845.0,3378669041.0,5412061887.0,4090118700.0,11337909387.0,15428028046.0,9445777413.0,39.76993632651184,40.17924904209036,38.80567193937083,39.30351257324219,9067000,0.0,0.0,0.0
2018.12.21,2018.12.21,4247.71,3831.2,4137.66,128508.13,516656937.1,3898.81,direct,872458001.2,1613364422.0,2485822423.0,1728959577.0,2322960864.0,4051920479.0,3467256374.0,8614793109.0,12082049484.0,7784271566.0,39.4028314129084,39.73707963737438,37.72205293565427,38.01810073852539,7987400,0.134,0.0,0.0
2018.12.24,2018.12.24,4303.37,4006.6,4007.63,109869.44,459290147.2,4081.95,direct,1044354253.0,1493900509.0,2538254763.0,1907424699.0,2192183694.0,4099608393.0,3965716882.0,7754432575.0,11720149416.0,9006812021.0,37.75069935144367,38.35234320795608,37.21590805053711,37.21590805053711,3888500,0.0,0.0,0.0
2018.12.26,2018.12.26,3923.93,3746.86,3834.73,68965.06,263439573.8,3848.78,direct,617448575.5,956743626.5,1574192202.0,1255197349.0,1446706599.0,2701903947.0,2649379416.0,5563211238.0,8212590692.0,5446497831.0,37.50241047225977,39.32643892768703,37.28371795044958,39.30733871459961,4104000,0.0,0.0,0.0
2018.12.27,2018.12.27,3888.92,3622.39,3848.78,81652.77,305729129.1,3646.09,direct,557034571.9,931943411.5,1488977947.0,1183702717.0,1455567038.0,2639269755.0,2505448152.0,5176134551.0,7681582667.0,5026359774.0,38.76299491658603,39.48878479003906,37.96080419172051,39.48878479003906,3768600,0.0,0.0,0.0
2018.12.28,2018.12.28,4007.71,3628.43,3646.09,92882.41,353705007.2,3947.86,direct,628781820.9,1068890399.0,1697672219.0,1294981143.0,1689457039.0,2984438221.0,2726702655.0,5649322955.0,8376025609.0,5858214334.0,39.64158326400728,39.95673131488646,39.11634015553512,39.36463928222656,2631900,0.0,0.0,0.0
2018.12.31,2018.12.31,3904.28,3701.48,3896.21,54221.49,206190463.7,3747.39,direct,488273150.2,755475023.2,1243748173.0,996876902.9,1208242065.0,2205118931.0,2202792551.0,4324015139.0,6526807690.0,4139437183.0,39.67023516031568,39.80393300786624,38.92534142783053,39.42193603515625,5303600,0.0,0.0,0.0
2019.10.10,2019.10.10,8672.58,8466.13,8593.16,29187.08,250267419.9,8596.57,direct,492267365.1,1238121252.0,1730388617.0,1432433392.0,2662822632.0,4095256024.0,4380686648.0,9509865556.0,13890552204.0,7516550932.0,46.945246771731576,47.45468418788789,46.88757315856636,47.27205657958984,3093400,0.0,0.0,0.0
2019.10.11,2019.10.11,8834.11,8259.77,8596.57,38612.05,326882172.4,8278.05,direct,485421706.3,1607137464.0,2092559171.0,1353780956.0,3031719175.0,4385500131.0,4143154588.0,10982797706.0,15125952212.0,7893614957.0,47.723814630837765,48.2524764803827,47.714200530521445,47.82954406738281,4104900,0.0,0.0,0.0
2019.10.14,2019.10.14,8414.24,8228.06,8296.34,17507.78,146015532.9,8363.94,direct,452859007.4,835341481.8,1288200489.0,1241131831.0,2349383406.0,3590515237.0,3837425605.0,8398093229.0,12235518834.0,6718088738.0,47.78149731252331,47.8439779811325,47.608480127723226,47.72382736206055,1246200,0.0,0.0,0.0
2019.10.15,2019.10.15,8439.31,8116.92,8363.94,24899.11,205674618.3,8173.48,direct,495574684.6,1036166690.0,1531741375.0,1279460049.0,2116506381.0,3395966348.0,4007316251.0,8069122479.0,12076438730.0,6901101945.0,47.80070829071194,48.646569435688725,47.73342425645632,48.54083633422852,2105200,0.0,0.0,0.0
2019.10.16,2019.10.16,8193.41,7945.77,8173.48,34102.92,274670310.1,8014.39,direct,434799811.9,1081006970.0,1515806782.0,1191077003.0,2478947641.0,3670024644.0,3756727120.0,9033597047.0,12790324167.0,7148669902.0,48.42550152905787,48.68502727941669,48.3966628901032,48.62735366821289,2285200,0.0,0.0,0.0
2019.10.17,2019.10.17,8145.5,7948.95,8014.39,21657.02,175172893.7,8082.46,direct,374546935.0,823276061.8,1197822997.0,1138039546.0,1970716236.0,3108755782.0,3557118773.0,7502004395.0,11059123168.0,5938260388.0,49.0118293046195,49.03105017193416,48.733079061392665,48.91570663452149,2037200,0.0,0.0,0.0
2019.10.18,2019.10.18,8157.36,7850.66,8082.46,27732.54,221065928.4,7972.62,direct,392178120.8,981726342.6,1373904463.0,1215855563.0,2205308252.0,3421163736.0,3816500130.0,8665335280.0,12481835330.0,6684065304.0,48.79075178785434,48.93974101835307,48.07946232196393,48.34859848022461,1958200,0.0,0.0,0.0
2019.10.21,2019.10.21,8359.52,8177.11,8247.25,22831.65,188511539.9,8223.25,direct,434094348.4,876883550.1,1310977898.0,1306648604.0,2252209695.0,3558858299.0,4072603705.0,8241292386.0,12313896091.0,6439862753.0,48.55043526976807,48.74556258960336,48.49564737866428,48.63694381713867,1425400,0.0,0.0,0.0
2019.10.22,2019.10.22,8318.41,8021.36,8223.25,24453.79,200593851.4,8034.5,direct,402537046.9,921878289.0,1324415336.0,1276350225.0,2488673841.0,3765024066.0,4035973036.0,9282456141.0,13318429178.0,6781741397.0,48.713867828413264,48.76192734323218,48.14194970196218,48.16598129272461,2433600,0.0,0.0,0.0
2019.10.23,2019.10.23,8071.8,7336.06,8034.5,60122.39,457672451.4,7479.54,direct,564777372.8,1984368560.0,2549146007.0,1635867696.0,3879380625.0,5515248321.0,4922082803.0,13121564355.0,18043647158.0,9702706337.0,48.156352995592286,48.58889583488183,48.156352995592286,48.54083633422852,1958500,0.0,0.0,0.0
2019.10.24,2019.10.24,7524.31,7370.13,7479.54,28580.18,213663114.8,7444.2,direct,379321890.9,928550128.2,1307872019.0,1249612965.0,2434789755.0,3684402720.0,3818505070.0,8778836300.0,12597341370.0,6728587714.0,48.2909290515897,48.30053948589831,47.82954753726264,47.99295425415039,2444800,0.0,0.0,0.0
2019.10.25,2019.10.25,8783.85,7431.2,7444.2,79777.72,656574822.4,8671.1,direct,711792910.0,2995019704.0,3706812701.0,2046748382.0,5930767498.0,7977515880.0,6199388551.0,19563929099.0,25763317650.0,13704660110.0,48.06023931615638,48.61773985224232,47.964120304206176,48.36782455444336,1210800,0.0,0.0,0.0
2019.10.28,2019.10.28,9934.71,9201.49,9550.6,54907.49,522287119.7,9222.23,direct,703248803.1,2681542468.0,3384791271.0,2014313574.0,5793529571.0,7807843145.0,6093006181.0,19348551819.0,25441557908.0,13752111817.0,48.61773180113045,48.963762386871565,48.57928273603543,48.819583892822266,2882900,0.0,0.0,0.0
2019.10.29,2019.10.29,9565.11,9099.36,9222.23,40284.46,377872980.9,9432.86,direct,690608828.1,2067770072.0,2758378900.0,2019597871.0,5149841996.0,7169439866.0,6403795844.0,18021872003.0,24425667847.0,12664651033.0,48.72346822698536,48.800366368218285,48.29092901601828,48.377437591552734,1788600,0.0,0.0,0.0
2019.10.30,2019.10.30,9441.8,9018.3,9432.86,34376.01,315824657.2,9169.86,direct,630467122.0,1802129111.0,2432596233.0,1920405358.0,4375096736.0,6295502094.0,6191426200.0,15007204802.0,21198631002.0,11437450104.0,48.49276887775484,48.646561454636846,48.1515417123824,48.511993408203125,3900600,0.0,0.0,0.0
2019.10.31,2019.10.31,9423.16,8972.0,9169.86,35891.86,329788397.2,9157.52,direct,508387323.5,1734659197.0,2243046520.0,1675034584.0,4478448160.0,6153482744.0,5387351342.0,15000312174.0,20387663516.0,10645257018.0,48.86765137601886,48.86765137601886,48.22364226390992,48.65618515014648,4059900,0.0,0.0,0.0
2019.11.11,2019.11.11,9084.49,8619.78,9045.85,25750.4,226035620.3,8726.31,direct,860345053.6,1736631592.0,2596976646.0,1506600301.0,2643885885.0,4150486186.0,5850009407.0,13231909183.0,19081918590.0,6892355356.0,49.26174471561429,49.3674778275304,49.17523613920159,49.30019378662109,1133400,0.0,0.0,0.0
2019.11.12,2019.11.12,8868.85,8576.09,8726.31,22305.54,194901130.1,8815.14,direct,904768163.0,1742276543.0,2647044706.0,1612424066.0,2642185360.0,4254609426.0,6161660506.0,12733057270.0,18894717775.0,7091855411.0,49.34825394535649,49.53088153499882,49.22329629628265,49.35786437988281,6801000,0.0,0.0,0.0
2019.11.13,2019.11.13,8840.33,8721.68,8815.14,15828.57,138900524.5,8773.82,direct,749940948.4,1247796537.0,1997737485.0,1501773357.0,2290515384.0,3792288741.0,5519627183.0,10664983911.0,16184611095.0,6137757981.0,49.24251563701529,49.45878889144637,49.13678253485407,49.33863830566406,1471400,0.0,0.0,0.0
2019.11.14,2019.11.14,8811.04,8584.92,8773.82,18999.7,164630654.0,8640.42,direct,947581468.8,1452386170.0,2399967639.0,1528316194.0,2478109005.0,4006425112.0,1.53e+19,2.25e+21,2.26e+21,6517370392.0,49.30979999756269,49.65583427357515,49.24251596241637,49.559715270996094,1526200,0.0,0.0,0.0
2019.11.15,2019.11.15,8773.4,8393.29,8640.42,31281.14,267441968.2,8468.57,direct,951618461.4,2058364950.0,3009983412.0,1470810483.0,3227294963.0,4698105446.0,5733300055.0,14144976847.0,19878276902.0,7787651072.0,49.828851733524246,49.992254772305365,49.66544502803819,49.9730339050293,2798500,0.0,0.0,0.0
2019.11.18,2019.11.18,8537.87,8075.63,8515.28,30048.32,250358969.4,8190.16,direct,966000952.1,1966661269.0,2932662221.0,1582618524.0,3497691204.0,5080309810.0,5610821527.0,13667902729.0,19278724256.0,8147238893.0,49.896134084906826,50.23255425145648,49.6269979516671,50.14604568481445,1833000,0.0,0.0,0.0
2019.11.19,2019.11.19,8215.95,8016.54,8190.16,24402.6,198180594.4,8133.57,direct,934735322.5,1715496390.0,2650231712.0,1597247296.0,3146311486.0,4743558782.0,5291875107.0,12400906957.0,17692782064.0,7957681142.0,50.29023215399574,50.29023215399574,49.92497332284609,50.17488861083984,2134400,0.0,0.0,0.0
2019.11.20,2019.11.20,8232.23,8047.73,8133.57,18105.11,147086043.4,8093.6,direct,879292831.7,1431277161.0,2310569993.0,1337251301.0,2868292442.0,4205543743.0,4928779745.0,11696969624.0,16625749369.0,6809937558.0,49.944196411894026,50.11721355497144,49.48281858592262,49.86730194091797,2428600,0.0,0.0,0.0
2019.11.21,2019.11.21,8133.73,7437.33,8093.6,45760.44,354377783.3,7632.59,direct,1010135276.0,2446730909.0,3456866186.0,1678422722.0,4290122905.0,5968545704.0,6025298285.0,15850030567.0,21875328852.0,9905194588.0,49.91536063152888,50.17488634192269,49.72792600736196,50.00186920166016,1374400,0.0,0.0,0.0
2019.11.22,2019.11.22,7721.9,6815.03,7632.59,94065.31,680349857.2,7292.2,direct,1248514115.0,4694044998.0,5942559114.0,2155445686.0,6992146388.0,9147592147.0,7193465946.0,23767626284.0,30961092230.0,15366451916.0,50.08838695363123,50.11722192672582,49.800026222568455,50.02110290527344,1623200,0.0,0.0,0.0
2019.11.25,2019.11.25,7386.06,6560.13,6930.09,85742.76,596056755.8,7138.23,direct,1127488068.0,4439339403.0,5566827472.0,1831340317.0,6235746151.0,8067086397.0,6206868441.0,22145691365.0,28352559806.0,13479110072.0,50.1844990449757,50.23736559948572,50.06915550181981,50.17488861083984,2358700,0.0,0.0,0.0
2019.11.26,2019.11.26,7350.44,7042.5,7138.23,36264.64,259675008.7,7170.11,direct,869985512.0,2511097927.0,3381083439.0,1300232623.0,3852794795.0,5153027418.0,4570109951.0,15327812094.0,19897922045.0,8364993846.0,50.280621230548725,50.35751570300264,50.09798998339864,50.33829116821289,2146600,0.0,0.0,0.0
2019.11.27,2019.11.27,7681.51,6873.1,7170.11,66406.48,485895588.3,7531.5,direct,1090972646.0,3247247950.0,4338220595.0,1858043343.0,5068364725.0,6926408068.0,5916262802.0,18851178882.0,24767441609.0,11046758486.0,50.492079628941546,50.75160532721031,50.415185162809024,50.69393539428711,3416700,0.0,0.0,0.0
2019.11.29,2019.11.29,7872.17,7425.49,7442.33,37243.54,285280637.6,7769.38,direct,660331260.3,2297660191.0,2957991373.0,1306911961.0,3880669424.0,5187581385.0,4647055285.0,15208108084.0,19855163447.0,8314109179.0,50.57859737258671,50.70355502776869,50.47286425410237,50.52092742919922,2396400,0.0,0.0,0.0
2019.12.10,2019.12.10,7403.64,7176.42,7350.62,23348.59,170419385.8,7233.84,direct,801219250.3,1597560867.0,2398780117.0,1421425110.0,2670071976.0,4091497086.0,4596707242.0,11069775791.0,15666483033.0,6796759234.0,50.50170064003583,50.54976014628368,50.21333993584343,50.34790802001953,6432200,0.0,0.0,0.0
2019.12.11,2019.12.11,7284.74,7167.13,7233.84,19799.94,143267855.5,7212.01,direct,566150285.5,1182599148.0,1748749434.0,1101688906.0,1971448225.0,3073137203.0,4004572766.0,9327467496.0,13332040262.0,5488444040.0,50.463246855502646,50.617039461155976,50.38634871932351,50.578590393066406,1436500,0.0,0.0,0.0
2019.12.12,2019.12.12,7307.96,7105.35,7212.01,28003.83,201666958.3,7199.39,direct,557081166.9,1360255986.0,1917337153.0,1053997535.0,2149887745.0,3203885281.0,4134293048.0,9875682311.0,14009975287.0,6243703087.0,50.59781954412464,51.00152746249328,50.367132447947085,50.636268615722656,2866800,0.0,0.0,0.0
2019.12.13,2019.12.13,7308.08,7199.39,7199.39,18725.31,135777984.6,7261.72,direct,559219538.3,1188183540.0,1747403078.0,891458841.0,1868532562.0,2759991403.0,3777412620.0,8932859914.0,12710272534.0,5117561448.0,50.626656880978096,50.737197050313206,50.30465414137978,50.52092742919922,2834400,0.0,0.0,0.0
2019.12.16,2019.12.16,7172.46,6869.19,7132.39,39619.58,278223344.1,6897.33,direct,679889613.4,1546806675.0,2226696289.0,1181592017.0,2478805978.0,3660398064.0,4753851308.0,11107962013.0,15861813321.0,7359631199.0,50.799679221320005,51.08804363446519,50.799679221320005,51.02075958251953,5780800,0.0,0.0,0.0
2019.12.17,2019.12.17,6948.12,6585.46,6897.33,46023.51,310739632.4,6635.84,direct,735352069.5,2056591278.0,2791943348.0,1233016977.0,2651598849.0,3884615892.0,4755139956.0,12384513382.0,17139653271.0,7304470490.0,51.02075757507633,51.145711571369965,50.886185809774,50.972694396972656,3222500,0.0,0.0,0.0
2019.12.18,2019.12.18,7442.26,6450.69,6635.84,71573.09,491429584.5,7294.53,direct,830775480.6,3566702898.0,4397478378.0,1435975280.0,4395484346.0,5831459699.0,7027691351.0,19140226612.0,26167917890.0,10362343214.0,51.14570842219331,51.492703426511696,51.088038478748885,51.3187255859375,1862800,0.0,0.0,0.0
2019.12.19,2019.12.19,7376.98,7057.66,7294.53,34799.1,249541907.2,7159.26,direct,588886506.3,1889832153.0,2478718731.0,1018924211.0,2686068727.0,3704992938.0,4921793583.0,12842304214.0,17764097868.0,6487062044.0,51.35717192688562,51.78971481323242,51.35717192688562,51.78971481323242,1873000,0.0,0.0,0.0
2019.12.20,2019.12.20,7234.56,7094.06,7159.26,23556.25,168963964.6,7203.41,direct,514526178.0,1207047392.0,1721573642.0,879308589.2,1875031271.0,2754339860.0,3755652965.0,9814871448.0,13570524413.0,5193622593.0,52.0661827945117,52.09989803001331,51.68086634230555,51.95058822631836,3109700,0.117,0.0,0.0
2019.12.23,2019.12.23,7694.65,7275.28,7517.58,44770.93,336425000.1,7326.6,direct,529954444.9,2212908900.0,2742863345.0,1081667793.0,3120082284.0,4201750077.0,4433160738.0,15122468803.0,19555629542.0,7572795813.0,52.09507647134944,52.157689420948,51.78200437398765,51.81571960449219,3248600,0.0,0.0,0.0
2019.12.24,2019.12.24,7429.42,7175.5,7326.6,27770.75,203013413.9,7260.91,direct,462578417.3,1797692620.0,2260271038.0,964446780.4,2684993757.0,3649440610.0,3988941375.0,13058134395.0,17047075770.0,6011291851.0,51.87351795869608,51.9120507027772,51.76274091281877,51.80608749389648,891200,0.0,0.0,0.0
2019.12.26,2019.12.26,7442.21,7167.44,7202.72,23254.3,169067214.3,7207.23,direct,450612956.6,1459257300.0,1909870256.0,843198918.9,2419572625.0,3262771544.0,3617524377.0,11884769838.0,15502294287.0,5805584919.0,51.87350980734741,52.20103073120117,51.87350980734741,52.20103073120117,830200,0.0,0.0,0.0
2019.12.27,2019.12.27,7267.46,7061.61,7207.23,25489.38,183588691.2,7253.82,direct,505688963.0,1514311090.0,2020000053.0,906597003.8,2138616404.0,3045213407.0,3842172549.0,11026607077.0,14868779626.0,5290628891.0,52.32627504874319,52.35517277307002,51.99875403252669,52.10471725463867,3205000,0.0,0.0,0.0
2019.12.30,2019.12.30,7414.07,7224.79,7399.49,23030.92,168180498.7,7234.44,direct,486225554.9,1164252247.0,1650477730.0,994763714.3,1519597233.0,2514360947.0,4008311222.0,8968390724.0,12976701946.0,5014443208.0,52.12397944556139,52.12397944556139,51.50747021150263,51.56526565551758,2141300,0.0,0.0,0.0
2019.12.31,2019.12.31,7325.24,7141.94,7234.44,19424.26,140384995.3,7183.88,direct,509108285.4,1046401518.0,1555509804.0,934988519.3,1681635173.0,2616623693.0,3740026778.0,8798321542.0,12538348320.0,5106483872.0,51.478573299112966,51.72903249394491,51.420777850063445,51.66160202026367,2049700,0.0,0.0,0.0
2020.10.12,2020.10.12,11725.28,11223.99,11375.51,41705.77,478557074.7,11539.76,direct,1218374092.0,4008883775.0,5227257867.0,1144406539.0,3134813193.0,4279219731.0,4000270152.0,11815969118.0,15816239269.0,10015678971.0,59.38402982981047,60.70324438719871,59.15607682463441,60.06303405761719,3935600,0.0,0.0,0.0
2020.10.13,2020.10.13,11561.69,11314.56,11539.76,33529.75,383360256.7,11427.29,direct,1037238772.0,3578866332.0,4616105104.0,1005567809.0,2863413989.0,3868981685.0,3519746218.0,10645725871.0,14165471975.0,8992243746.0,60.37344346184364,60.44134388767667,59.839934829876015,60.121238708496094,2581900,0.0,0.0,0.0
2020.10.14,2020.10.14,11550.25,11298.88,11427.29,22758.2,259711904.0,11429.3,direct,962829490.8,3216973183.0,4179802674.0,925116343.8,2583374394.0,3508490738.0,3311844145.0,9789351460.0,13101195491.0,8604468271.0,60.373433460880655,60.42193322839936,59.22882118602276,59.40342330932617,1999800,0.0,0.0,0.0
2020.10.15,2020.10.15,11607.59,11269.05,11429.3,33044.49,377801262.9,11508.31,direct,1004355417.0,3742122523.0,4746477940.0,972794222.0,3018840200.0,3991634422.0,3539951092.0,10707816354.0,14247767446.0,8786205819.0,58.695316481650856,59.08332204776985,58.44311545388023,58.9475212097168,1700200,0.0,0.0,0.0
2020.10.16,2020.10.16,11545.35,11224.89,11508.31,29300.16,332320579.3,11326.25,direct,1051197191.0,3819661379.0,4870858570.0,953056707.0,2840605265.0,3793661859.0,3601153212.0,10733948513.0,14335101725.0,8616141371.0,59.33552155225768,59.5586271522404,58.865069718307296,58.957218170166016,2932200,0.0,0.0,0.0
2020.10.19,2020.10.19,11821.95,11417.11,11513.33,39224.67,456404609.8,11756.88,direct,886623002.3,3581644140.0,4468267142.0,848121924.4,2939665351.0,3787787275.0,3200072130.0,10643159105.0,13843231235.0,7788245105.0,59.170628619816426,59.359780333315136,57.681662949280415,57.8999137878418,3320800,0.0,0.0,0.0
2020.10.20,2020.10.20,12047.73,11688.39,11756.88,48504.61,576128149.7,11921.78,direct,1205221381.0,4679720323.0,5884941704.0,1137421622.0,3765911595.0,4903333217.0,4123805576.0,13659304089.0,17783109665.0,9825603346.0,58.02601046393553,58.82141854008119,57.78350791144489,58.317012786865234,4365000,0.0,0.0,0.0
2020.10.21,2020.10.21,13236.39,11900.51,11921.78,103080.18,1296152946.0,12813.11,direct,1561954242.0,9277025934.0,10838980176.0,1420796309.0,7117137663.0,8537933973.0,4905673166.0,24175189620.0,29080862786.0,15612901897.0,59.03482302141842,59.84963176030555,58.8893200072154,59.29672622680664,3262000,0.0,0.0,0.0
2020.10.22,2020.10.22,13197.69,12700.74,12813.11,57124.85,739591002.3,12990.25,direct,1406915781.0,6289560659.0,7696476440.0,1343224066.0,5013066208.0,6356290144.0,4472324059.0,17596066935.0,22068390864.0,13148276131.0,59.49072383207316,59.82246638322648,58.89416596614132,59.68472290039063,2492900,0.0,0.0,0.0
2020.10.23,2020.10.23,13031.82,12732.62,12990.25,32269.84,416662855.5,12937.2,direct,1049659981.0,4080154447.0,5129814428.0,989426576.9,3297126536.0,4286552984.0,3627974985.0,12455023829.0,16082998814.0,9568457653.0,59.88843458416597,60.266737990383255,59.442227056039634,60.247337341308594,1839900,0.0,0.0,0.0
2020.10.26,2020.10.26,13241.79,12797.05,13041.21,35322.99,460984686.3,13069.43,direct,1217884506.0,4453734355.0,5671618730.0,1128656109.0,3599712713.0,4728368822.0,3967479285.0,13465168812.0,17432648096.0,10431690199.0,59.72352772752741,60.00483157364326,58.37036305427558,58.92811965942383,2771500,0.0,0.0,0.0
2020.10.27,2020.10.27,13783.14,13060.64,13069.43,44978.37,603406480.4,13646.02,direct,1212904927.0,6192612319.0,7405517110.0,919385996.3,3805909502.0,4725295499.0,3665815504.0,16633720420.0,20299535924.0,8922545017.0,59.1609276824003,59.47133067113427,58.81657078211229,59.306427001953125,1582100,0.0,0.0,0.0
2020.10.28,2020.10.28,13855.57,12906.15,13646.02,32501.89,434942187.8,13285.97,direct,1249050178.0,7093069554.0,8342119732.0,561858622.6,2694167792.0,3256026414.0,3110600047.0,16490890071.0,19601489984.0,5891253391.0,58.2685128351654,58.33641325362793,56.90079859138469,56.97840118408203,4236400,0.0,0.0,0.0
2020.10.29,2020.10.29,13643.6,12985.56,13285.97,41497.54,555737562.1,13462.18,direct,1056166312.0,5268697425.0,6324863737.0,756243077.1,3407665603.0,4163908681.0,2950986725.0,14361927897.0,17312914622.0,7552865354.0,57.65740246936431,58.962067316193895,57.376102335720034,58.41401290893555,3172900,0.0,0.0,0.0
2020.10.30,2020.10.30,13674.89,13132.53,13462.18,56364.21,756044940.7,13565.95,direct,1191898941.0,5824237298.0,7016136103.0,1135641353.0,4834177174.0,5969818527.0,3583322378.0,16239382677.0,19822705191.0,11281151674.0,58.55951262546287,58.90871687691304,56.81349506850712,57.42460250854492,3421000,0.0,0.0,0.0
2020.11.10,2020.11.10,15476.99,15099.11,15335.03,23031.66,352628988.8,15313.73,direct,1435522067.0,4974146514.0,6409668581.0,855043186.5,2415954993.0,3270998180.0,3698354921.0,12648890601.0,16347245521.0,7037455402.0,60.586848439746085,61.2658564569342,60.00484368232542,61.07185363769531,12894000,0.0,0.0,0.0
2020.11.11,2020.11.11,15983.03,15288.76,15313.73,45852.83,717920492.2,15707.08,direct,1378853871.0,5575343336.0,6954197207.0,1345300250.0,4804788861.0,6150089111.0,4148423601.0,15226758750.0,19375182194.0,12475114412.0,61.4986495653118,61.70235082389535,61.30464678081994,61.62474822998047,5063100,0.0,0.0,0.0
2020.11.12,2020.11.12,16348.99,15476.25,15707.08,67322.57,1074746062.0,16306.53,direct,1348855452.0,7927595018.0,9276450633.0,1293685569.0,6410745780.0,7704431349.0,4091014696.0,21650702668.0,25741717365.0,13325268922.0,61.58595371850207,61.92545583314886,61.05244510934921,61.27554702758789,7035900,0.0,0.0,0.0
2020.11.13,2020.11.13,16482.62,15975.8,16306.53,42676.28,694320640.2,16332.85,direct,1344522335.0,5731010054.0,7075532389.0,1382856678.0,4789613816.0,6172470493.0,4143210081.0,16657861792.0,20801072037.0,12499592170.0,61.7217505855902,62.28435458220853,61.3725463185811,62.18735504150391,1661300,0.0,0.0,0.0
2020.11.16,2020.11.16,16876.48,15877.77,15964.7,41641.22,685608661.4,16721.46,direct,1246231017.0,6069607053.0,7315837903.0,1348796105.0,5254607607.0,6603403712.0,4258691496.0,17742460810.0,22001152306.0,13049700613.0,62.20676049344838,62.65781915024365,62.16795919174404,62.58506393432617,4772300,0.0,0.0,0.0
2020.11.17,2020.11.17,17857.37,16563.5,16721.46,62123.13,1072294335.0,17681.54,direct,1816293761.0,8803371067.0,10619664828.0,1814833442.0,7325070199.0,9139903641.0,5543298938.0,24808894335.0,30352193273.0,17633008770.0,62.29405713108819,62.66265834821872,62.05155457757295,62.36195755004883,3483100,0.0,0.0,0.0
2020.11.18,2020.11.18,18466.1,17260.91,17681.54,80691.42,1441862086.0,17786.27,direct,1965843677.0,12720550169.0,14686393668.0,1744715875.0,9537799957.0,11282515655.0,5558972940.0,32596111943.0,38155084883.0,20555852274.0,62.32315594691169,62.4977580806076,61.72175065323429,61.73144912719727,2470000,0.0,0.0,0.0
2020.11.19,2020.11.19,18172.87,17365.08,17786.27,48224.86,859856045.6,17824.64,direct,1659332100.0,7580130470.0,9239462570.0,1699709544.0,6788068172.0,8487777715.0,4938312769.0,22711127806.0,27649440575.0,16421765256.0,61.46954983886096,62.245557315622975,61.38224876645676,62.10975646972656,3390400,0.0,0.0,0.0
2020.11.20,2020.11.20,18814.87,17764.07,17824.64,51122.68,939934212.3,18672.78,direct,1922952761.0,7604588061.0,9527540821.0,2060822112.0,6681626903.0,8742449015.0,6015012952.0,22542703198.0,28557716150.0,19173253265.0,62.158255251544055,62.42985692283523,61.95455029778043,61.96425247192383,1876300,0.0,0.0,0.0
2020.11.23,2020.11.23,18761.66,18010.51,18430.59,48994.17,902518528.8,18385.74,direct,3328027250.0,7404242334.0,10732269584.0,3500392644.0,6549242728.0,10049635372.0,9835582152.0,22018791090.0,31854373241.0,28218393303.0,62.1873575870089,62.30860886800048,61.382247305083,61.99335479736328,2190900,0.0,0.0,0.0
2020.11.24,2020.11.24,19419.49,18117.78,18385.74,74142.3,1403472685.0,19157.16,direct,5607964911.0,10688927269.0,16296892180.0,5458408986.0,8966284791.0,14424693776.0,14864282399.0,28589654586.0,43453937176.0,40434005156.0,62.158272521614286,63.3222821221539,62.10976903801158,63.26408386230469,2179000,0.0,0.0,0.0
2020.11.25,2020.11.25,19488.81,18519.89,19157.16,59989.48,1141495120.0,18725.76,direct,3818929435.0,8094161073.0,11913090508.0,3789450220.0,7407142900.0,11196593119.0,10561350175.0,23211383042.0,33772733217.0,30268581748.0,63.39017249488291,63.39987467018162,62.703405015443145,63.254371643066406,1693300,0.0,0.0,0.0
2020.11.27,2020.11.27,17479.12,16462.87,17175.86,61052.47,1034426524.0,17155.0,direct,2322910859.0,7479190582.0,9802101441.0,2273559698.0,6940783651.0,9214343521.0,6690937545.0,21656279864.0,28347217409.0,22486247685.0,63.555064339388096,63.86546730390488,63.34166831426253,63.661766052246094,1229900,0.0,0.0,0.0
2020.11.30,2020.11.30,19850.23,18199.03,18199.23,77985.3,1493787961.0,19686.87,direct,2375472267.0,10082744064.0,12458216331.0,2529935646.0,9694175058.0,12224110703.0,7609932037.0,28574962425.0,36184894659.0,27159825323.0,63.51627752668765,63.51627752668765,62.77906762853669,63.43867492675781,3617300,0.0,0.0,0.0
2020.12.10,2020.12.10,18554.32,17920.56,18549.92,37500.96,684802762.1,18250.47,direct,1245596220.0,5241015941.0,6486612161.0,1254375426.0,4753209348.0,6007584957.0,4209676588.0,15017719535.0,19227395941.0,13089280885.0,64.14677921961002,64.65118872579797,63.53567538772722,64.54448699951172,2287400,0.0,0.0,0.0
2020.12.11,2020.12.11,18295.1,17598.13,18250.47,45166.17,809318887.8,18034.86,direct,1470994059.0,6447886089.0,7918880328.0,1446470256.0,5809972711.0,7256442967.0,4613396000.0,17883373488.0,22496769489.0,16034524766.0,64.44748237037734,65.02948703115794,64.36017760093533,64.93248748779297,2668300,0.0,0.0,0.0
2020.12.14,2020.12.14,19339.6,19001.22,19169.05,23827.71,456841099.9,19274.69,direct,1125925234.0,4883525086.0,6009450320.0,1082499550.0,4163232041.0,5245731783.0,3430200160.0,12702930090.0,16133130057.0,11390301535.0,65.10709370644892,65.57269450401701,64.68028680818546,64.72879028320312,2622800,0.0,0.0,0.0
2020.12.15,2020.12.15,19553.23,19060.06,19274.69,42331.4,819839290.0,19441.96,direct,1372922585.0,6261103380.0,7634025965.0,1294274608.0,5571560051.0,6865834658.0,4128625607.0,16288080777.0,20416706384.0,14250316651.0,65.04888750725937,65.26229095458984,64.41838674089901,65.26229095458984,1604200,0.0,0.0,0.0
2020.12.16,2020.12.16,21527.36,19299.86,19441.96,95374.74,1949841495.0,21352.13,direct,2480148546.0,13642898411.0,16123047170.0,2392537981.0,11420510002.0,13813047769.0,6972983670.0,32483739918.0,39456723588.0,27235152771.0,65.36898626024306,65.42718450358605,64.95285105892356,65.20408630371094,3249300,0.0,0.0,0.0
2020.12.17,2020.12.17,23698.98,21240.41,21352.13,140483.08,3194654468.0,22822.17,direct,3932301884.0,22869545402.0,26801847285.0,3806112172.0,18701595255.0,22507707428.0,10796307090.0,54527658796.0,65323966114.0,43533186575.0,65.44658706376416,65.58723528153071,64.88882677813343,65.0391845703125,2437600,0.0,0.0,0.0
2020.12.18,2020.12.18,23271.54,22345.87,22822.17,59658.48,1362467582.0,23135.57,direct,2576713004.0,12204390748.0,14781103751.0,2272173018.0,9012004135.0,11284177152.0,7158727680.0,28176219589.0,35334947038.0,24099069552.0,65.19437348566753,65.30592256739304,64.58326982856654,65.09737396240234,4397800,0.0,0.0,0.0
2020.12.21,2020.12.21,24077.7,22015.91,23467.06,75934.38,1750627321.0,22727.13,direct,2919380303.0,12655708476.0,15575088779.0,2473960600.0,10164107078.0,12638067451.0,7810782993.0,30477673144.0,38288456138.0,27196049890.0,64.32694331922849,64.65727735085959,63.5594105474725,64.54068756103516,4508500,0.107,0.0,0.0
2020.12.22,2020.12.22,23833.23,22378.26,22727.13,49685.46,1149767379.0,23823.32,direct,2927019097.0,11115783628.0,14042802726.0,2501971760.0,8854570817.0,11356542577.0,8019270900.0,27347517307.0,35366787969.0,26412926796.0,64.54068964147442,64.54068964147442,63.54970233945621,63.93832015991211,2041900,0.0,0.0,0.0
2020.12.23,2020.12.23,24082.98,22641.37,23823.32,66161.63,1552020952.0,23239.5,direct,4087998628.0,13462351624.0,17550350019.0,3846359420.0,11003426840.0,14849786260.0,11009969689.0,32918024121.0,43927994043.0,36346271239.0,64.16177500316994,64.75442675015032,63.99661170644661,64.30751037597656,1671200,0.0,0.0,0.0
2020.12.24,2020.12.24,23778.56,22716.45,23239.5,39804.23,923848542.7,23724.2,direct,3096710574.0,9976919316.0,13073629890.0,2923740753.0,7594643334.0,10518384087.0,8802937955.0,24626076649.0,33429014604.0,26964138077.0,64.37551879882812,64.63783653820288,64.15691944728101,64.37551879882812,859700,0.0,0.0,0.0
2020.12.28,2020.12.28,27461.63,26085.96,26249.27,52027.49,1402005894.0,27039.45,direct,3446861189.0,13181240839.0,16628102028.0,3445352929.0,9997637086.0,13442990015.0,10289838092.0,32062661642.0,42352499734.0,30055571669.0,64.90016957873195,65.62883911406617,64.69613558591773,65.53167724609375,2806600,0.0,0.0,0.0
2020.12.29,2020.12.29,27383.6,25864.25,27039.45,55477.49,1479551412.0,27360.78,direct,3012858556.0,11930633097.0,14943491380.0,2867845601.0,9438895344.0,12306740946.0,8489900644.0,29781125817.0,38271026461.0,30253426507.0,65.68712527579945,65.80371506099414,65.39565451901734,65.47338104248047,1502000,0.0,0.0,0.0
2020.12.30,2020.12.30,28990.2,27360.09,27360.78,70752.88,1993721842.0,28889.61,direct,2659562185.0,15558415686.0,18217977582.0,2606848469.0,12614545071.0,15221393540.0,7965232953.0,38983712536.0,46948945489.0,29284498323.0,65.72597705679468,65.72597705679468,64.99730770452956,65.03617095947266,2151800,0.0,0.0,0.0
2020.12.31,2020.12.31,29301.67,27957.13,28889.61,66915.03,1924969475.0,28972.4,direct,2153011185.0,14564202972.0,16717214157.0,2129210938.0,11380027276.0,13509238214.0,6388029736.0,35660430826.0,42048460562.0,25316021409.0,64.9584521289849,65.66768623142025,64.9584521289849,65.56082153320312,2274200,0.0,0.0,0.0
2021.10.11,2021.10.11,57825.98,54448.68,54700.24,31803.75,1805863527.0,57498.8,direct,4787128718.0,23809683842.0,28596812560.0,3719623246.0,14742564673.0,18462187919.0,9555635299.0,40899485228.0,50455119952.0,52464967506.0,78.7605648858574,79.06333749266393,77.87177765714978,77.90107727050781,3590000,0.0,0.0,0.0
2021.10.12,2021.10.12,57646.93,54098.22,57498.8,33966.65,1913353762.0,56010.9,direct,5077066022.0,20662813646.0,25739879669.0,4003228968.0,13980981009.0,17984209977.0,10101238711.0,37572213100.0,47673452371.0,53708875535.0,77.91084971024182,77.97824181099952,76.90485643617157,77.17832946777344,7990700,0.0,0.0,0.0
2021.10.13,2021.10.13,57768.98,54279.61,56010.9,34054.43,1906230334.0,57369.0,direct,5260701158.0,23334218870.0,28594920028.0,4092820345.0,14736137522.0,18828958441.0,10354298466.0,40796392439.0,51150691479.0,58275788183.0,77.66666321114711,77.79363813412812,77.0611180150715,77.5396957397461,4690400,0.0,0.0,0.0
2021.10.14,2021.10.14,58514.76,56854.38,57369.0,28061.61,1617497365.0,57359.21,direct,4942822660.0,20431788253.0,25374610913.0,3900748639.0,13044918334.0,16945666973.0,9866351403.0,35492761791.0,45359113767.0,51148434471.0,78.26245760994433,78.76057344590882,78.0964214818165,78.63360595703125,3614600,0.0,0.0,0.0
2021.10.15,2021.10.15,62889.98,56885.66,57359.21,62053.36,3737889744.0,61684.96,direct,7440501560.0,29774515951.0,37215017511.0,5896174790.0,21497077788.0,27393252578.0,14559179113.0,54962629288.0,69521808401.0,74517552409.0,78.89730672002386,78.91684476463777,78.33082265151178,78.44802856445312,3100400,0.0,0.0,0.0
2021.10.18,2021.10.18,62662.72,59925.93,61520.54,50489.09,3113486442.0,62038.16,direct,4189950000.0,23665599495.0,27855549496.0,3283492454.0,16190073180.0,19473565633.0,44487629676.0,42531031102.0,87018661398.0,52139714734.0,78.35036822512559,79.07311946209748,78.19409365952009,79.0535888671875,2975400,0.0,0.0,0.0
2021.10.19,2021.10.19,64468.7,61410.11,62038.16,42983.11,2706420467.0,64283.97,direct,4318683888.0,25238904880.0,29557588768.0,3407704821.0,17599971941.0,21007676762.0,9381171879.0,45355534463.0,54736706342.0,49229627200.0,79.46379648685922,79.8251758223239,79.2684607361969,79.8154067993164,2460300,0.0,0.0,0.0
2021.10.20,2021.10.20,66980.66,63543.7,64283.97,45364.94,2978059286.0,66021.02,direct,5405334349.0,24291918025.0,29697252374.0,4263247287.0,16536257811.0,20799505098.0,11462425567.0,43894172858.0,55356598425.0,57481406388.0,80.00097149425899,80.19630722176382,79.69819142957202,79.97166442871094,2934600,0.0,0.0,0.0
2021.10.21,2021.10.21,66645.73,62076.16,66021.02,62097.42,3962470064.0,62283.96,direct,6628043521.0,25050923869.0,31678966767.0,5238961731.0,18541594822.0,23780557176.0,15779167908.0,46697913476.0,62477080761.0,70870021257.0,79.94236614243393,80.24514621214949,79.65912411674155,80.2060775756836,2681200,0.0,0.0,0.0
2021.10.22,2021.10.22,63731.17,60017.23,62283.96,40476.42,2504718475.0,60693.59,direct,5351337443.0,23393043602.0,28744380438.0,4225694701.0,15689456281.0,19915150982.0,10956681809.0,40970275676.0,51926958092.0,60304284320.0,78.99496907357867,79.30751070135581,78.11595086841685,78.50662231445312,3131000,0.0,0.0,0.0
2021.10.25,2021.10.25,63709.97,60658.35,60863.56,24693.91,1549308692.0,63089.04,direct,4534659130.0,16098880793.0,20633539922.0,3525178340.0,10400743051.0,13925921391.0,9341931048.0,28261740476.0,37603672156.0,50460152934.0,78.27221953301853,78.84847259521484,77.83271042158533,78.84847259521484,3225100,0.0,0.0,0.0
2021.10.26,2021.10.26,63290.04,59868.68,63089.04,28107.19,1738003095.0,60315.68,direct,5414294315.0,18686399614.0,24100693930.0,4108696281.0,11813326548.0,15922022829.0,10922692551.0,31876316959.0,42799008907.0,58812887691.0,79.18054886099176,79.27821672945082,77.77410771012305,78.14525604248047,6559500,0.0,0.0,0.0
2021.10.27,2021.10.27,61473.0,58128.18,60315.68,45852.35,2719093218.0,58464.42,direct,7088744276.0,21437416064.0,28526160339.0,5259194964.0,13691378531.0,18950573495.0,13780171369.0,37249868551.0,51030039920.0,89179045649.0,78.0280496427523,78.73127021380094,77.82782567013247,77.93038177490234,5846000,0.0,0.0,0.0
2021.10.28,2021.10.28,62252.08,58145.43,58464.42,51251.1,3090102767.0,60610.11,direct,6188100097.0,22468547196.0,28656647293.0,4622332457.0,14459482409.0,19081814866.0,12232677878.0,38775550615.0,51008228493.0,90056579153.0,77.98898297964917,78.64336590754876,77.5006361764559,78.184326171875,3589100,0.0,0.0,0.0
2021.10.29,2021.10.29,62967.45,60269.97,60610.11,35214.62,2168021243.0,62282.5,direct,5271349767.0,19744620022.0,25015969789.0,4076460627.0,12894382099.0,16970842726.0,10817681754.0,34689652811.0,45507334564.0,67148794282.0,78.00852636628026,78.5652414619783,77.90108946609455,78.42850494384766,2845100,0.0,0.0,0.0
2021.11.10,2021.11.10,68978.64,63196.25,66939.24,50591.31,3365466815.0,64926.06,direct,8571680629.0,23806657221.0,32378337850.0,6649901716.0,16666146277.0,23316047993.0,16759750827.0,42785882685.0,59545633512.0,91173754635.0,78.84848052594322,79.13171512303845,78.04759204235475,78.3503646850586,4074900,0.0,0.0,0.0
2021.11.11,2021.11.11,65585.68,64130.37,64926.06,21475.67,1393819061.0,64820.8,direct,6241279803.0,16742712223.0,22983992675.0,4666507083.0,10657942890.0,15324449973.0,12251570037.0,28846728729.0,41098298117.0,60478025494.0,78.36012773617551,78.64336231168593,78.15013474558201,78.19408416748047,2046900,0.0,0.0,0.0
2021.11.12,2021.11.12,65466.0,62315.02,64820.8,32742.19,2090846686.0,64156.3,direct,5920936810.0,18426782583.0,24347718752.0,4592715988.0,12561489816.0,17154205804.0,12099217370.0,32567919194.0,44667136564.0,65885740849.0,78.58475672578881,79.40518312609858,78.29175315191954,79.3368148803711,3240200,0.0,0.0,0.0
2021.11.15,2021.11.15,66335.42,63442.58,65509.06,25263.23,1639253321.0,63614.06,direct,4826448351.0,17291287526.0,22117735877.0,3678966486.0,10740959854.0,14419926341.0,9863201604.0,29175723468.0,39038925072.0,14419080274.0,79.56146240234375,80.00097900787918,79.3563576337263,79.56146240234375,2319200,0.0,0.0,0.0
2021.11.16,2021.11.16,63614.53,58745.71,63614.06,61509.16,3740808476.0,60108.9,direct,6144795799.0,25070629955.0,31215425753.0,2054940000000.0,17933825122.0,2072880000000.0,7249062412.0,26905682541.0,34154744351.0,22782186755.0,79.39542291861488,79.54192844760324,78.91684514539496,78.9656753540039,2383200,0.0,0.0,0.0
2021.11.17,2021.11.17,60837.09,58566.05,60108.9,43164.9,2582737931.0,60365.6,direct,5339533508.0,21643409182.0,26982942690.0,4034578339.0,14088483507.0,18123061846.0,6599928602.0,22906958378.0,29506886980.0,59874952629.0,78.95590643882494,79.13171158353346,78.56816343433599,78.66290283203125,7330300,0.0,0.0,0.0
2021.11.18,2021.11.18,60964.37,56535.61,60365.6,63523.43,3718546725.0,56930.68,direct,5968069942.0,21338465993.0,27306535934.0,4760431877.0,14855981812.0,19616413121.0,12089522522.0,38473211564.0,50562734086.0,72343306660.0,78.47733020047733,78.49686824559431,77.77410960788373,78.09642028808594,3335900,0.0,0.0,0.0
2021.11.19,2021.11.19,58403.92,55655.03,56930.68,36833.38,2107344591.0,58136.22,direct,5655423462.0,20528544013.0,26183967475.0,4307481716.0,13105614937.0,17413096653.0,11294646104.0,35726165828.0,47020811350.0,61630927711.0,78.41872489738041,78.6042990537208,77.71550435922772,77.83271026611328,6857100,0.0,0.0,0.0
2021.11.22,2021.11.22,59391.98,55673.01,58700.83,41371.1,2371226089.0,56303.06,direct,5026744516.0,17825438442.0,22852182958.0,4056715423.0,12496230509.0,16552945933.0,10296923758.0,31785130743.0,42082054500.0,59657192059.0,77.94013799532651,78.13547369894208,76.8755382913571,76.88530731201172,4517100,0.0,0.0,0.0
2021.11.23,2021.11.23,57873.77,55485.59,56303.06,37871.22,2153848949.0,57566.6,direct,5450555361.0,19244877625.0,24695433562.0,4301661882.0,12827616137.0,17129277443.0,11120885609.0,33389551944.0,44510437553.0,64706457024.0,76.7388207928828,77.09043110763908,76.13326803934005,76.68022155761719,5080500,0.0,0.0,0.0
2021.11.24,2021.11.24,57740.34,55899.88,57566.6,28738.13,1630017074.0,57175.09,direct,6521046000.0,16524528390.0,23045574390.0,5103371919.0,10446947826.0,15550319744.0,12810919960.0,28370770220.0,41181690180.0,65657429693.0,76.47511701639868,76.89020735343458,76.0844380597439,76.78765869140625,4243100,0.0,0.0,0.0
2021.11.26,2021.11.26,59201.95,53575.54,58966.99,60064.72,3312563228.0,53788.22,direct,6959420042.0,20374128958.0,27333549000.0,5214247797.0,13596989663.0,18811237460.0,14141929416.0,38962601429.0,53104530845.0,78781120280.0,76.04535455880998,76.05023534361617,75.31283445256784,75.3812026977539,4963000,0.0,0.0,0.0
2021.11.29,2021.11.29,58898.57,56752.37,57331.41,29291.8,1690005716.0,57839.55,direct,4713584964.0,16745125807.0,21458710771.0,3432863473.0,10558583246.0,13991446720.0,9623213612.0,41731977985.0,51355191596.0,51427545982.0,76.23093006188662,76.37742812448154,75.57165897388951,76.02581787109375,6518700,0.0,0.0,0.0
2021.11.30,2021.11.30,59226.33,55931.33,57839.55,41466.86,2383744473.0,56975.35,direct,5895120956.0,18581709329.0,24476830285.0,4258583793.0,12211768911.0,16470352703.0,11569028848.0,67910472813.0,79479501661.0,64529991975.0,75.72304204020529,75.72304204020529,73.53037001240385,73.61338806152344,10423700,0.0,0.0,0.0
2021.12.10,2021.12.10,50047.85,46989.42,47593.85,39527.74,1905617871.0,47191.14,direct,4109426651.0,16943144006.0,21052570657.0,3076867519.0,10718298526.0,13795166045.0,8182318393.0,131766000000.0,139949000000.0,49858105749.0,75.33236251139603,75.47886801803627,74.34590749994959,74.91238403320312,4255400,0.0,0.0,0.0
2021.12.13,2021.12.13,50215.42,45800.52,50109.99,49444.13,2353893179.0,46731.03,direct,3529790499.0,17738883091.0,21268673590.0,2595239528.0,11545787449.0,14141026977.0,6955901665.0,117269000000.0,124225000000.0,49005916167.0,74.82449350238967,75.15656573281198,74.29219730572899,74.52172088623047,4980800,0.0,0.0,0.0
2021.12.14,2021.12.14,48665.63,46320.4,46731.03,34838.49,1646492085.0,48387.69,direct,3742193621.0,16355527936.0,20097721556.0,2775294831.0,10174419092.0,12949713923.0,7518074267.0,108279000000.0,115797000000.0,45632815258.0,73.6719874145119,74.463106726471,73.5743195595853,74.32637023925781,7010600,0.0,0.0,0.0
2021.12.15,2021.12.15,49499.91,46562.1,48387.69,44270.94,2132679583.0,48885.05,direct,3976052343.0,18997647514.0,22973699856.0,2908856504.0,12186975015.0,15095831519.0,7930618240.0,133169000000.0,141099000000.0,52054570390.0,74.15057173274099,75.19075273684619,73.16704509403074,75.10773468017578,6693200,0.0,0.0,0.0
2021.12.16,2021.12.16,49451.4,47546.15,48885.05,26205.68,1271265805.0,47635.92,direct,3338842123.0,12341326944.0,15680169068.0,2421642971.0,7628796840.0,10050439811.0,6735988707.0,123358000000.0,130094000000.0,38456283861.0,75.28354722430959,75.8793309381828,74.76590078966787,75.00030517578125,7365300,0.0,0.0,0.0
2021.12.17,2021.12.17,48004.37,45505.02,47635.92,37546.89,1756062774.0,46164.14,direct,3778689047.0,17204238879.0,20982927926.0,2751993034.0,10781066155.0,13533059189.0,7764311160.0,131273000000.0,139038000000.0,49306659038.0,74.51195847822953,75.27865910863048,74.05291127647992,74.6975326538086,9932400,0.0,0.0,0.0
2021.12.20,2021.12.20,47495.72,45586.49,46697.13,32678.5,1517599334.0,46913.54,direct,3770093111.0,16337598552.0,20107691663.0,2543879669.0,10029459470.0,12573338670.0,7322942286.0,81770926985.0,89093869270.0,45268017091.0,73.95078312615478,74.2248187226662,73.48100995125232,74.17588806152344,4487000,0.157,0.0,0.0
2021.12.21,2021.12.21,49334.04,46661.88,46913.54,31921.06,1546447525.0,48917.48,direct,3417899548.0,14445830802.0,17863730350.0,2358424221.0,9143226355.0,11501650576.0,6766075055.0,74366922731.0,81132997787.0,38947953269.0,74.52820447814135,75.67817555291552,74.36182682821102,75.585205078125,5198200,0.0,0.0,0.0
2021.12.22,2021.12.22,49581.41,48460.43,48917.48,20998.03,1028434929.0,48614.97,direct,4025569397.0,11610688978.0,15636257888.0,2756120716.0,6875795082.0,9631916284.0,7643879036.0,96758339302.0,104402000000.0,40226280940.0,75.41883795244716,75.97669826880916,75.26224938189627,75.77117156982422,3267000,0.0,0.0,0.0
2021.12.23,2021.12.23,51382.88,48062.25,48614.97,30734.43,1525047125.0,50830.2,direct,4467874953.0,14192277777.0,18660152730.0,3183894951.0,8916819214.0,12100714166.0,8623891888.0,119332000000.0,127955000000.0,48679863462.0,75.86903366442739,76.70093697293152,75.8298921254264,76.44647216796875,2383200,0.0,0.0,0.0
2021.12.27,2021.12.27,52079.46,50481.26,50790.88,21873.37,1120188137.0,50714.73,direct,3844445829.0,11556485719.0,15400931548.0,2702560576.0,7242032001.0,9944592577.0,7614400342.0,101818000000.0,109433000000.0,38457949425.0,76.68136272202138,77.36156086788493,76.67157360330765,77.19029235839844,2667600,0.0,0.0,0.0
2021.12.28,2021.12.28,50718.53,47317.78,50714.73,40699.4,1985905082.0,47536.39,direct,3963422099.0,15029188251.0,18992610350.0,2805410920.0,9944940314.0,12750351234.0,7756256535.0,112896000000.0,120653000000.0,50315034129.0,77.27837461496021,77.85091487488248,77.03858973335446,77.1511459350586,3214700,0.0,0.0,0.0
2021.12.29,2021.12.29,48145.34,46107.79,47536.39,33749.8,1599557105.0,46471.7,direct,3512115457.0,13575118288.0,17087234210.0,2506200657.0,8709388629.0,11215589287.0,6999735217.0,131984000000.0,138984000000.0,43047553147.0,77.19028214334608,77.38601969025889,76.52769852532306,76.76943969726562,3775600,0.0,0.0,0.0
2021.12.30,2021.12.30,47917.89,45964.28,46471.7,39311.18,1852206857.0,47129.66,direct,2892200661.0,12511174806.0,15403375467.0,2045665720.0,8123887010.0,10169552730.0,8051065087.0,133877000000.0,141928000000.0,36671663853.0,76.95539706382401,77.50347569926573,76.93582629362344,77.09241485595703,4483500,0.0,0.0,0.0
2021.12.31,2021.12.31,48573.22,45665.44,47129.66,34737.79,1636014399.0,46197.31,direct,2872539034.0,14006205314.0,16878744348.0,2063184338.0,9153688840.0,11216872716.0,5896541955.0,121064000000.0,126961000000.0,38459687900.0,76.89667195449853,77.19028575551638,76.00115807499412,76.02562713623047,5689100,0.0,0.0,0.0
2022.10.10,2022.10.10,19526.12,19052.64,19442.41,44380.54,856332007.9,19131.36,direct,823785074.1,22223639390.0,23047424656.0,533876862.5,10115539201.0,10649416063.0,12898817090.0,94282491102.0,107181000000.0,21424873926.0,48.18817401704638,48.42473042512009,47.48343782957947,47.90233612060547,4931000,0.0,0.0,0.0
2022.10.11,2022.10.11,19263.78,18858.74,19131.36,61563.85,1173375201.0,19058.29,direct,813342828.4,23776988815.0,24590331834.0,515720376.7,11500062825.0,12015783202.0,8263255833.0,97192510044.0,105456000000.0,22920795137.0,47.59679077815078,47.85798606219102,46.74913560432734,47.005401611328125,7811700,0.0,0.0,0.0
2022.10.12,2022.10.12,19231.72,18977.33,19058.29,38948.93,744262154.1,19154.85,direct,675031088.6,20877997129.0,21553028217.0,428128711.5,9671104476.0,10099233187.0,4277942870.0,71924395899.0,76202338769.0,18549254860.0,47.03496671913399,47.31587531081632,46.72941550575089,46.94625854492188,5351800,0.0,0.0,0.0
2022.10.13,2022.10.13,19504.63,18229.27,19154.85,88597.27,1669767297.0,19378.91,direct,1397130849.0,30576906947.0,31974037796.0,1018678372.0,16689983529.0,17708661901.0,7254897846.0,94134180271.0,101389000000.0,34772219267.0,45.98033308313112,48.27195431787287,45.80587202214836,48.07975387573242,10305300,0.0,0.0,0.0
2022.10.14,2022.10.14,19946.24,19085.87,19378.91,73991.58,1445859713.0,19182.01,direct,964684191.3,28557280496.0,29521964688.0,653415029.5,15732959152.0,16386373989.0,10960172755.0,113480000000.0,124440000000.0,29375628586.0,48.46415674082411,48.66128646798168,47.19267770852829,47.29124069213867,8173300,0.0,0.0,0.0
2022.10.17,2022.10.17,19676.02,19159.47,19264.26,42730.12,831592233.8,19550.49,direct,860315011.3,19489465883.0,20349780894.0,559781946.5,10764003016.0,11323784963.0,12893418926.0,53748914445.0,66642333371.0,21774960393.0,48.09946655996416,48.90769501318153,48.06003986470072,48.59228897094727,6105200,0.0,0.0,0.0
2022.10.18,2022.10.18,19698.1,19095.12,19550.49,60022.88,1167039782.0,19330.29,direct,917505256.0,20666489917.0,21583995173.0,613150999.7,12601076418.0,13214227418.0,12960265874.0,55585125137.0,68545391205.0,24317064283.0,49.64693385897194,49.7652139572207,48.52329924516778,48.95698165893555,5524000,0.0,0.0,0.0
2022.10.19,2022.10.19,19359.2,19075.49,19330.29,49128.58,943284686.0,19123.89,direct,763192759.8,17284640126.0,18047832695.0,470125838.9,9412602145.0,9882727983.0,19370926865.0,56333693714.0,75704620579.0,19826345285.0,49.06539757657758,49.70113893200749,48.71056484239005,48.99640274047852,11117400,0.0,0.0,0.0
2022.10.20,2022.10.20,19339.65,18927.42,19123.89,65084.73,1244652119.0,19043.54,direct,787003046.3,17905912437.0,18692915483.0,480563541.5,10630314269.0,11110877810.0,24805883444.0,47031968804.0,71837852248.0,21177495677.0,49.11468124389648,50.07568340143402,48.9668330227662,49.11468124389648,6788900,0.0,0.0,0.0
2022.10.21,2022.10.21,19248.63,18696.2,19043.54,62640.06,1191982244.0,19166.4,direct,781401286.5,19691738183.0,20473139277.0,487846787.5,11920224318.0,12408071297.0,22907335518.0,51796043524.0,74703379043.0,23330070978.0,48.326163164095554,49.47936953104537,48.15860535347783,49.43008804321289,7086500,0.0,0.0,0.0
2022.10.24,2022.10.24,19593.09,19164.18,19572.6,63448.35,1228052556.0,19331.06,direct,895874778.4,18212457968.0,19108332746.0,575125325.2,11168179302.0,11743304434.0,24506132258.0,61438901623.0,85945033881.0,23024174150.0,49.56808565241875,50.04119477927394,48.976696423896925,49.77507019042969,6334600,0.0,0.0,0.0
2022.10.25,2022.10.25,20414.92,19243.03,19331.06,103329.66,2052122456.0,20087.18,direct,1535779408.0,24173518040.0,25709297448.0,1082274359.0,15241518835.0,16323793194.0,26934000158.0,62508861760.0,89442861918.0,34892753798.0,50.01162118247261,51.20425054475082,50.00176262843977,51.095829010009766,4684400,0.0,0.0,0.0
2022.10.26,2022.10.26,21013.26,20059.27,20087.18,118988.74,2453067543.0,20776.76,direct,2070579905.0,27800576002.0,29871155908.0,1266926310.0,18812486465.0,20079412775.0,27709989329.0,56950701256.0,84660690792.0,40050451269.0,49.85392004061053,50.652289990340925,49.40052053639015,49.479373931884766,5786000,0.0,0.0,0.0
2022.10.27,2022.10.27,20876.24,20207.09,20776.76,88046.28,1813055358.0,20295.28,direct,1361069669.0,18874062224.0,20235131893.0,931206911.6,15035344976.0,15966551888.0,23872843471.0,47357403937.0,71230247408.0,33528849796.0,47.70521312075702,48.31631188620623,47.10396914961678,47.13353729248047,6867800,0.0,0.0,0.0
2022.10.28,2022.10.28,20751.67,20031.32,20295.28,78334.3,1597589796.0,20599.89,direct,1074397563.0,16441046600.0,17515444368.0,739538317.0,13393398551.0,14132936868.0,27214151915.0,47072665676.0,74286817591.0,30483111585.0,47.36023651316327,48.36559475853787,47.25181497298509,48.326168060302734,8235200,0.0,0.0,0.0
2022.10.31,2022.10.31,20833.31,20242.91,20630.65,61486.04,1260610164.0,20492.56,direct,1286519433.0,22076857232.0,23363376665.0,869291731.2,13217918216.0,14087209947.0,26008731931.0,59379024635.0,85387756771.0,33737935788.0,47.971332429341885,48.15860735479897,47.241957355263054,47.51793670654297,7609400,0.0,0.0,0.0
2022.11.10,2022.11.10,18113.28,15674.81,15820.02,167486.58,2835119229.0,17559.67,direct,2321492854.0,36986054785.0,39307547639.0,1625228760.0,24665715675.0,26290944435.0,5364502715.0,43592225823.0,48956728537.0,60657351071.0,47.12368276093595,48.109327634547306,46.67028326152276,48.04033279418945,8306200,0.0,0.0,0.0
2022.11.11,2022.11.11,17644.1,16383.43,17559.67,103948.83,1767514338.0,17007.72,direct,1651623601.0,27286096283.0,28937720054.0,1069827597.0,16263562518.0,17333390115.0,4635278566.0,29228303584.0,33863582150.0,38583814618.0,48.02061861520588,49.499085900058894,48.00090526688209,49.30195617675781,9255300,0.0,0.0,0.0
2022.11.14,2022.11.14,17157.81,15797.71,16307.47,84268.36,1384247874.0,16592.04,direct,1207877449.0,23641615681.0,24849492964.0,719947364.6,13091854587.0,13811801952.0,3672846495.0,25782633608.0,29455480103.0,31101697513.0,48.94712104717553,49.8342028789354,48.897839558730325,49.10482406616211,5432300,0.0,0.0,0.0
2022.11.15,2022.11.15,17091.76,16509.15,16592.04,76202.66,1282932320.0,16879.14,direct,1004849131.0,15584642126.0,16589491426.0,545610267.3,10235596917.0,10781207185.0,5232003057.0,16422049513.0,21654052402.0,24032407792.0,50.062869869404594,50.4650138751944,49.13439115602294,49.83420181274414,8965500,0.0,0.0,0.0
2022.11.16,2022.11.16,16988.63,16373.11,16879.14,64606.13,1075046775.0,16648.05,direct,804358027.4,14924740922.0,15729098950.0,486499305.9,9161330018.0,9647829324.0,2909661440.0,15855634451.0,18765295892.0,21324003786.0,49.54836175224032,49.69620620793871,49.12946348785707,49.34137725830078,5374000,0.0,0.0,0.0
2022.11.17,2022.11.17,16731.41,16405.81,16648.05,39166.08,650179026.0,16680.21,direct,880828680.2,14445609304.0,15326437818.0,496628899.6,7541071399.0,8037700299.0,2070035078.0,15011688761.0,17081723672.0,18079715982.0,48.39515922086083,49.25759843948061,48.20788805839487,48.966835021972656,7109400,0.0,0.0,0.0
2022.11.18,2022.11.18,16975.14,16531.77,16680.21,45048.23,753255014.9,16677.95,direct,749662011.2,14332218514.0,15081880525.0,349883544.2,7343947489.0,7693831033.0,2601405460.0,15047850336.0,17649255796.0,16799547599.0,49.37095127621456,49.47740260573686,48.55286423617982,48.81898880004883,4049300,0.0,0.0,0.0
2022.11.21,2022.11.21,16272.47,15480.69,16253.6,80853.23,1289350721.0,15760.19,direct,1186684782.0,21814710956.0,23001395739.0,673230085.1,11215473970.0,11888704212.0,3622479514.0,22634565181.0,26257044695.0,26869552344.0,48.94712416345986,49.14425388972776,48.22760385852831,48.41487503051758,3202100,0.0,0.0,0.0
2022.11.22,2022.11.22,16277.08,15600.3,15760.19,74140.47,1184556738.0,16198.25,direct,1029644191.0,20330272607.0,21359916636.0,570800736.8,9318386553.0,9889187290.0,3106541367.0,21181126346.0,24287667713.0,23718590308.0,48.50358347986912,49.18368085114953,48.13889592827358,49.134395599365234,5479200,0.0,0.0,0.0
2022.11.23,2022.11.23,16676.49,16144.79,16198.25,66057.37,1087435133.0,16590.98,direct,1063526116.0,20246511769.0,21310037885.0,589234793.4,9562268894.0,10151503687.0,2816702438.0,21708991061.0,24525693499.0,23865490125.0,49.05554131186758,49.86376973331003,49.05554131186758,49.755348205566406,4605800,0.0,0.0,0.0
2022.11.25,2022.11.25,16605.86,16336.71,16588.46,34733.48,572460119.3,16508.33,direct,989305422.3,11079520117.0,12068825704.0,543408165.4,6361916493.0,6905324659.0,2836439305.0,11488168308.0,14324607777.0,16861211732.0,49.45966058301111,49.725785152900194,49.4202338852638,49.479373931884766,1895800,0.0,0.0,0.0
2022.11.28,2022.11.28,16477.82,16000.76,16420.87,53565.6,867757025.6,16207.01,direct,961462230.2,14565646683.0,15527108913.0,467830740.3,8817951491.0,9285782231.0,6224230556.0,15244926393.0,21469156949.0,21519054281.0,49.19353800514549,49.484305212885054,48.572580650259496,48.690860748291016,3680300,0.0,0.0,0.0
2022.11.29,2022.11.29,16528.39,16096.7,16207.01,50846.01,833578637.9,16431.79,direct,960414956.7,13754239514.0,14714654471.0,452909756.4,8586743904.0,9039653661.0,6593468858.0,14329556904.0,20923025762.0,20246520259.0,48.72042984405944,48.83870618446321,48.26703407256407,48.7105712890625,3823100,0.0,0.0,0.0
2022.11.30,2022.11.30,17216.6,16424.76,16431.79,86349.91,1460126672.0,17162.35,direct,1094608848.0,18300842290.0,19395451138.0,528395804.8,11921308639.0,12449704444.0,6940980709.0,20096675926.0,27037656464.0,25970181635.0,48.60215300286927,50.78535667999929,48.45430475893514,50.77056884765625,10313800,0.0,0.0,0.0
2022.12.12,2022.12.12,17239.13,16881.75,17094.83,43450.3,739369625.4,17208.66,direct,564308271.7,11499430464.0,12063738736.0,318406157.1,8119277589.0,8437683574.0,24772732010.0,11729028750.0,36501760587.0,17378402608.0,48.73027662094502,49.12453603733483,48.38530245155627,49.11468124389648,5129600,0.0,0.0,0.0
2022.12.13,2022.12.13,17945.07,17096.23,17208.66,80026.6,1407400841.0,17775.32,direct,756413811.3,15454027452.0,16210441263.0,447961171.9,11403464142.0,11851425314.0,26408583175.0,16675907393.0,43084490568.0,25881546537.0,50.90855451930956,51.32252352318364,49.57793180699333,49.94261932373047,9909700,0.0,0.0,0.0
2022.12.14,2022.12.14,18344.32,17684.33,17775.32,84917.12,1523737945.0,17801.37,direct,619567604.2,14990125492.0,15609692918.0,334220009.7,10823757566.0,11157977576.0,27404591585.0,16603204645.0,44007796230.0,21309354612.0,49.28223657668552,50.11017830157129,48.75984607215226,49.292091369628906,10321600,0.0,0.0,0.0
2022.12.15,2022.12.15,17853.72,17296.89,17801.37,68490.07,1200283423.0,17359.21,direct,531646984.5,12543031719.0,13074678877.0,270309980.1,8896255232.0,9166565212.0,28745959149.0,13777400356.0,42523359505.0,17157784663.0,48.40502067161173,48.59229184528562,47.15325122247739,47.370094299316406,9817300,0.0,0.0,0.0
2022.12.16,2022.12.16,17520.63,16611.58,17359.21,88776.6,1508594012.0,16658.44,direct,770854984.7,13233757925.0,14004612743.0,436227238.6,9727992891.0,10164220130.0,29002388351.0,14309264126.0,43311652477.0,21444778630.0,47.45880386843612,47.793923287866136,47.08425775026447,47.36023712158203,8563500,0.0,0.0,0.0
2022.12.19,2022.12.19,16813.47,16350.32,16742.74,63181.42,1050395880.0,16442.79,direct,484842136.0,10001912545.0,10486754681.0,249136056.8,6993730423.0,7242866480.0,23137395490.0,10901437241.0,34038832566.0,15012439097.0,47.121121320442334,47.21993071694949,46.123170915475136,46.25162124633789,5688200,0.118,0.0,0.0
2022.12.20,2022.12.20,17028.68,16404.94,16442.79,78296.38,1315229591.0,16901.12,direct,581352387.9,13457357422.0,14038709810.0,302766832.7,9731764782.0,10034531614.0,26745096219.0,14622553423.0,41367649642.0,18483471811.0,46.07377054276639,46.66661187644519,45.92061691236464,46.56780624389648,5743800,0.0,0.0,0.0
2022.12.21,2022.12.21,16922.92,16737.8,16901.12,42277.5,711271059.5,16821.13,direct,486463547.2,8883503349.0,9369967065.0,241793987.5,5905600336.0,6147394155.0,25255040542.0,9616939437.0,34871979979.0,12642178624.0,46.73577182341723,47.40766061020708,46.56780151131621,47.18040466308594,5863300,0.0,0.0,0.0
2022.12.22,2022.12.22,16860.78,16571.31,16821.13,48646.01,814340454.9,16816.01,direct,676834817.4,12145537605.0,12822372422.0,288636385.7,6972503111.0,7261139665.0,18705214733.0,12778788015.0,31484002748.0,14917175074.0,46.6962515530039,46.80494000739218,45.92555708616793,46.775299072265625,4384300,0.0,0.0,0.0
2022.12.23,2022.12.23,16907.78,16763.01,16816.01,46894.6,789038908.8,16780.97,direct,689273140.7,12253202343.0,12942475484.0,239544319.3,6557744313.0,6797288633.0,18433004643.0,12838795771.0,31271800246.0,13936393878.0,46.58756470456275,47.24957068627086,46.49863813411911,47.22980880737305,3845500,0.0,0.0,0.0
2022.12.27,2022.12.27,16960.3,16606.04,16916.07,42994.72,720956171.2,16700.54,direct,633018604.2,11320773005.0,11953791609.0,265777737.7,6797275930.0,7063053668.0,18421392033.0,11755259932.0,30176651964.0,13962496988.0,47.081597976638,47.18040359691252,46.49863577095555,46.804935455322266,3905700,0.0,0.0,0.0
2022.12.28,2022.12.28,16767.99,16471.35,16700.54,54253.61,901583901.6,16540.47,direct,598232741.7,10104728603.0,10702961345.0,287124364.7,7286925561.0,7574049926.0,19491092189.0,10540703470.0,30031795493.0,15688644396.0,46.63697033481524,47.056899921483264,46.11328993536728,46.123172760009766,6047800,0.0,0.0,0.0
2022.12.29,2022.12.29,16650.11,16487.13,16540.47,41148.04,682471478.6,16631.24,direct,550055478.2,8327236921.0,8877292399.0,276191842.7,5965582879.0,6241774556.0,18935836748.0,8743304976.0,27679141558.0,13317331715.0,46.54803945270388,47.58057214992022,46.459112885114536,47.39778137207031,3466900,0.0,0.0,0.0
2022.12.30,2022.12.30,16637.25,16364.76,16631.24,53276.85,880260779.5,16599.47,direct,507835221.5,8976678484.0,9484513706.0,247647658.9,6451596987.0,6699244646.0,21505144568.0,9630542729.0,31135687463.0,13195285883.0,46.81481743124317,47.42742055807771,46.65672618015062,47.41754150390625,4828600,0.0,0.0,0.0
2023.10.10,2023.10.10,27735.72,27298.5,27598.77,18600.95,511109469.3,27395.4,direct,159762028.1,3688910328.0,3848672356.0,168757581.7,2124304243.0,2293061825.0,553600490.2,7472004397.0,8025604887.0,8892757511.0,67.37175906088608,68.07810705838018,67.30211933127853,67.67021179199219,7788400,0.0,0.0,0.0
2023.10.11,2023.10.11,27475.69,26531.55,27395.4,30496.51,821395574.2,26871.21,direct,166364229.2,5231194995.0,5397559224.0,175365009.7,3318361730.0,3493726740.0,580370305.3,9882728546.0,10463098583.0,9495709227.0,67.93882680767891,68.52081759622496,67.8890808913268,68.28702545166016,7686800,0.0,0.0,0.0
2023.10.12,2023.10.12,26937.98,26549.78,26871.21,16400.37,438531983.5,26756.23,direct,156654248.3,3309089053.0,3465743301.0,166124348.4,1954986755.0,2121111103.0,681325724.4,6965466747.0,7646792472.0,7894478906.0,68.38651775290927,68.42631297264822,67.16284700412551,67.481201171875,6276900,0.0,0.0,0.0
2023.10.13,2023.10.13,27110.91,26674.97,26756.23,18507.04,496779424.6,26862.9,direct,139758266.7,3500593952.0,3640352219.0,150730955.5,2090571614.0,2241302569.0,641654751.0,12107937482.0,12749592233.0,7752126037.0,67.47124084202444,67.76970115239862,66.36794263095483,66.72509765625,8251500,0.0,0.0,0.0
2023.10.16,2023.10.16,30009.15,27131.48,27177.41,66720.48,1884462992.0,28518.37,direct,377804806.5,10233640261.0,10611445067.0,389456557.0,7874558202.0,8264014474.0,1382596529.0,17878266823.0,19260863352.0,19312009623.0,67.22252607265962,67.89902952760335,67.0882181747226,67.79954528808594,6463500,0.0,0.0,0.0
2023.10.17,2023.10.17,28628.83,28094.14,28518.37,26038.83,739741149.3,28409.46,direct,209627155.3,4922945492.0,5132572647.0,220332692.1,3461038147.0,3681370839.0,1111456201.0,9888006872.0,10999462790.0,12542566360.0,67.42150789737032,68.14278585450626,67.36380748243843,68.03832244873047,4743600,0.0,0.0,0.0
2023.10.18,2023.10.18,28988.79,28156.7,28409.46,23999.55,682875511.7,28328.07,direct,169816581.5,4371585496.0,4541402078.0,181067357.8,3178679987.0,3359747345.0,1196500058.0,8365648469.0,9562148527.0,14737783798.0,67.71000734372068,68.06119651704074,66.74002268002714,66.8643798828125,7334200,0.0,0.0,0.0
2023.10.19,2023.10.19,28927.17,28135.5,28328.07,25550.36,730081363.3,28733.78,direct,265351860.9,5016073502.0,5281425363.0,249566671.5,3555863605.0,3805430276.0,1947636811.0,9526223582.0,11473860393.0,16090239545.0,67.88908836773807,67.98857262123701,66.7549511794938,66.79474639892578,9381400,0.0,0.0,0.0
2023.10.20,2023.10.20,30243.12,28596.96,28733.78,42016.08,1241026953.0,29684.37,direct,320528858.8,7763952614.0,8084481176.0,320042628.8,5969610814.0,6289653443.0,1462577704.0,14352636010.0,15815213714.0,18703606513.0,66.87432999340491,67.1220500856562,66.1331583388948,66.17792510986328,8249500,0.0,0.0,0.0
2023.10.23,2023.10.23,34739.17,29898.26,30001.44,73249.41,2308556876.0,33084.08,direct,671722618.3,14420895566.0,15092618184.0,675023747.8,10958034208.0,11633057955.0,2993166344.0,25731701018.0,28724867361.0,29522287648.0,66.11823541557087,66.99868651988393,65.7501353698302,66.52613067626953,6415200,0.0,0.0,0.0
2023.10.24,2023.10.24,35183.22,32857.8,33084.08,75112.67,2559949344.0,33923.52,direct,810503453.7,15211580809.0,16022083924.0,777642079.1,12288764250.0,13066405989.0,3014674328.0,29114913621.0,32129587949.0,32156426542.0,67.19268710254067,67.6950874871512,66.84448844042637,67.31207275390625,6181200,0.0,0.0,0.0
2023.10.25,2023.10.25,35136.87,33698.9,33923.52,43002.87,1481128343.0,34503.4,direct,451724378.4,9041130852.0,9492855231.0,443484621.4,6595863508.0,7039348130.0,1808567133.0,16757403947.0,18565971080.0,20041129098.0,65.80983657673082,65.89937012400925,64.34739458322275,64.39714050292969,11531200,0.0,0.0,0.0
2023.10.26,2023.10.26,34836.51,33746.16,34503.4,36463.09,1248469957.0,34157.06,direct,506701881.9,7062467432.0,7569169314.0,515008878.9,4984334140.0,5499342678.0,3600178376.0,12743913352.0,16344091727.0,18663649510.0,63.501764281667846,63.71068347294164,62.49695595111749,62.994384765625,14266200,0.0,0.0,0.0
2023.10.27,2023.10.27,34246.78,33406.13,34157.06,30792.41,1044635721.0,33907.7,direct,296938884.0,5641787595.0,5938726818.0,312386214.9,4126114422.0,4438500637.0,3287421026.0,10523439153.0,13810860179.0,14195640350.0,63.05408123414799,63.41223060850749,62.51188182155349,62.76557159423828,10356300,0.0,0.0,0.0
2023.10.30,2023.10.30,34862.12,34090.22,34535.38,23948.89,825552244.8,34494.56,direct,321380641.3,5510825725.0,5832206021.0,338736234.3,4021770768.0,4360506657.0,1632219454.0,10752021961.0,12384241071.0,15390707238.0,63.31274796779999,64.34242940452765,63.263005838243785,64.05889129638672,9146500,0.0,0.0,0.0
2023.10.31,2023.10.31,34726.05,34058.4,34494.56,21982.74,756326173.7,34657.73,direct,368817165.3,5366231704.0,5735048869.0,379014509.2,3725194080.0,4104208590.0,1952338553.0,10307977264.0,12260315817.0,17549058382.0,64.2479123012109,64.41703628913424,63.775356410172414,64.38719177246094,6375400,0.0,0.0,0.0
2023.11.10,2023.11.10,37536.44,36342.27,36704.14,32545.3,1206040827.0,37321.51,direct,903123440.1,7210072726.0,8113195793.0,906478643.8,5281582598.0,6188061615.0,2140300520.0,13179428053.0,15319728573.0,29282062631.0,67.1628422277579,68.13282692065657,66.92407092630475,68.11790466308594,5105500,0.0,0.0,0.0
2023.11.13,2023.11.13,37429.52,36358.0,37079.76,24368.53,897671274.6,36482.51,direct,768894436.0,6014400070.0,6783294871.0,658718715.1,4228337137.0,4887056217.0,3341110950.0,10801508802.0,14142619753.0,22622801532.0,67.80950043043357,68.24723263101272,67.61948073870812,67.96867370605469,7809400,0.0,0.0,0.0
2023.11.14,2023.11.14,36752.31,34788.17,36482.51,33896.65,1219819361.0,35551.21,direct,650249762.0,8062659982.0,8712909389.0,651818992.4,5999331391.0,6651150028.0,1643663267.0,14094561259.0,15738224525.0,25457275108.0,69.03317231213977,69.63008538917319,68.95358187782556,69.07296752929688,6034400,0.0,0.0,0.0
2023.11.15,2023.11.15,37977.31,35374.22,35551.21,39005.98,1436101058.0,37884.19,direct,617779380.5,9400945837.0,10018725218.0,627125789.1,7415733209.0,8042858619.0,1300649482.0,16721734447.0,18022383929.0,26930814460.0,69.48085646957443,69.55050379347074,69.0480958092353,69.41121673583984,5401800,0.0,0.0,0.0
2023.11.16,2023.11.16,37951.14,35512.38,37884.19,38917.77,1428319261.0,36162.42,direct,670656669.4,8638699480.0,9309356150.0,680563725.9,6438406438.0,7118970164.0,1791770162.0,15300131134.0,17091901296.0,27849117569.0,69.43608930095995,69.74947189606455,69.1028128921136,69.7196273803711,7438400,0.0,0.0,0.0
2023.11.17,2023.11.17,36780.63,35873.7,36162.42,28253.69,1027029255.0,36626.32,direct,541413558.6,7000722207.0,7542135766.0,549344988.2,5296614911.0,5845960265.0,1622767565.0,13066719851.0,14689487417.0,23330649755.0,69.55050536498173,69.72957246420671,69.30179094028675,69.70967864990234,3914300,0.0,0.0,0.0
2023.11.20,2023.11.20,37770.11,36767.05,37388.64,31117.45,1162294169.0,37476.66,direct,460057481.9,6901538682.0,7361596164.0,469287983.3,5312361152.0,5781649135.0,1116904531.0,12264183768.0,13381088299.0,21349104792.0,69.53059997126874,70.57022438520752,69.45100953829392,70.49561309814453,5727700,0.0,0.0,0.0
2023.11.21,2023.11.21,37665.29,35753.93,37476.66,42793.3,1579350548.0,35758.72,direct,581329153.5,9348146137.0,9929475291.0,591075550.2,7231632199.0,7822707749.0,1464850959.0,15701813793.0,17166664752.0,26723328925.0,70.34638474306733,70.44487468058809,70.03798129505999,70.25685119628906,3902200,0.0,0.0,0.0
2023.11.22,2023.11.22,37866.63,35656.41,35758.72,36262.61,1335151413.0,37424.2,direct,471938996.8,8414439539.0,8886378910.0,481811875.0,6461476748.0,6943288623.0,1379052205.0,15442632444.0,16821684649.0,23006662051.0,70.61499999538158,71.12735108269797,70.60504929354353,70.8338623046875,4188500,0.0,0.0,0.0
2023.11.24,2023.11.24,38432.07,37262.39,37299.18,34951.5,1322597275.0,37737.05,direct,391818884.3,8026449019.0,8418267903.0,400787094.3,6281590471.0,6682377566.0,1111062151.0,14504055539.0,15615118067.0,21438029036.0,70.74432292806269,70.86370856979502,70.40109584947305,70.5950927734375,2416400,0.0,0.0,0.0
2023.11.27,2023.11.27,37568.17,36727.3,37460.21,24674.21,914744666.5,37246.29,direct,350111028.9,6343081178.0,6693192207.0,358756265.3,4644235058.0,5002991323.0,852942275.8,11675280913.0,12528223188.0,21057163234.0,70.24689739519654,70.61499744831109,70.11756863661314,70.15735626220703,3909800,0.0,0.0,0.0
2023.11.28,2023.11.28,38410.41,36879.99,37246.29,33506.06,1265755538.0,37836.63,direct,306138065.2,7306097744.0,7612236188.0,315793973.1,5407379221.0,5723172816.0,783666983.4,13130925099.0,13914591704.0,19284364342.0,70.00813815339704,70.35633682574877,69.799218949986,70.32649230957031,4779600,0.0,0.0,0.0
2023.11.29,2023.11.29,38456.97,37589.12,37836.63,27433.75,1041457987.0,37861.9,direct,291639614.4,6501249433.0,6792889047.0,301622282.9,4763510138.0,5065132421.0,742879631.7,11691279553.0,12434159185.0,18065637857.0,70.52545504473017,70.5950947735068,69.66987689681095,69.81910705566406,4089000,0.0,0.0,0.0
2023.11.30,2023.11.30,38149.78,37505.7,37861.9,16874.61,637264648.3,37729.58,direct,250362928.6,4789993540.0,5040356469.0,259307102.8,3303635227.0,3562942330.0,694377831.4,8635635312.0,9330013144.0,14981267352.0,69.81911202640082,70.0180805255963,68.82425435009996,69.41121673583984,7202700,0.0,0.0,0.0
2023.12.11,2023.12.11,43808.9,40180.77,43791.67,58689.61,2446801857.0,41235.58,direct,772871053.5,14601685470.0,15374556523.0,751946470.8,12027506555.0,12779453026.0,1502907824.0,26373012273.0,27875920509.0,40613775081.0,69.82905956160441,69.8688547776711,69.28188482838907,69.5803451538086,6300500,0.0,0.0,0.0
2023.12.12,2023.12.12,42080.61,40648.18,41235.58,31480.37,1305859571.0,41472.94,direct,611510205.7,8990225650.0,9601735855.0,616442997.2,6987289183.0,7603732180.0,1187833940.0,15743267373.0,16931101313.0,28900088944.0,69.5007582626522,69.86885833740234,69.21224862409049,69.86885833740234,7862100,0.0,0.0,0.0
2023.12.13,2023.12.13,43461.75,40579.83,41472.94,36203.68,1517574126.0,42887.55,direct,559040072.0,10049764967.0,10608805039.0,564651050.2,7754667321.0,8319318371.0,1224433548.0,17882995847.0,19107429395.0,29582987534.0,69.92854620837224,70.67966101325439,69.6997256056703,70.52545928955078,7708400,0.0,0.0,0.0
2023.12.14,2023.12.14,43416.91,41433.23,42887.55,34166.34,1460749071.0,43030.6,direct,596164005.3,9452985445.0,10049149450.0,596385612.8,7302709356.0,7899094969.0,1211214571.0,16545990335.0,17757204906.0,27581841340.0,70.75427946046788,71.16714629988857,70.22202696947541,70.8338623046875,6461000,0.0,0.0,0.0
2023.12.15,2023.12.15,43091.28,41662.1,43030.6,25157.34,1065004798.0,41939.16,direct,498927539.4,6967385363.0,7466312903.0,504290719.2,5265347463.0,5769638183.0,1058148912.0,12242309215.0,13300458127.0,23123250649.0,70.52545639751588,71.00299139697343,70.36628312447091,70.65478515625,7242700,0.0,0.0,0.0
2023.12.18,2023.12.18,42744.41,40512.69,41349.42,32860.71,1362661202.0,42650.27,direct,626244150.5,9794987223.0,10421231374.0,634189042.8,7668668675.0,8302857718.0,1285878771.0,16678695592.0,17964574363.0,27548096856.0,70.80837029242325,71.85553937548016,70.80837029242325,71.52642822265625,6993300,0.174,0.0,0.0
2023.12.19,2023.12.19,43454.44,41796.54,42650.27,30940.15,1318306822.0,42268.08,direct,494886938.4,8772757757.0,9267644272.0,506563495.5,6567432095.0,7073996013.0,1355300624.0,15115913306.0,16471213930.0,24676023527.0,71.6560764785608,72.35917552096059,71.6560764785608,72.25445556640625,4835800,0.0,0.0,0.0
2023.12.20,2023.12.20,44303.12,42195.52,42268.08,41481.09,1805958610.0,43669.91,direct,702479412.7,10732129738.0,11434609150.0,712222169.6,8244023078.0,8956244811.0,1930701745.0,18087624302.0,20018326047.0,29932072064.0,72.31429799008818,73.06725750955957,71.68599348741668,71.69596862792969,6523400,0.0,0.0,0.0
2023.12.21,2023.12.21,44245.16,43306.15,43669.91,29872.95,1306652594.0,43875.01,direct,714705046.7,8538487616.0,9253193101.0,719793231.6,6340665515.0,7060458747.0,1520889928.0,14384362797.0,15905253164.0,28054093819.0,72.27440634057854,72.46389596972972,71.79569850175557,72.404052734375,4867100,0.0,0.0,0.0
2023.12.22,2023.12.22,44417.78,43426.51,43875.01,24740.39,1084076407.0,44008.04,direct,892343105.6,7110172625.0,8002515291.0,899163911.8,5544921943.0,6444085855.0,1640081073.0,12661341510.0,14301422583.0,31070169570.0,72.55365352483068,72.89772361462502,72.0749456588552,72.41403198242188,4763900,0.0,0.0,0.0
2023.12.26,2023.12.26,43604.51,41616.59,43593.79,30529.57,1297798885.0,42517.32,direct,786552987.9,7843786947.0,8630339935.0,775285047.8,6347229154.0,7122514202.0,1281522195.0,14654612203.0,15936134398.0,32690214022.0,72.52373609338196,72.78303650585673,72.3741394089233,72.69327545166016,2461800,0.0,0.0,0.0
2023.12.27,2023.12.27,43694.83,42121.77,42517.32,27420.29,1178861473.0,43469.34,direct,836096675.4,7129947647.0,7966044322.0,841923305.7,5647391465.0,6489314771.0,1493719977.0,13044988097.0,14538708075.0,32094069240.0,72.7032470703125,72.83289346586646,72.43896290438896,72.7032470703125,4508600,0.0,0.0,0.0
2023.12.28,2023.12.28,43817.61,42283.91,43469.34,29112.04,1249335317.0,42588.94,direct,897368556.7,7399655414.0,8297023971.0,901569103.9,5785112106.0,6686681209.0,1591907287.0,14051210969.0,15643118682.0,34367892143.0,72.79299861170517,73.1600092183341,72.79299861170517,72.90270233154297,5465800,0.0,0.0,0.0
2023.12.29,2023.12.29,43134.59,41296.86,42588.94,34268.41,1450476731.0,42073.59,direct,636362207.3,8729083871.0,9365446499.0,640732811.8,6912491829.0,7553224641.0,1188581863.0,16551877368.0,17740459231.0,30054703127.0,72.75310831287288,72.8528445045849,72.17467948848022,72.46389770507812,4742900,0.0,0.0,0.0
