timestamp,value
1230940800,0
1231027200,0
1231113600,0
1231200000,0
1231286400,0
1231372800,0
1231459200,0
1231545600,1
1231632000,1
1231718400,1
1231804800,1
1231891200,1
1231977600,1
1232064000,1
1232150400,1
1232236800,1
1232323200,2
1232409600,2
1232496000,2
1232582400,2
1232668800,2
1232755200,3
1232841600,4
1232928000,3
1233014400,3
1233100800,3
1233187200,3
1233273600,3
1233360000,3
1233446400,4
1233532800,5
1233619200,5
1233705600,5
1233792000,5
1233878400,6
1233964800,7
1234051200,7
1234137600,6
1234224000,6
1234310400,6
1234396800,6
1234483200,6
1234569600,8
1234656000,8
1234742400,8
1234828800,10
1234915200,10
1235001600,10
1235088000,10
1235174400,10
1235260800,11
1235347200,11
1235433600,11
1235520000,11
1235606400,11
1235692800,10
1235779200,10
1235865600,10
1235952000,10
1236038400,12
1236124800,11
1236211200,11
1236297600,11
1236384000,12
1236470400,12
1236556800,12
1236643200,12
1236729600,12
1236816000,12
1236902400,12
1236988800,13
1237075200,13
1237161600,12
1237248000,12
1237334400,12
1237420800,12
1237507200,12
1237593600,13
1237680000,14
1237766400,15
1237852800,15
1237939200,16
1238025600,15
1238112000,15
1238198400,16
1238284800,16
1238371200,16
1238457600,15
1238544000,15
1238630400,15
1238716800,16
1238803200,17
1238889600,17
1238976000,17
1239062400,18
1239148800,19
1239235200,20
1239321600,20
1239408000,20
1239494400,20
1239580800,20
1239667200,20
1239753600,20
1239840000,20
1239926400,21
1240012800,21
1240099200,21
1240185600,20
1240272000,21
1240358400,21
1240444800,21
1240531200,23
1240617600,23
1240704000,23
1240790400,23
1240876800,25
1240963200,26
1241049600,26
1241136000,26
1241222400,29
1241308800,29
1241395200,28
1241481600,28
1241568000,28
1241654400,28
1241740800,28
1241827200,29
1241913600,30
1242000000,31
1242086400,31
1242172800,31
1242259200,31
1242345600,31
1242432000,31
1242518400,31
1242604800,33
1242691200,34
1242777600,34
1242864000,34
1242950400,34
1243036800,34
1243123200,34
1243209600,34
1243296000,34
1243382400,34
1243468800,34
1243555200,33
1243641600,34
1243728000,35
1243814400,35
1243900800,35
1243987200,35
1244073600,35
1244160000,35
1244246400,35
1244332800,35
1244419200,35
1244505600,35
1244592000,35
1244678400,35
1244764800,35
1244851200,35
1244937600,36
1245024000,36
1245110400,36
1245196800,36
1245283200,37
1245369600,38
1245456000,38
1245542400,38
1245628800,37
1245715200,37
1245801600,38
1245888000,37
1245974400,37
1246060800,37
1246147200,39
1246233600,39
1246320000,39
1246406400,39
1246492800,39
1246579200,39
1246665600,39
1246752000,39
1246838400,39
1246924800,39
1247011200,39
1247097600,40
1247184000,41
1247270400,41
1247356800,43
1247443200,43
1247529600,43
1247616000,43
1247702400,43
1247788800,43
1247875200,43
1247961600,43
1248048000,44
1248134400,44
1248220800,44
1248307200,44
1248393600,44
1248480000,44
1248566400,44
1248652800,44
1248739200,44
1248825600,44
1248912000,45
1248998400,46
1249084800,46
1249171200,46
1249257600,46
1249344000,46
1249430400,46
1249516800,46
1249603200,45
1249689600,47
1249776000,47
1249862400,48
1249948800,48
1250035200,48
1250121600,48
1250208000,48
1250294400,48
1250380800,48
1250467200,48
1250553600,48
1250640000,48
1250726400,48
1250812800,49
1250899200,49
1250985600,49
1251072000,49
1251158400,50
1251244800,49
1251331200,49
1251417600,49
1251504000,50
1251590400,51
1251676800,52
1251763200,53
1251849600,53
1251936000,53
1252022400,53
1252108800,53
1252195200,53
1252281600,53
1252368000,53
1252454400,53
1252540800,53
1252627200,53
1252713600,53
1252800000,53
1252886400,53
1252972800,54
1253059200,55
1253145600,54
1253232000,55
1253318400,55
1253404800,55
1253491200,55
1253577600,54
1253664000,54
1253750400,55
1253836800,54
1253923200,56
1254009600,56
1254096000,56
1254182400,55
1254268800,55
1254355200,55
1254441600,56
1254528000,56
1254614400,57
1254700800,57
1254787200,57
1254873600,57
1254960000,57
1255046400,58
1255132800,58
1255219200,58
1255305600,59
1255392000,60
1255478400,60
1255564800,62
1255651200,62
1255737600,62
1255824000,62
1255910400,62
1255996800,61
1256083200,62
1256169600,62
1256256000,64
1256342400,65
1256428800,66
1256515200,66
1256601600,66
1256688000,67
1256774400,66
1256860800,66
1256947200,67
1257033600,67
1257120000,67
1257206400,68
1257292800,68
1257379200,68
1257465600,68
1257552000,68
1257638400,71
1257724800,71
1257811200,72
1257897600,70
1257984000,70
1258070400,70
1258156800,70
1258243200,71
1258329600,71
1258416000,71
1258502400,71
1258588800,71
1258675200,73
1258761600,75
1258848000,75
1258934400,75
1259020800,75
1259107200,75
1259193600,75
1259280000,75
1259366400,75
1259452800,75
1259539200,76
1259625600,77
1259712000,77
1259798400,78
1259884800,78
1259971200,78
1260057600,79
1260144000,80
1260230400,82
1260316800,82
1260403200,82
1260489600,82
1260576000,82
1260662400,82
1260748800,83
1260835200,83
1260921600,84
1261008000,85
1261094400,85
1261180800,85
1261267200,87
1261353600,90
1261440000,90
1261526400,90
1261612800,90
1261699200,91
1261785600,92
1261872000,93
1261958400,93
1262044800,93
1262131200,93
1262217600,93
1262304000,93
1262390400,97
1262476800,98
1262563200,99
1262649600,99
1262736000,99
1262822400,100
1262908800,102
1262995200,104
1263081600,104
1263168000,106
1263254400,107
1263340800,107
1263427200,110
1263513600,111
1263600000,111
1263686400,111
1263772800,112
1263859200,114
1263945600,114
1264032000,116
1264118400,116
1264204800,117
1264291200,117
1264377600,119
1264464000,121
1264550400,121
1264636800,123
1264723200,124
1264809600,124
1264896000,125
1264982400,126
1265068800,125
1265155200,127
1265241600,129
1265328000,132
1265414400,136
1265500800,142
1265587200,144
1265673600,144
1265760000,143
1265846400,143
1265932800,142
1266019200,143
1266105600,145
1266192000,144
1266278400,146
1266364800,151
1266451200,153
1266537600,154
1266624000,156
1266710400,158
1266796800,157
1266883200,160
1266969600,160
1267056000,158
1267142400,158
1267228800,161
1267315200,162
1267401600,167
1267488000,166
1267574400,165
1267660800,167
1267747200,168
1267833600,170
1267920000,169
1268006400,168
1268092800,170
1268179200,171
1268265600,170
1268352000,172
1268438400,174
1268524800,175
1268611200,175
1268697600,177
1268784000,176
1268870400,176
1268956800,176
1269043200,176
1269129600,178
1269216000,178
1269302400,181
1269388800,183
1269475200,182
1269561600,187
1269648000,191
1269734400,194
1269820800,193
1269907200,195
1269993600,197
1270080000,200
1270166400,202
1270252800,205
1270339200,205
1270425600,205
1270512000,204
1270598400,203
1270684800,204
1270771200,205
1270857600,207
1270944000,210
1271030400,215
1271116800,215
1271203200,216
1271289600,217
1271376000,219
1271462400,220
1271548800,223
1271635200,223
1271721600,224
1271808000,226
1271894400,226
1271980800,227
1272067200,227
1272153600,228
1272240000,229
1272326400,232
1272412800,233
1272499200,235
1272585600,239
1272672000,238
1272758400,241
1272844800,243
1272931200,239
1273017600,239
1273104000,239
1273190400,242
1273276800,240
1273363200,242
1273449600,244
1273536000,247
1273622400,244
1273708800,245
1273795200,246
1273881600,247
1273968000,247
1274054400,245
1274140800,246
1274227200,248
1274313600,249
1274400000,252
1274486400,252
1274572800,253
1274659200,254
1274745600,256
1274832000,260
1274918400,260
1275004800,261
1275091200,264
1275177600,265
1275264000,265
1275350400,264
1275436800,265
1275523200,264
1275609600,265
1275696000,265
1275782400,265
1275868800,264
1275955200,264
1276041600,267
1276128000,267
1276214400,270
1276300800,270
1276387200,272
1276473600,272
1276560000,270
1276646400,268
1276732800,269
1276819200,270
1276905600,269
1276992000,270
1277078400,271
1277164800,278
1277251200,277
1277337600,276
1277424000,278
1277510400,278
1277596800,278
1277683200,282
1277769600,282
1277856000,286
1277942400,288
1278028800,290
1278115200,291
1278201600,292
1278288000,296
1278374400,299
1278460800,299
1278547200,299
1278633600,299
1278720000,296
1278806400,299
1278892800,302
1278979200,305
1279065600,307
1279152000,309
1279238400,311
1279324800,310
1279411200,310
1279497600,311
1279584000,311
1279670400,310
1279756800,313
1279843200,314
1279929600,315
1280016000,322
1280102400,324
1280188800,324
1280275200,321
1280361600,321
1280448000,322
1280534400,324
1280620800,325
1280707200,328
1280793600,329
1280880000,331
1280966400,331
1281052800,334
1281139200,333
1281225600,336
1281312000,335
1281398400,338
1281484800,333
1281571200,337
1281657600,339
1281744000,343
1281830400,344
1281916800,346
1282003200,346
1282089600,351
1282176000,351
1282262400,356
1282348800,362
1282435200,362
1282521600,363
1282608000,365
1282694400,366
1282780800,369
1282867200,369
1282953600,372
1283040000,374
1283126400,379
1283212800,384
1283299200,387
1283385600,386
1283472000,388
1283558400,389
1283644800,389
1283731200,390
1283817600,394
1283904000,395
1283990400,397
1284076800,399
1284163200,400
1284249600,402
1284336000,407
1284422400,415
1284508800,413
1284595200,412
1284681600,413
1284768000,415
1284854400,414
1284940800,419
1285027200,420
1285113600,421
1285200000,418
1285286400,421
1285372800,419
1285459200,421
1285545600,421
1285632000,422
1285718400,425
1285804800,430
1285891200,430
1285977600,436
1286064000,436
1286150400,441
1286236800,441
1286323200,437
1286409600,432
1286496000,432
1286582400,435
1286668800,431
1286755200,436
1286841600,434
1286928000,439
1287014400,440
1287100800,443
1287187200,447
1287273600,448
1287360000,451
1287446400,457
1287532800,460
1287619200,461
1287705600,465
1287792000,463
1287878400,466
1287964800,469
1288051200,473
1288137600,470
1288224000,474
1288310400,476
1288396800,475
1288483200,481
1288569600,477
1288656000,477
1288742400,478
1288828800,481
1288915200,481
1289001600,485
1289088000,488
1289174400,489
1289260800,492
1289347200,495
1289433600,498
1289520000,499
1289606400,504
1289692800,506
1289779200,505
1289865600,505
1289952000,510
1290038400,513
1290124800,512
1290211200,509
1290297600,510
1290384000,515
1290470400,515
1290556800,513
1290643200,515
1290729600,515
1290816000,520
1290902400,522
1290988800,519
1291075200,522
1291161600,522
1291248000,519
1291334400,518
1291420800,516
1291507200,518
1291593600,525
1291680000,527
1291766400,527
1291852800,524
1291939200,522
1292025600,521
1292112000,522
1292198400,527
1292284800,526
1292371200,526
1292457600,526
1292544000,525
1292630400,526
1292716800,530
1292803200,531
1292889600,531
1292976000,536
1293062400,540
1293148800,543
1293235200,544
1293321600,546
1293408000,541
1293494400,542
1293580800,545
1293667200,545
1293753600,547
1293840000,548
1293926400,548
1294012800,543
1294099200,542
1294185600,543
1294272000,544
1294358400,544
1294444800,544
1294531200,544
1294617600,543
1294704000,548
1294790400,546
1294876800,545
1294963200,549
1295049600,547
1295136000,547
1295222400,546
1295308800,544
1295395200,541
1295481600,546
1295568000,540
1295654400,538
1295740800,534
1295827200,538
1295913600,537
1296000000,541
1296086400,538
1296172800,540
1296259200,543
1296345600,540
1296432000,534
1296518400,534
1296604800,538
1296691200,539
1296777600,541
1296864000,543
1296950400,545
1297036800,548
1297123200,551
1297209600,549
1297296000,549
1297382400,553
1297468800,557
1297555200,558
1297641600,553
1297728000,552
1297814400,556
1297900800,559
1297987200,562
1298073600,568
1298160000,570
1298246400,570
1298332800,572
1298419200,572
1298505600,573
1298592000,573
1298678400,574
1298764800,579
1298851200,593
1298937600,604
1299024000,637
1299110400,637
1299196800,642
1299283200,643
1299369600,643
1299456000,646
1299542400,648
1299628800,651
1299715200,654
1299801600,652
1299888000,653
1299974400,654
1300060800,655
1300147200,662
1300233600,661
1300320000,660
1300406400,661
1300492800,663
1300579200,664
1300665600,670
1300752000,670
1300838400,670
1300924800,672
1301011200,673
1301097600,677
1301184000,682
1301270400,682
1301356800,678
1301443200,680
1301529600,683
1301616000,683
1301702400,687
1301788800,688
1301875200,687
1301961600,689
1302048000,692
1302134400,689
1302220800,689
1302307200,686
1302393600,687
1302480000,683
1302566400,684
1302652800,683
1302739200,686
1302825600,685
1302912000,685
1302998400,685
1303084800,683
1303171200,683
1303257600,681
1303344000,687
1303430400,690
1303516800,695
1303603200,704
1303689600,702
1303776000,698
1303862400,696
1303948800,697
1304035200,698
1304121600,698
1304208000,699
1304294400,698
1304380800,700
1304467200,707
1304553600,707
1304640000,713
1304726400,709
1304812800,712
1304899200,718
1304985600,712
1305072000,712
1305158400,707
1305244800,712
1305331200,713
1305417600,722
1305504000,717
1305590400,719
1305676800,720
1305763200,723
1305849600,719
1305936000,724
1306022400,724
1306108800,725
1306195200,730
1306281600,736
1306368000,737
1306454400,738
1306540800,742
1306627200,742
1306713600,741
1306800000,746
1306886400,749
1306972800,748
1307059200,746
1307145600,748
1307232000,752
1307318400,755
1307404800,759
1307491200,769
1307577600,773
1307664000,772
1307750400,774
1307836800,781
1307923200,788
1308009600,802
1308096000,810
1308182400,812
1308268800,820
1308355200,814
1308441600,793
1308528000,799
1308614400,802
1308700800,800
1308787200,798
1308873600,796
1308960000,799
1309046400,799
1309132800,797
1309219200,796
1309305600,800
1309392000,797
1309478400,793
1309564800,791
1309651200,791
1309737600,791
1309824000,782
1309910400,783
1309996800,782
1310083200,785
1310169600,786
1310256000,784
1310342400,784
1310428800,786
1310515200,787
1310601600,786
1310688000,789
1310774400,790
1310860800,790
1310947200,793
1311033600,794
1311120000,794
1311206400,796
1311292800,799
1311379200,799
1311465600,801
1311552000,800
1311638400,800
1311724800,802
1311811200,805
1311897600,805
1311984000,807
1312070400,808
1312156800,811
1312243200,806
1312329600,807
1312416000,804
1312502400,809
1312588800,802
1312675200,802
1312761600,815
1312848000,814
1312934400,811
1313020800,810
1313107200,808
1313193600,806
1313280000,808
1313366400,807
1313452800,806
1313539200,809
1313625600,810
1313712000,813
1313798400,811
1313884800,809
1313971200,810
1314057600,809
1314144000,805
1314230400,821
1314316800,807
1314403200,812
1314489600,814
1314576000,817
1314662400,817
1314748800,817
1314835200,815
1314921600,815
1315008000,819
1315094400,825
1315180800,821
1315267200,817
1315353600,821
1315440000,829
1315526400,820
1315612800,822
1315699200,811
1315785600,811
1315872000,814
1315958400,806
1316044800,805
1316131200,807
1316217600,807
1316304000,802
1316390400,802
1316476800,799
1316563200,802
1316649600,798
1316736000,802
1316822400,799
1316908800,799
1316995200,802
1317081600,801
1317168000,802
1317254400,801
1317340800,800
1317427200,802
1317513600,800
1317600000,802
1317686400,803
1317772800,801
1317859200,797
1317945600,799
1318032000,803
1318118400,802
1318204800,805
1318291200,809
1318377600,804
1318464000,803
1318550400,804
1318636800,801
1318723200,800
1318809600,798
1318896000,800
1318982400,797
1319068800,802
1319155200,805
1319241600,803
1319328000,801
1319414400,805
1319500800,804
1319587200,813
1319673600,814
1319760000,820
1319846400,813
1319932800,814
1320019200,819
1320105600,817
1320192000,818
1320278400,821
1320364800,825
1320451200,825
1320537600,829
1320624000,826
1320710400,826
1320796800,829
1320883200,831
1320969600,832
1321056000,827
1321142400,824
1321228800,824
1321315200,830
1321401600,832
1321488000,837
1321574400,832
1321660800,844
1321747200,847
1321833600,849
1321920000,843
1322006400,848
1322092800,849
1322179200,846
1322265600,854
1322352000,858
1322438400,844
1322524800,845
1322611200,846
1322697600,848
1322784000,854
1322870400,856
1322956800,858
1323043200,857
1323129600,866
1323216000,863
1323302400,893
1323388800,951
1323475200,942
1323561600,904
1323648000,874
1323734400,873
1323820800,871
1323907200,874
1323993600,876
1324080000,876
1324166400,880
1324252800,890
1324339200,887
1324425600,890
1324512000,897
1324598400,900
1324684800,900
1324771200,903
1324857600,908
1324944000,910
1325030400,907
1325116800,905
1325203200,907
1325289600,910
1325376000,906
1325462400,905
1325548800,903
1325635200,903
1325721600,903
1325808000,907
1325894400,909
1325980800,910
1326067200,916
1326153600,918
1326240000,914
1326326400,918
1326412800,929
1326499200,931
1326585600,928
1326672000,932
1326758400,921
1326844800,917
1326931200,919
1327017600,917
1327104000,914
1327190400,912
1327276800,919
1327363200,920
1327449600,917
1327536000,921
1327622400,920
1327708800,919
1327795200,918
1327881600,921
1327968000,919
1328054400,928
1328140800,928
1328227200,929
1328313600,933
1328400000,938
1328486400,935
1328572800,935
1328659200,938
1328745600,936
1328832000,933
1328918400,942
1329004800,942
1329091200,939
1329177600,943
1329264000,971
1329350400,950
1329436800,958
1329523200,961
1329609600,961
1329696000,962
1329782400,968
1329868800,969
1329955200,970
1330041600,978
1330128000,979
1330214400,980
1330300800,979
1330387200,981
1330473600,983
1330560000,977
1330646400,992
1330732800,1005
1330819200,1004
1330905600,1005
1330992000,1015
1331078400,1011
1331164800,1014
1331251200,1013
1331337600,1013
1331424000,1013
1331510400,1013
1331596800,1008
1331683200,1004
1331769600,1003
1331856000,1004
1331942400,1006
1332028800,1009
1332115200,1010
1332201600,1009
1332288000,1015
1332374400,1015
1332460800,1012
1332547200,1016
1332633600,1015
1332720000,1014
1332806400,1017
1332892800,1011
1332979200,1010
1333065600,1012
1333152000,1017
1333238400,1014
1333324800,1009
1333411200,1011
1333497600,1007
1333584000,1013
1333670400,1012
1333756800,1016
1333843200,1018
1333929600,1037
1334016000,1014
1334102400,1013
1334188800,1016
1334275200,1025
1334361600,1016
1334448000,1018
1334534400,1019
1334620800,1013
1334707200,1014
1334793600,1019
1334880000,1011
1334966400,1017
1335052800,1019
1335139200,1021
1335225600,1019
1335312000,1025
1335398400,1033
1335484800,1037
1335571200,1040
1335657600,1041
1335744000,1041
1335830400,1038
1335916800,1047
1336003200,1052
1336089600,1049
1336176000,1049
1336262400,1049
1336348800,1047
1336435200,1055
1336521600,1048
1336608000,1046
1336694400,1045
1336780800,1042
1336867200,1044
1336953600,1045
1337040000,1044
1337126400,1041
1337212800,1039
1337299200,1045
1337385600,1038
1337472000,1045
1337558400,1051
1337644800,1038
1337731200,1040
1337817600,1036
1337904000,1037
1337990400,1036
1338076800,1035
1338163200,1039
1338249600,1033
1338336000,1041
1338422400,1049
1338508800,1046
1338595200,1054
1338681600,1056
1338768000,1059
1338854400,1060
1338940800,1057
1339027200,1067
1339113600,1061
1339200000,1066
1339286400,1072
1339372800,1081
1339459200,1080
1339545600,1074
1339632000,1080
1339718400,1077
1339804800,1074
1339891200,1077
1339977600,1083
1340064000,1087
1340150400,1088
1340236800,1092
1340323200,1103
1340409600,1101
1340496000,1090
1340582400,1089
1340668800,1097
1340755200,1098
1340841600,1095
1340928000,1099
1341014400,1098
1341100800,1099
1341187200,1115
1341273600,1123
1341360000,1122
1341446400,1121
1341532800,1121
1341619200,1123
1341705600,1129
1341792000,1135
1341878400,1129
1341964800,1133
1342051200,1138
1342137600,1149
1342224000,1151
1342310400,1148
1342396800,1156
1342483200,1161
1342569600,1151
1342656000,1150
1342742400,1152
1342828800,1153
1342915200,1152
1343001600,1161
1343088000,1163
1343174400,1167
1343260800,1167
1343347200,1180
1343433600,1188
1343520000,1190
1343606400,1194
1343692800,1188
1343779200,1190
1343865600,1198
1343952000,1189
1344038400,1194
1344124800,1191
1344211200,1199
1344297600,1199
1344384000,1217
1344470400,1220
1344556800,1221
1344643200,1222
1344729600,1219
1344816000,1220
1344902400,1225
1344988800,1228
1345075200,1227
1345161600,1237
1345248000,1247
1345334400,1242
1345420800,1225
1345507200,1223
1345593600,1224
1345680000,1219
1345766400,1221
1345852800,1230
1345939200,1218
1346025600,1223
1346112000,1224
1346198400,1227
1346284800,1229
1346371200,1235
1346457600,1236
1346544000,1240
1346630400,1238
1346716800,1237
1346803200,1240
1346889600,1238
1346976000,1240
1347062400,1253
1347148800,1239
1347235200,1249
1347321600,1245
1347408000,1250
1347494400,1255
1347580800,1258
1347667200,1260
1347753600,1268
1347840000,1265
1347926400,1254
1348012800,1261
1348099200,1266
1348185600,1264
1348272000,1267
1348358400,1268
1348444800,1271
1348531200,1277
1348617600,1283
1348704000,1293
1348790400,1294
1348876800,1293
1348963200,1301
1349049600,1298
1349136000,1301
1349222400,1302
1349308800,1294
1349395200,1299
1349481600,1303
1349568000,1303
1349654400,1300
1349740800,1301
1349827200,1300
1349913600,1300
1350000000,1301
1350086400,1305
1350172800,1310
1350259200,1308
1350345600,1307
1350432000,1315
1350518400,1315
1350604800,1313
1350691200,1306
1350777600,1308
1350864000,1306
1350950400,1311
1351036800,1313
1351123200,1309
1351209600,1313
1351296000,1313
1351382400,1311
1351468800,1310
1351555200,1314
1351641600,1309
1351728000,1320
1351814400,1317
1351900800,1318
1351987200,1324
1352073600,1319
1352160000,1323
1352246400,1326
1352332800,1325
1352419200,1332
1352505600,1331
1352592000,1339
1352678400,1342
1352764800,1341
1352851200,1346
1352937600,1346
1353024000,1346
1353110400,1344
1353196800,1338
1353283200,1339
1353369600,1350
1353456000,1352
1353542400,1345
1353628800,1349
1353715200,1353
1353801600,1364
1353888000,1359
1353974400,1361
1354060800,1359
1354147200,1356
1354233600,1358
1354320000,1361
1354406400,1360
1354492800,1361
1354579200,1379
1354665600,1384
1354752000,1383
1354838400,1389
1354924800,1386
1355011200,1389
1355097600,1383
1355184000,1384
1355270400,1397
1355356800,1402
1355443200,1408
1355529600,1405
1355616000,1414
1355702400,1415
1355788800,1428
1355875200,1426
1355961600,1428
1356048000,1438
1356134400,1439
1356220800,1442
1356307200,1444
1356393600,1444
1356480000,1447
1356566400,1442
1356652800,1447
1356739200,1453
1356825600,1454
1356912000,1458
1356998400,1459
1357084800,1457
1357171200,1454
1357257600,1449
1357344000,1453
1357430400,1450
1357516800,1448
1357603200,1458
1357689600,1450
1357776000,1450
1357862400,1447
1357948800,1459
1358035200,1458
1358121600,1460
1358208000,1473
1358294400,1471
1358380800,1477
1358467200,1476
1358553600,1478
1358640000,1486
1358726400,1480
1358812800,1478
1358899200,1484
1358985600,1493
1359072000,1484
1359158400,1489
1359244800,1491
1359331200,1494
1359417600,1484
1359504000,1487
1359590400,1500
1359676800,1517
1359763200,1509
1359849600,1515
1359936000,1523
1360022400,1527
1360108800,1538
1360195200,1527
1360281600,1534
1360368000,1528
1360454400,1523
1360540800,1522
1360627200,1519
1360713600,1515
1360800000,1518
1360886400,1516
1360972800,1519
1361059200,1518
1361145600,1511
1361232000,1506
1361318400,1515
1361404800,1528
1361491200,1523
1361577600,1528
1361664000,1527
1361750400,1534
1361836800,1530
1361923200,1527
1362009600,1528
1362096000,1527
1362182400,1533
1362268800,1533
1362355200,1523
1362441600,1523
1362528000,1519
1362614400,1507
1362700800,1506
1362787200,1505
1362873600,1515
1362960000,1516
1363046400,1504
1363132800,1506
1363219200,1502
1363305600,1505
1363392000,1512
1363478400,1515
1363564800,1510
1363651200,1509
1363737600,1512
1363824000,1504
1363910400,1499
1363996800,1497
1364083200,1499
1364169600,1505
1364256000,1498
1364342400,1500
1364428800,1499
1364515200,1499
1364601600,1495
1364688000,1495
1364774400,1501
1364860800,1506
1364947200,1513
1365033600,1511
1365120000,1511
1365206400,1515
1365292800,1510
1365379200,1506
1365465600,1505
1365552000,1510
1365638400,1508
1365724800,1498
1365811200,1501
1365897600,1501
1365984000,1485
1366070400,1462
1366156800,1475
1366243200,1478
1366329600,1479
1366416000,1472
1366502400,1478
1366588800,1482
1366675200,1477
1366761600,1468
1366848000,1474
1366934400,1473
1367020800,1478
1367107200,1490
1367193600,1501
1367280000,1519
1367366400,1511
1367452800,1508
1367539200,1524
1367625600,1523
1367712000,1521
1367798400,1522
1367884800,1520
1367971200,1525
1368057600,1525
1368144000,1524
1368230400,1524
1368316800,1526
1368403200,1530
1368489600,1528
1368576000,1538
1368662400,1536
1368748800,1540
1368835200,1538
1368921600,1539
1369008000,1535
1369094400,1536
1369180800,1543
1369267200,1542
1369353600,1557
1369440000,1562
1369526400,1564
1369612800,1561
1369699200,1564
1369785600,1564
1369872000,1569
1369958400,1573
1370044800,1574
1370131200,1574
1370217600,1567
1370304000,1563
1370390400,1564
1370476800,1574
1370563200,1563
1370649600,1561
1370736000,1556
1370822400,1559
1370908800,1555
1370995200,1549
1371081600,1552
1371168000,1552
1371254400,1553
1371340800,1551
1371427200,1551
1371513600,1550
1371600000,1549
1371686400,1556
1371772800,1553
1371859200,1560
1371945600,1553
1372032000,1557
1372118400,1554
1372204800,1561
1372291200,1562
1372377600,1552
1372464000,1541
1372550400,1541
1372636800,1529
1372723200,1522
1372809600,1521
1372896000,1510
1372982400,1508
1373068800,1511
1373155200,1511
1373241600,1507
1373328000,1508
1373414400,1505
1373500800,1511
1373587200,1512
1373673600,1514
1373760000,1520
1373846400,1526
1373932800,1534
1374019200,1535
1374105600,1531
1374192000,1533
1374278400,1540
1374364800,1540
1374451200,1540
1374537600,1545
1374624000,1546
1374710400,1544
1374796800,1554
1374883200,1557
1374969600,1556
1375056000,1557
1375142400,1587
1375228800,1581
1375315200,1580
1375401600,1583
1375488000,1593
1375574400,1594
1375660800,1592
1375747200,1589
1375833600,1588
1375920000,1596
1376006400,1595
1376092800,1597
1376179200,1601
1376265600,1595
1376352000,1601
1376438400,1598
1376524800,1612
1376611200,1615
1376697600,1615
1376784000,1619
1376870400,1615
1376956800,1625
1377043200,1620
1377129600,1622
1377216000,1630
1377302400,1633
1377388800,1633
1377475200,1628
1377561600,1624
1377648000,1626
1377734400,1629
1377820800,1631
1377907200,1630
1377993600,1640
1378080000,1637
1378166400,1632
1378252800,1626
1378339200,1632
1378425600,1635
1378512000,1635
1378598400,1631
1378684800,1632
1378771200,1631
1378857600,1642
1378944000,1635
1379030400,1637
1379116800,1631
1379203200,1633
1379289600,1636
1379376000,1638
1379462400,1637
1379548800,1628
1379635200,1628
1379721600,1631
1379808000,1638
1379894400,1639
1379980800,1640
1380067200,1637
1380153600,1635
1380240000,1640
1380326400,1640
1380412800,1638
1380499200,1642
1380585600,1635
1380672000,1622
1380758400,1615
1380844800,1615
1380931200,1612
1381017600,1612
1381104000,1610
1381190400,1615
1381276800,1611
1381363200,1610
1381449600,1611
1381536000,1608
1381622400,1610
1381708800,1614
1381795200,1616
1381881600,1623
1381968000,1624
1382054400,1623
1382140800,1623
1382227200,1624
1382313600,1625
1382400000,1635
1382486400,1628
1382572800,1636
1382659200,1539
1382745600,1548
1382832000,1546
1382918400,1548
1383004800,1551
1383091200,1547
1383177600,1544
1383264000,1544
1383350400,1547
1383436800,1549
1383523200,1540
1383609600,1538
1383696000,1540
1383782400,1526
1383868800,1535
1383955200,1540
1384041600,1534
1384128000,1529
1384214400,1524
1384300800,1522
1384387200,1519
1384473600,1532
1384560000,1526
1384646400,1513
1384732800,1503
1384819200,1501
1384905600,1508
1384992000,1496
1385078400,1493
1385164800,1490
1385251200,1493
1385337600,1493
1385424000,1496
1385510400,1494
1385596800,1484
1385683200,1478
1385769600,1480
1385856000,1475
1385942400,1477
1386028800,1483
1386115200,1476
1386201600,1481
1386288000,1488
1386374400,1502
1386460800,1508
1386547200,1506
1386633600,1509
1386720000,1516
1386806400,1515
1386892800,1513
1386979200,1512
1387065600,1515
1387152000,1522
1387238400,1514
1387324800,1504
1387411200,1500
1387497600,1490
1387584000,1457
1387670400,1454
1387756800,1461
1387843200,1456
1387929600,1470
1388016000,1461
1388102400,1464
1388188800,1464
1388275200,1464
1388361600,1468
1388448000,1464
1388534400,1463
1388620800,1465
1388707200,1464
1388793600,1463
1388880000,1460
1388966400,1458
1389052800,1455
1389139200,1452
1389225600,1451
1389312000,1449
1389398400,1451
1389484800,1443
1389571200,1447
1389657600,1444
1389744000,1450
1389830400,1449
1389916800,1451
1390003200,1450
1390089600,1449
1390176000,1449
1390262400,1453
1390348800,1453
1390435200,1453
1390521600,1452
1390608000,1456
1390694400,1453
1390780800,1448
1390867200,1446
1390953600,1450
1391040000,1448
1391126400,1449
1391212800,1446
1391299200,1442
1391385600,1445
1391472000,1444
1391558400,1450
1391644800,1438
1391731200,1431
1391817600,1433
1391904000,1435
1391990400,1436
1392076800,1447
1392163200,1444
1392249600,1440
1392336000,1435
1392422400,1436
1392508800,1427
1392595200,1431
1392681600,1433
1392768000,1435
1392854400,1433
1392940800,1433
1393027200,1434
1393113600,1434
1393200000,1427
1393286400,1416
1393372800,1414
1393459200,1416
1393545600,1413
1393632000,1416
1393718400,1417
1393804800,1414
1393891200,1412
1393977600,1417
1394064000,1421
1394150400,1474
1394236800,1417
1394323200,1426
1394409600,1437
1394496000,1437
1394582400,1437
1394668800,1438
1394755200,1464
1394841600,1460
1394928000,1499
1395014400,1507
1395100800,1507
1395187200,1504
1395273600,1504
1395360000,1498
1395446400,1494
1395532800,1500
1395619200,1497
1395705600,1496
1395792000,1494
1395878400,1497
1395964800,1490
1396051200,1490
1396137600,1485
1396224000,1482
1396310400,1477
1396396800,1474
1396483200,1481
1396569600,1486
1396656000,1490
1396742400,1485
1396828800,1481
1396915200,1485
1397001600,1488
1397088000,1485
1397174400,1490
1397260800,1490
1397347200,1490
1397433600,1487
1397520000,1489
1397606400,1495
1397692800,1490
1397779200,1486
1397865600,1486
1397952000,1487
1398038400,1488
1398124800,1489
1398211200,1486
1398297600,1480
1398384000,1480
1398470400,1478
1398556800,1478
1398643200,1482
1398729600,1480
1398816000,1479
1398902400,1476
1398988800,1487
1399075200,1485
1399161600,1488
1399248000,1485
1399334400,1485
1399420800,1486
1399507200,1491
1399593600,1489
1399680000,1487
1399766400,1489
1399852800,1492
1399939200,1491
1400025600,1494
1400112000,1489
1400198400,1487
1400284800,1487
1400371200,1486
1400457600,1482
1400544000,1483
1400630400,1486
1400716800,1484
1400803200,1489
1400889600,1489
1400976000,1485
1401062400,1488
1401148800,1488
1401235200,1488
1401321600,1486
1401408000,1492
1401494400,1491
1401580800,1493
1401667200,1496
1401753600,1492
1401840000,1494
1401926400,1494
1402012800,1494
1402099200,1490
1402185600,1495
1402272000,1492
1402358400,1485
1402444800,1482
1402531200,1479
1402617600,1480
1402704000,1482
1402790400,1482
1402876800,1481
1402963200,1482
1403049600,1478
1403136000,1475
1403222400,1482
1403308800,1483
1403395200,1481
1403481600,1480
1403568000,1485
1403654400,1489
1403740800,1489
1403827200,1488
1403913600,1491
1404000000,1491
1404086400,1487
1404172800,1482
1404259200,1482
1404345600,1484
1404432000,1483
1404518400,1484
1404604800,1488
1404691200,1484
1404777600,1481
1404864000,1485
1404950400,1484
1405036800,1482
1405123200,1480
1405209600,1483
1405296000,1482
1405382400,1482
1405468800,1489
1405555200,1492
1405641600,1486
1405728000,1486
1405814400,1486
1405900800,1488
1405987200,1486
1406073600,1492
1406160000,1492
1406246400,1492
1406332800,1490
1406419200,1492
1406505600,1489
1406592000,1498
1406678400,1496
1406764800,1499
1406851200,1501
1406937600,1499
1407024000,1503
1407110400,1502
1407196800,1490
1407283200,1488
1407369600,1491
1407456000,1491
1407542400,1490
1407628800,1494
1407715200,1497
1407801600,1495
1407888000,1490
1407974400,1499
1408060800,1503
1408147200,1499
1408233600,1503
1408320000,1495
1408406400,1494
1408492800,1496
1408579200,1496
1408665600,1500
1408752000,1501
1408838400,1499
1408924800,1492
1409011200,1492
1409097600,1491
1409184000,1490
1409270400,1501
1409356800,1488
1409443200,1486
1409529600,1487
1409616000,1488
1409702400,1487
1409788800,1483
1409875200,1483
1409961600,1481
1410048000,1480
1410134400,1482
1410220800,1483
1410307200,1480
1410393600,1482
1410480000,1482
1410566400,1483
1410652800,1484
1410739200,1478
1410825600,1475
1410912000,1478
1410998400,1479
1411084800,1478
1411171200,1478
1411257600,1476
1411344000,1481
1411430400,1480
1411516800,1482
1411603200,1481
1411689600,1486
1411776000,1484
1411862400,1483
1411948800,1489
1412035200,1487
1412121600,1489
1412208000,1490
1412294400,1493
1412380800,1485
1412467200,1480
1412553600,1475
1412640000,1474
1412726400,1480
1412812800,1478
1412899200,1481
1412985600,1473
1413072000,1472
1413158400,1472
1413244800,1475
1413331200,1477
1413417600,1478
1413504000,1478
1413590400,1485
1413676800,1487
1413763200,1490
1413849600,1490
1413936000,1479
1414022400,1482
1414108800,1490
1414195200,1494
1414281600,1495
1414368000,1488
1414454400,1489
1414540800,1489
1414627200,1489
1414713600,1491
1414800000,1493
1414886400,1492
1414972800,1500
1415059200,1496
1415145600,1500
1415232000,1500
1415318400,1504
1415404800,1504
1415491200,1500
1415577600,1500
1415664000,1504
1415750400,1504
1415836800,1497
1415923200,1497
1416009600,1497
1416096000,1497
1416182400,1512
1416268800,1508
1416355200,1505
1416441600,1504
1416528000,1506
1416614400,1508
1416700800,1509
1416787200,1511
1416873600,1508
1416960000,1509
1417046400,1512
1417132800,1511
1417219200,1506
1417305600,1504
1417392000,1502
1417478400,1502
1417564800,1514
1417651200,1506
1417737600,1505
1417824000,1506
1417910400,1503
1417996800,1504
1418083200,1511
1418169600,1510
1418256000,1514
1418342400,1517
1418428800,1520
1418515200,1520
1418601600,1520
1418688000,1519
1418774400,1522
1418860800,1521
1418947200,1524
1419033600,1526
1419120000,1525
1419206400,1522
1419292800,1527
1419379200,1523
1419465600,1522
1419552000,1528
1419638400,1526
1419724800,1529
1419811200,1530
1419897600,1526
1419984000,1529
1420070400,1533
1420156800,1536
1420243200,1539
1420329600,1540
1420416000,1539
1420502400,1540
1420588800,1543
1420675200,1546
1420761600,1562
1420848000,1558
1420934400,1558
1421020800,1554
1421107200,1551
1421193600,1552
1421280000,1544
1421366400,1547
1421452800,1542
1421539200,1549
1421625600,1538
1421712000,1544
1421798400,1566
1421884800,1549
1421971200,1544
1422057600,1545
1422144000,1546
1422230400,1543
1422316800,1554
1422403200,1556
1422489600,1553
1422576000,1549
1422662400,1557
1422748800,1558
1422835200,1559
1422921600,1564
1423008000,1565
1423094400,1563
1423180800,1565
1423267200,1559
1423353600,1563
1423440000,1567
1423526400,1565
1423612800,1563
1423699200,1564
1423785600,1559
1423872000,1558
1423958400,1556
1424044800,1559
1424131200,1559
1424217600,1554
1424304000,1557
1424390400,1553
1424476800,1555
1424563200,1555
1424649600,1555
1424736000,1552
1424822400,1560
1424908800,1560
1424995200,1557
1425081600,1556
1425168000,1556
1425254400,1561
1425340800,1573
1425427200,1572
1425513600,1574
1425600000,1568
1425686400,1578
1425772800,1592
1425859200,1589
1425945600,1583
1426032000,1582
1426118400,1582
1426204800,1578
1426291200,1580
1426377600,1585
1426464000,1583
1426550400,1583
1426636800,1582
1426723200,1573
1426809600,1571
1426896000,1575
1426982400,1574
1427068800,1574
1427155200,1579
1427241600,1576
1427328000,1571
1427414400,1570
1427500800,1571
1427587200,1572
1427673600,1571
1427760000,1577
1427846400,1576
1427932800,1588
1428019200,1586
1428105600,1589
1428192000,1586
1428278400,1583
1428364800,1581
1428451200,1579
1428537600,1581
1428624000,1586
1428710400,1583
1428796800,1592
1428883200,1592
1428969600,1587
1429056000,1592
1429142400,1587
1429228800,1589
1429315200,1593
1429401600,1597
1429488000,1600
1429574400,1601
1429660800,1597
1429747200,1598
1429833600,1598
1429920000,1598
1430006400,1599
1430092800,1598
1430179200,1596
1430265600,1600
1430352000,1593
1430438400,1592
1430524800,1593
1430611200,1594
1430697600,1599
1430784000,1601
1430870400,1604
1430956800,1606
1431043200,1604
1431129600,1605
1431216000,1602
1431302400,1598
1431388800,1601
1431475200,1597
1431561600,1599
1431648000,1601
1431734400,1604
1431820800,1600
1431907200,1600
1431993600,1600
1432080000,1598
1432166400,1600
1432252800,1601
1432339200,1601
1432425600,1602
1432512000,1599
1432598400,1597
1432684800,1598
1432771200,1604
1432857600,1607
1432944000,1610
1433030400,1607
1433116800,1608
1433203200,1612
1433289600,1612
1433376000,1608
1433462400,1610
1433548800,1608
1433635200,1607
1433721600,1609
1433808000,1609
1433894400,1607
1433980800,1609
1434067200,1607
1434153600,1603
1434240000,1601
1434326400,1595
1434412800,1595
1434499200,1602
1434585600,1599
1434672000,1600
1434758400,1601
1434844800,1601
1434931200,1605
1435017600,1607
1435104000,1610
1435190400,1607
1435276800,1611
1435363200,1616
1435449600,1614
1435536000,1617
1435622400,1613
1435708800,1615
1435795200,1611
1435881600,1613
1435968000,1613
1436054400,1614
1436140800,1602
1436227200,1604
1436313600,1606
1436400000,1609
1436486400,1605
1436572800,1611
1436659200,1623
1436745600,1618
1436832000,1623
1436918400,1622
1437004800,1624
1437091200,1623
1437177600,1625
1437264000,1626
1437350400,1628
1437436800,1626
1437523200,1627
1437609600,1629
1437696000,1628
1437782400,1631
1437868800,1628
1437955200,1624
1438041600,1624
1438128000,1628
1438214400,1629
1438300800,1623
1438387200,1623
1438473600,1623
1438560000,1626
1438646400,1628
1438732800,1623
1438819200,1627
1438905600,1626
1438992000,1627
1439078400,1585
1439164800,1584
1439251200,1590
1439337600,1586
1439424000,1587
1439510400,1584
1439596800,1590
1439683200,1594
1439769600,1588
1439856000,1581
1439942400,1583
1440028800,1589
1440115200,1580
1440201600,1578
1440288000,1580
1440374400,1586
1440460800,1590
1440547200,1588
1440633600,1590
1440720000,1593
1440806400,1593
1440892800,1596
1440979200,1601
1441065600,1605
1441152000,1602
1441238400,1604
1441324800,1610
1441411200,1605
1441497600,1607
1441584000,1608
1441670400,1617
1441756800,1614
1441843200,1618
1441929600,1618
1442016000,1617
1442102400,1619
1442188800,1616
1442275200,1613
1442361600,1615
1442448000,1614
1442534400,1617
1442620800,1624
1442707200,1621
1442793600,1624
1442880000,1622
1442966400,1618
1443052800,1620
1443139200,1620
1443225600,1617
1443312000,1616
1443398400,1615
1443484800,1615
1443571200,1611
1443657600,1616
1443744000,1619
1443830400,1625
1443916800,1624
1444003200,1626
1444089600,1623
1444176000,1620
1444262400,1618
1444348800,1620
1444435200,1623
1444521600,1626
1444608000,1620
1444694400,1619
1444780800,1620
1444867200,1625
1444953600,1626
1445040000,1626
1445126400,1630
1445212800,1634
1445299200,1619
1445385600,1622
1445472000,1623
1445558400,1620
1445644800,1620
1445731200,1616
1445817600,1628
1445904000,1627
1445990400,1628
1446076800,1628
1446163200,1634
1446249600,1638
1446336000,1646
1446422400,1652
1446508800,1648
1446595200,1663
1446681600,1656
1446768000,1652
1446854400,1649
1446940800,1650
1447027200,1644
1447113600,1654
1447200000,1655
1447286400,1657
1447372800,1663
1447459200,1665
1447545600,1659
1447632000,1657
1447718400,1651
1447804800,1663
1447891200,1661
1447977600,1657
1448064000,1655
1448150400,1654
1448236800,1651
1448323200,1653
1448409600,1647
1448496000,1636
1448582400,1648
1448668800,1650
1448755200,1653
1448841600,1649
1448928000,1650
1449014400,1654
1449100800,1653
1449187200,1653
1449273600,1643
1449360000,1646
1449446400,1645
1449532800,1661
1449619200,1658
1449705600,1657
1449792000,1652
1449878400,1650
1449964800,1654
1450051200,1654
1450137600,1654
1450224000,1657
1450310400,1659
1450396800,1657
1450483200,1656
1450569600,1656
1450656000,1654
1450742400,1674
1450828800,1680
1450915200,1677
1451001600,1671
1451088000,1670
1451174400,1675
1451260800,1680
1451347200,1681
1451433600,1678
1451520000,1682
1451606400,1681
1451692800,1682
1451779200,1678
1451865600,1683
1451952000,1689
1452038400,1692
1452124800,1687
1452211200,1688
1452297600,1686
1452384000,1694
1452470400,1694
1452556800,1696
1452643200,1696
1452729600,1698
1452816000,1704
1452902400,1702
1452988800,1701
1453075200,1700
1453161600,1696
1453248000,1689
1453334400,1690
1453420800,1704
1453507200,1695
1453593600,1703
1453680000,1710
1453766400,1700
1453852800,1705
1453939200,1714
1454025600,1720
1454112000,1717
1454198400,1716
1454284800,1709
1454371200,1714
1454457600,1717
1454544000,1711
1454630400,1736
1454716800,1735
1454803200,1734
1454889600,1733
1454976000,1731
1455062400,1733
1455148800,1732
1455235200,1731
1455321600,1728
1455408000,1730
1455494400,1734
1455580800,1736
1455667200,1760
1455753600,1758
1455840000,1763
1455926400,1757
1456012800,1761
1456099200,1766
1456185600,1762
1456272000,1763
1456358400,1761
1456444800,1762
1456531200,1783
1456617600,1783
1456704000,1777
1456790400,1773
1456876800,1774
1456963200,1776
1457049600,1768
1457136000,1795
1457222400,1793
1457308800,1795
1457395200,1800
1457481600,1800
1457568000,1799
1457654400,1821
1457740800,1822
1457827200,1823
1457913600,1821
1458000000,1819
1458086400,1823
1458172800,1826
1458259200,1823
1458345600,1824
1458432000,1825
1458518400,1819
1458604800,1814
1458691200,1805
1458777600,1802
1458864000,1801
1458950400,1807
1459036800,1814
1459123200,1808
1459209600,1837
1459296000,1836
1459382400,1836
1459468800,1838
1459555200,1831
1459641600,1832
1459728000,1830
1459814400,1821
1459900800,1814
1459987200,1823
1460073600,1815
1460160000,1830
1460246400,1824
1460332800,1824
1460419200,1819
1460505600,1823
1460592000,1830
1460678400,1836
1460764800,1851
1460851200,1852
1460937600,1842
1461024000,1853
1461110400,1855
1461196800,1864
1461283200,1855
1461369600,1857
1461456000,1848
1461542400,1861
1461628800,1860
1461715200,1854
1461801600,1858
1461888000,1866
1461974400,1866
1462060800,1866
1462147200,1869
1462233600,1871
1462320000,1856
1462406400,1851
1462492800,1877
1462579200,1871
1462665600,1878
1462752000,1878
1462838400,1871
1462924800,1871
1463011200,1872
1463097600,1872
1463184000,1871
1463270400,1864
1463356800,1874
1463443200,1879
1463529600,1887
1463616000,1889
1463702400,1896
1463788800,1891
1463875200,1896
1463961600,1895
1464048000,1887
1464134400,1886
1464220800,1884
1464307200,1874
1464393600,1868
1464480000,1850
1464566400,1849
1464652800,1854
1464739200,1849
1464825600,1854
1464912000,1855
1464998400,1853
1465084800,1851
1465171200,1856
1465257600,1852
1465344000,1857
1465430400,1852
1465516800,1867
1465603200,1861
1465689600,1856
1465776000,1857
1465862400,1859
1465948800,1877
1466035200,1890
1466121600,1899
1466208000,1900
1466294400,1899
1466380800,1894
1466467200,1884
1466553600,1892
1466640000,1898
1466726400,1891
1466812800,1903
1466899200,1905
1466985600,1899
1467072000,1900
1467158400,1910
1467244800,1903
1467331200,1903
1467417600,1905
1467504000,1897
1467590400,1898
1467676800,1881
1467763200,1886
1467849600,1888
1467936000,1884
1468022400,1888
1468108800,1884
1468195200,1890
1468281600,1882
1468368000,1887
1468454400,1881
1468540800,1886
1468627200,1889
1468713600,1892
1468800000,1892
1468886400,1888
1468972800,1891
1469059200,1889
1469145600,1894
1469232000,1894
1469318400,1892
1469404800,1895
1469491200,1896
1469577600,1895
1469664000,1895
1469750400,1892
1469836800,1896
1469923200,1898
1470009600,1901
1470096000,1883
1470182400,1880
1470268800,1878
1470355200,1875
1470441600,1873
1470528000,1863
1470614400,1857
1470700800,1862
1470787200,1868
1470873600,1869
1470960000,1864
1471046400,1866
1471132800,1858
1471219200,1856
1471305600,1863
1471392000,1864
1471478400,1868
1471564800,1872
1471651200,1874
1471737600,1869
1471824000,1873
1471910400,1871
1471996800,1869
1472083200,1870
1472169600,1869
1472256000,1869
1472342400,1870
1472428800,1866
1472515200,1869
1472601600,1871
1472688000,1871
1472774400,1865
1472860800,1865
1472947200,1864
1473033600,1865
1473120000,1860
1473206400,1863
1473292800,1854
1473379200,1861
1473465600,1859
1473552000,1858
1473638400,1856
1473724800,1851
1473811200,1846
1473897600,1842
1473984000,1843
1474070400,1842
1474156800,1837
1474243200,1833
1474329600,1834
1474416000,1833
1474502400,1828
1474588800,1831
1474675200,1835
1474761600,1837
1474848000,1836
1474934400,1837
1475020800,1832
1475107200,1835
1475193600,1835
1475280000,1837
1475366400,1835
1475452800,1839
1475539200,1837
1475625600,1840
1475712000,1840
1475798400,1841
1475884800,1849
1475971200,1848
1476057600,1841
1476144000,1820
1476230400,1823
1476316800,1816
1476403200,1828
1476489600,1821
1476576000,1819
1476662400,1823
1476748800,1830
1476835200,1834
1476921600,1834
1477008000,1843
1477094400,1845
1477180800,1841
1477267200,1836
1477353600,1843
1477440000,1839
1477526400,1833
1477612800,1840
1477699200,1839
1477785600,1841
1477872000,1845
1477958400,1840
1478044800,1835
1478131200,1835
1478217600,1832
1478304000,1834
1478390400,1834
1478476800,1837
1478563200,1829
1478649600,1829
1478736000,1829
1478822400,1830
1478908800,1832
1478995200,1832
1479081600,1826
1479168000,1832
1479254400,1828
1479340800,1824
1479427200,1820
1479513600,1825
1479600000,1824
1479686400,1822
1479772800,1826
1479859200,1827
1479945600,1837
1480032000,1836
1480118400,1832
1480204800,1834
1480291200,1832
1480377600,1830
1480464000,1833
1480550400,1835
1480636800,1834
1480723200,1828
1480809600,1829
1480896000,1828
1480982400,1821
1481068800,1825
1481155200,1822
1481241600,1824
1481328000,1819
1481414400,1823
1481500800,1824
1481587200,1823
1481673600,1815
1481760000,1807
1481846400,1808
1481932800,1805
1482019200,1802
1482105600,1796
1482192000,1799
1482278400,1791
1482364800,1784
1482451200,1771
1482537600,1773
1482624000,1774
1482710400,1767
1482796800,1778
1482883200,1774
1482969600,1770
1483056000,1761
1483142400,1775
1483228800,1771
1483315200,1768
1483401600,1777
1483488000,1773
1483574400,1763
1483660800,1763
1483747200,1760
1483833600,1758
1483920000,1760
1484006400,1763
1484092800,1768
1484179200,1766
1484265600,1767
1484352000,1773
1484438400,1769
1484524800,1764
1484611200,1768
1484697600,1766
1484784000,1770
1484870400,1771
1484956800,1771
1485043200,1774
1485129600,1767
1485216000,1767
1485302400,1770
1485388800,1774
1485475200,1771
1485561600,1769
1485648000,1773
1485734400,1774
1485820800,1785
1485907200,1770
1485993600,1770
1486080000,1772
1486166400,1771
1486252800,1776
1486339200,1770
1486425600,1763
1486512000,1765
1486598400,1768
1486684800,1766
1486771200,1762
1486857600,1764
1486944000,1760
1487030400,1753
1487116800,1754
1487203200,1756
1487289600,1747
1487376000,1748
1487462400,1773
1487548800,1771
1487635200,1779
1487721600,1772
1487808000,1776
1487894400,1771
1487980800,1773
1488067200,1776
1488153600,1780
1488240000,1775
1488326400,1772
1488412800,1769
1488499200,1772
1488585600,1770
1488672000,1774
1488758400,1773
1488844800,1788
1488931200,1786
1489017600,1784
1489104000,1786
1489190400,1789
1489276800,1794
1489363200,1797
1489449600,1795
1489536000,1799
1489622400,1805
1489708800,1796
1489795200,1791
1489881600,1792
1489968000,1800
1490054400,1799
1490140800,1794
1490227200,1791
1490313600,1795
1490400000,1808
1490486400,1805
1490572800,1791
1490659200,1789
1490745600,1796
1490832000,1802
1490918400,1801
1491004800,1802
1491091200,1809
1491177600,1815
1491264000,1818
1491350400,1816
1491436800,1814
1491523200,1808
1491609600,1809
1491696000,1810
1491782400,1813
1491868800,1810
1491955200,1814
1492041600,1818
1492128000,1811
1492214400,1810
1492300800,1807
1492387200,1816
1492473600,1826
1492560000,1828
1492646400,1829
1492732800,1825
1492819200,1825
1492905600,1823
1492992000,1841
1493078400,1846
1493164800,1841
1493251200,1839
1493337600,1836
1493424000,1836
1493510400,1833
1493596800,1833
1493683200,1833
1493769600,1827
1493856000,1830
1493942400,1826
1494028800,1834
1494115200,1835
1494201600,1831
1494288000,1836
1494374400,1827
1494460800,1818
1494547200,1821
1494633600,1817
1494720000,1816
1494806400,1818
1494892800,1814
1494979200,1802
1495065600,1797
1495152000,1802
1495238400,1801
1495324800,1796
1495411200,1800
1495497600,1796
1495584000,1798
1495670400,1776
1495756800,1772
1495843200,1779
1495929600,1776
1496016000,1778
1496102400,1779
1496188800,1787
1496275200,1782
1496361600,1771
1496448000,1778
1496534400,1779
1496620800,1776
1496707200,1775
1496793600,1784
1496880000,1790
1496966400,1796
1497052800,1805
1497139200,1800
1497225600,1793
1497312000,1788
1497398400,1795
1497484800,1804
1497571200,1809
1497657600,1817
1497744000,1816
1497830400,1819
1497916800,1823
1498003200,1819
1498089600,1813
1498176000,1824
1498262400,1818
1498348800,1814
1498435200,1816
1498521600,1815
1498608000,1819
1498694400,1820
1498780800,1808
1498867200,1808
1498953600,1807
1499040000,1809
1499126400,1810
1499212800,1814
1499299200,1812
1499385600,1809
1499472000,1810
1499558400,1803
1499644800,1804
1499731200,1812
1499817600,1806
1499904000,1812
1499990400,1809
1500076800,1804
1500163200,1816
1500249600,1816
1500336000,1810
1500422400,1815
1500508800,1809
1500595200,1802
1500681600,1799
1500768000,1803
1500854400,1800
1500940800,1802
1501027200,1809
1501113600,1814
1501200000,1817
1501286400,1820
1501372800,1824
1501459200,1837
1501545600,1837
1501632000,1841
1501718400,1821
1501804800,1820
1501891200,1815
1501977600,1813
1502064000,1825
1502150400,1826
1502236800,1816
1502323200,1828
1502409600,1819
1502496000,1822
1502582400,1811
1502668800,1814
1502755200,1804
1502841600,1811
1502928000,1813
1503014400,1807
1503100800,1811
1503187200,1815
1503273600,1809
1503360000,1806
1503446400,1802
1503532800,1813
1503619200,1811
1503705600,1811
1503792000,1815
1503878400,1811
1503964800,1805
1504051200,1801
1504137600,1795
1504224000,1788
1504310400,1789
1504396800,1789
1504483200,1783
1504569600,1781
1504656000,1780
1504742400,1789
1504828800,1789
1504915200,1782
1505001600,1793
1505088000,1793
1505174400,1786
1505260800,1785
1505347200,1779
1505433600,1780
1505520000,1784
1505606400,1781
1505692800,1785
1505779200,1785
1505865600,1784
1505952000,1783
1506038400,1776
1506124800,1783
1506211200,1781
1506297600,1776
1506384000,1778
1506470400,1775
1506556800,1771
1506643200,1762
1506729600,1767
1506816000,1768
1506902400,1768
1506988800,1773
1507075200,1770
1507161600,1767
1507248000,1766
1507334400,1762
1507420800,1760
1507507200,1762
1507593600,1762
1507680000,1760
1507766400,1760
1507852800,1764
1507939200,1762
1508025600,1763
1508112000,1763
1508198400,1760
1508284800,1761
1508371200,1760
1508457600,1760
1508544000,1761
1508630400,1761
1508716800,1758
1508803200,1762
1508889600,1764
1508976000,1767
1509062400,1765
1509148800,1763
1509235200,1761
1509321600,1766
1509408000,1769
1509494400,1777
1509580800,1781
1509667200,1774
1509753600,1768
1509840000,1767
1509926400,1769
1510012800,1768
1510099200,1766
1510185600,1758
1510272000,1761
1510358400,1759
1510444800,1759
1510531200,1759
1510617600,1759
1510704000,1757
1510790400,1757
1510876800,1739
1510963200,1737
1511049600,1734
1511136000,1733
1511222400,1731
1511308800,1732
1511395200,1738
1511481600,1734
1511568000,1738
1511654400,1733
1511740800,1717
1511827200,1710
1511913600,1718
1512000000,1711
1512086400,1713
1512172800,1721
1512259200,1717
1512345600,1713
1512432000,1709
1512518400,1708
1512604800,1706
1512691200,1706
1512777600,1703
1512864000,1702
1512950400,1712
1513036800,1711
1513123200,1705
1513209600,1701
1513296000,1700
1513382400,1698
1513468800,1698
1513555200,1693
1513641600,1698
1513728000,1699
1513814400,1695
1513900800,1695
1513987200,1693
1514073600,1695
1514160000,1696
1514246400,1690
1514332800,1689
1514419200,1688
1514505600,1684
1514592000,1675
1514678400,1674
1514764800,1679
1514851200,1675
1514937600,1676
1515024000,1675
1515110400,1673
1515196800,1666
1515283200,1667
1515369600,1666
1515456000,1674
1515542400,1675
1515628800,1679
1515715200,1677
1515801600,1672
1515888000,1673
1515974400,1664
1516060800,1667
1516147200,1667
1516233600,1671
1516320000,1679
1516406400,1684
1516492800,1679
1516579200,1681
1516665600,1681
1516752000,1681
1516838400,1675
1516924800,1673
1517011200,1671
1517097600,1684
1517184000,1681
1517270400,1685
1517356800,1684
1517443200,1683
1517529600,1680
1517616000,1682
1517702400,1680
1517788800,1672
1517875200,1676
1517961600,1678
1518048000,1682
1518134400,1683
1518220800,1679
1518307200,1677
1518393600,1683
1518480000,1684
1518566400,1686
1518652800,1702
1518739200,1698
1518825600,1687
1518912000,1683
1518998400,1686
1519084800,1689
1519171200,1689
1519257600,1689
1519344000,1688
1519430400,1687
1519516800,1686
1519603200,1684
1519689600,1688
1519776000,1684
1519862400,1693
1519948800,1691
1520035200,1692
1520121600,1688
1520208000,1690
1520294400,1688
1520380800,1691
1520467200,1694
1520553600,1701
1520640000,1698
1520726400,1699
1520812800,1701
1520899200,1692
1520985600,1699
1521072000,1700
1521158400,1703
1521244800,1705
1521331200,1700
1521417600,1691
1521504000,1692
1521590400,1686
1521676800,1682
1521763200,1681
1521849600,1684
1521936000,1678
1522022400,1673
1522108800,1679
1522195200,1681
1522281600,1678
1522368000,1679
1522454400,1681
1522540800,1682
1522627200,1674
1522713600,1677
1522800000,1679
1522886400,1678
1522972800,1677
1523059200,1674
1523145600,1668
1523232000,1675
1523318400,1671
1523404800,1673
1523491200,1672
1523577600,1669
1523664000,1669
1523750400,1669
1523836800,1670
1523923200,1672
1524009600,1672
1524096000,1674
1524182400,1668
1524268800,1669
1524355200,1669
1524441600,1664
1524528000,1660
1524614400,1666
1524700800,1662
1524787200,1667
1524873600,1670
1524960000,1669
1525046400,1665
1525132800,1668
1525219200,1663
1525305600,1660
1525392000,1659
1525478400,1659
1525564800,1659
1525651200,1662
1525737600,1662
1525824000,1659
1525910400,1663
1525996800,1660
1526083200,1659
1526169600,1660
1526256000,1658
1526342400,1652
1526428800,1655
1526515200,1657
1526601600,1651
1526688000,1649
1526774400,1648
1526860800,1648
1526947200,1649
1527033600,1650
1527120000,1646
1527206400,1653
1527292800,1654
1527379200,1656
1527465600,1656
1527552000,1654
1527638400,1660
1527724800,1661
1527811200,1659
1527897600,1657
1527984000,1658
1528070400,1653
1528156800,1651
1528243200,1651
1528329600,1654
1528416000,1648
1528502400,1649
1528588800,1649
1528675200,1652
1528761600,1655
1528848000,1648
1528934400,1650
1529020800,1650
1529107200,1650
1529193600,1648
1529280000,1649
1529366400,1650
1529452800,1652
1529539200,1651
1529625600,1642
1529712000,1642
1529798400,1641
1529884800,1643
1529971200,1647
1530057600,1646
1530144000,1647
1530230400,1643
1530316800,1642
1530403200,1643
1530489600,1643
1530576000,1640
1530662400,1640
1530748800,1636
1530835200,1640
1530921600,1640
1531008000,1650
1531094400,1653
1531180800,1651
1531267200,1660
1531353600,1658
1531440000,1659
1531526400,1657
1531612800,1656
1531699200,1652
1531785600,1653
1531872000,1656
1531958400,1656
1532044800,1647
1532131200,1645
1532217600,1643
1532304000,1640
1532390400,1638
1532476800,1637
1532563200,1640
1532649600,1639
1532736000,1640
1532822400,1639
1532908800,1641
1532995200,1640
1533081600,1639
1533168000,1639
1533254400,1636
1533340800,1637
1533427200,1637
1533513600,1639
1533600000,1641
1533686400,1643
1533772800,1647
1533859200,1649
1533945600,1650
1534032000,1649
1534118400,1650
1534204800,1647
1534291200,1645
1534377600,1639
1534464000,1636
1534550400,1634
1534636800,1629
1534723200,1621
1534809600,1615
1534896000,1604
1534982400,1595
1535068800,1594
1535155200,1587
1535241600,1584
1535328000,1571
1535414400,1568
1535500800,1555
1535587200,1550
1535673600,1548
1535760000,1547
1535846400,1548
1535932800,1546
1536019200,1548
1536105600,1547
1536192000,1542
1536278400,1540
1536364800,1540
1536451200,1540
1536537600,1545
1536624000,1546
1536710400,1547
1536796800,1548
1536883200,1545
1536969600,1551
1537056000,1549
1537142400,1553
1537228800,1554
1537315200,1553
1537401600,1549
1537488000,1550
1537574400,1556
1537660800,1558
1537747200,1553
1537833600,1556
1537920000,1554
1538006400,1555
1538092800,1553
1538179200,1556
1538265600,1557
1538352000,1553
1538438400,1555
1538524800,1558
1538611200,1556
1538697600,1559
1538784000,1560
1538870400,1558
1538956800,1557
1539043200,1558
1539129600,1561
1539216000,1561
1539302400,1566
1539388800,1564
1539475200,1565
1539561600,1566
1539648000,1568
1539734400,1568
1539820800,1568
1539907200,1565
1539993600,1566
1540080000,1568
1540166400,1571
1540252800,1578
1540339200,1581
1540425600,1591
1540512000,1595
1540598400,1592
1540684800,1593
1540771200,1586
1540857600,1584
1540944000,1589
1541030400,1592
1541116800,1591
1541203200,1590
1541289600,1586
1541376000,1586
1541462400,1585
1541548800,1585
1541635200,1584
1541721600,1588
1541808000,1592
1541894400,1590
1541980800,1584
1542067200,1584
1542153600,1579
1542240000,1582
1542326400,1583
1542412800,1577
1542499200,1581
1542585600,1576
1542672000,1575
1542758400,1577
1542844800,1583
1542931200,1583
1543017600,1577
1543104000,1570
1543190400,1568
1543276800,1571
1543363200,1567
1543449600,1574
1543536000,1574
1543622400,1572
1543708800,1572
1543795200,1572
1543881600,1572
1543968000,1568
1544054400,1561
1544140800,1561
1544227200,1555
1544313600,1559
1544400000,1564
1544486400,1563
1544572800,1563
1544659200,1564
1544745600,1559
1544832000,1561
1544918400,1557
1545004800,1552
1545091200,1554
1545177600,1552
1545264000,1559
1545350400,1555
1545436800,1555
1545523200,1557
1545609600,1553
1545696000,1550
1545782400,1548
1545868800,1546
1545955200,1546
1546041600,1544
1546128000,1543
1546214400,1535
1546300800,1538
1546387200,1535
1546473600,1538
1546560000,1537
1546646400,1533
1546732800,1534
1546819200,1535
1546905600,1538
1546992000,1538
1547078400,1539
1547164800,1537
1547251200,1537
1547337600,1541
1547424000,1539
1547510400,1525
1547596800,1527
1547683200,1519
1547769600,1522
1547856000,1521
1547942400,1520
1548028800,1521
1548115200,1521
1548201600,1524
1548288000,1530
1548374400,1528
1548460800,1532
1548547200,1532
1548633600,1530
1548720000,1532
1548806400,1534
1548892800,1535
1548979200,1536
1549065600,1537
1549152000,1539
1549238400,1537
1549324800,1539
1549411200,1535
1549497600,1527
1549584000,1530
1549670400,1533
1549756800,1534
1549843200,1538
1549929600,1532
1550016000,1538
1550102400,1533
1550188800,1535
1550275200,1534
1550361600,1538
1550448000,1532
1550534400,1533
1550620800,1533
1550707200,1521
1550793600,1519
1550880000,1518
1550966400,1521
1551052800,1523
1551139200,1522
1551225600,1522
1551312000,1521
1551398400,1522
1551484800,1523
1551571200,1526
1551657600,1521
1551744000,1519
1551830400,1523
1551916800,1521
1552003200,1524
1552089600,1525
1552176000,1525
1552262400,1523
1552348800,1519
1552435200,1521
1552521600,1523
1552608000,1528
1552694400,1606
1552780800,1608
1552867200,1612
1552953600,1609
1553040000,1607
1553126400,1609
1553212800,1606
1553299200,1607
1553385600,1607
1553472000,1604
1553558400,1605
1553644800,1608
1553731200,1610
1553817600,1623
1553904000,1622
1553990400,1623
1554076800,1627
1554163200,1623
1554249600,1624
1554336000,1625
1554422400,1627
1554508800,1624
1554595200,1626
1554681600,1623
1554768000,1620
1554854400,1621
1554940800,1626
1555027200,1623
1555113600,1625
1555200000,1629
1555286400,1625
1555372800,1623
1555459200,1624
1555545600,1623
1555632000,1619
1555718400,1619
1555804800,1620
1555891200,1620
1555977600,1621
1556064000,1619
1556150400,1619
1556236800,1615
1556323200,1615
1556409600,1621
1556496000,1625
1556582400,1625
1556668800,1623
1556755200,1620
1556841600,1615
1556928000,1613
1557014400,1614
1557100800,1617
1557187200,1624
1557273600,1629
1557360000,1625
1557446400,1622
1557532800,1626
1557619200,1631
1557705600,1627
1557792000,1632
1557878400,1638
1557964800,1635
1558051200,1633
1558137600,1630
1558224000,1629
1558310400,1630
1558396800,1630
1558483200,1631
1558569600,1636
1558656000,1636
1558742400,1633
1558828800,1631
1558915200,1628
1559001600,1629
1559088000,1635
1559174400,1633
1559260800,1633
1559347200,1632
1559433600,1635
1559520000,1629
1559606400,1627
1559692800,1626
1559779200,1628
1559865600,1635
1559952000,1634
1560038400,1633
1560124800,1633
1560211200,1629
1560297600,1632
1560384000,1623
1560470400,1630
1560556800,1628
1560643200,1625
1560729600,1623
1560816000,1622
1560902400,1609
1560988800,1606
1561075200,1605
1561161600,1603
1561248000,1601
1561334400,1600
1561420800,1595
1561507200,1590
1561593600,1591
1561680000,1598
1561766400,1602
1561852800,1592
1561939200,1592
1562025600,1589
1562112000,1586
1562198400,1588
1562284800,1589
1562371200,1590
1562457600,1590
1562544000,1585
1562630400,1586
1562716800,1587
1562803200,1590
1562889600,1591
1562976000,1588
1563062400,1589
1563148800,1588
1563235200,1579
1563321600,1578
1563408000,1579
1563494400,1578
1563580800,1576
1563667200,1577
1563753600,1573
1563840000,1580
1563926400,1588
1564012800,1592
1564099200,1593
1564185600,1594
1564272000,1593
1564358400,1617
1564444800,1611
1564531200,1616
1564617600,1616
1564704000,1614
1564790400,1619
1564876800,1618
1564963200,1614
1565049600,1648
1565136000,1674
1565222400,1671
1565308800,1669
1565395200,1668
1565481600,1667
1565568000,1670
1565654400,1671
1565740800,1679
1565827200,1680
1565913600,1683
1566000000,1670
1566086400,1667
1566172800,1667
1566259200,1666
1566345600,1658
1566432000,1660
1566518400,1663
1566604800,1665
1566691200,1667
1566777600,1667
1566864000,1668
1566950400,1676
1567036800,1674
1567123200,1673
1567209600,1672
1567296000,1678
1567382400,1679
1567468800,1677
1567555200,1675
1567641600,1671
1567728000,1669
1567814400,1670
1567900800,1670
1567987200,1669
1568073600,1670
1568160000,1672
1568246400,1671
1568332800,1673
1568419200,1674
1568505600,1674
1568592000,1671
1568678400,1670
1568764800,1672
1568851200,1676
1568937600,1674
1569024000,1674
1569110400,1673
1569196800,1672
1569283200,1675
1569369600,1673
1569456000,1675
1569542400,1680
1569628800,1677
1569715200,1678
1569801600,1676
1569888000,1675
1569974400,1672
1570060800,1673
1570147200,1673
1570233600,1672
1570320000,1673
1570406400,1670
1570492800,1672
1570579200,1674
1570665600,1674
1570752000,1676
1570838400,1681
1570924800,1678
1571011200,1674
1571097600,1657
1571184000,1655
1571270400,1657
1571356800,1657
1571443200,1659
1571529600,1661
1571616000,1651
1571702400,1654
1571788800,1652
1571875200,1651
1571961600,1651
1572048000,1649
1572134400,1652
1572220800,1653
1572307200,1652
1572393600,1655
1572480000,1649
1572566400,1664
1572652800,1663
1572739200,1661
1572825600,1660
1572912000,1655
1572998400,1656
1573084800,1654
1573171200,1660
1573257600,1658
1573344000,1659
1573430400,1660
1573516800,1661
1573603200,1656
1573689600,1660
1573776000,1662
1573862400,1660
1573948800,1658
1574035200,1652
1574121600,1652
1574208000,1654
1574294400,1652
1574380800,1654
1574467200,1652
1574553600,1649
1574640000,1647
1574726400,1644
1574812800,1643
1574899200,1643
1574985600,1642
1575072000,1645
1575158400,1644
1575244800,1645
1575331200,1649
1575417600,1646
1575504000,1646
1575590400,1647
1575676800,1646
1575763200,1646
1575849600,1649
1575936000,1647
1576022400,1646
1576108800,1649
1576195200,1650
1576281600,1653
1576368000,1654
1576454400,1650
1576540800,1653
1576627200,1650
1576713600,1647
1576800000,1650
1576886400,1649
1576972800,1647
1577059200,1653
1577145600,1653
1577232000,1650
1577318400,1648
1577404800,1647
1577491200,1649
1577577600,1648
1577664000,1646
1577750400,1646
1577836800,1645
1577923200,1648
1578009600,1646
1578096000,1646
1578182400,1646
1578268800,1648
1578355200,1649
1578441600,1647
1578528000,1642
1578614400,1642
1578700800,1644
1578787200,1645
1578873600,1640
1578960000,1641
1579046400,1645
1579132800,1645
1579219200,1648
1579305600,1647
1579392000,1645
1579478400,1646
1579564800,1642
1579651200,1646
1579737600,1649
1579824000,1648
1579910400,1650
1579996800,1648
1580083200,1646
1580169600,1646
1580256000,1640
1580342400,1643
1580428800,1647
1580515200,1647
1580601600,1647
1580688000,1649
1580774400,1649
1580860800,1647
1580947200,1648
1581033600,1648
1581120000,1659
1581206400,1661
1581292800,1657
1581379200,1660
1581465600,1649
1581552000,1647
1581638400,1652
1581724800,1653
1581811200,1655
1581897600,1653
1581984000,1649
1582070400,1648
1582156800,1649
1582243200,1648
1582329600,1648
1582416000,1646
1582502400,1650
1582588800,1646
1582675200,1649
1582761600,1649
1582848000,1651
1582934400,1653
1583020800,1658
1583107200,1655
1583193600,1657
1583280000,1660
1583366400,1659
1583452800,1660
1583539200,1659
1583625600,1660
1583712000,1656
1583798400,1655
1583884800,1651
1583971200,1654
1584057600,1639
1584144000,1634
1584230400,1635
1584316800,1644
1584403200,1641
1584489600,1636
1584576000,1641
1584662400,1642
1584748800,1642
1584835200,1645
1584921600,1637
1585008000,1643
1585094400,1644
1585180800,1641
1585267200,1648
1585353600,1651
1585440000,1648
1585526400,1651
1585612800,1652
1585699200,1649
1585785600,1646
1585872000,1651
1585958400,1650
1586044800,1652
1586131200,1649
1586217600,1648
1586304000,1647
1586390400,1645
1586476800,1644
1586563200,1650
1586649600,1651
1586736000,1657
1586822400,1657
1586908800,1655
1586995200,1650
1587081600,1652
1587168000,1649
1587254400,1650
1587340800,1653
1587427200,1648
1587513600,1651
1587600000,1655
1587686400,1659
1587772800,1659
1587859200,1657
1587945600,1655
1588032000,1659
1588118400,1656
1588204800,1655
1588291200,1661
1588377600,1658
1588464000,1658
1588550400,1652
1588636800,1651
1588723200,1654
1588809600,1660
1588896000,1657
1588982400,1658
1589068800,1658
1589155200,1658
1589241600,1663
1589328000,1663
1589414400,1666
1589500800,1662
1589587200,1664
1589673600,1665
1589760000,1662
1589846400,1660
1589932800,1658
1590019200,1657
1590105600,1655
1590192000,1654
1590278400,1657
1590364800,1663
1590451200,1660
1590537600,1661
1590624000,1661
1590710400,1660
1590796800,1658
1590883200,1657
1590969600,1654
1591056000,1659
1591142400,1661
1591228800,1660
1591315200,1662
1591401600,1664
1591488000,1662
1591574400,1661
1591660800,1664
1591747200,1666
1591833600,1667
1591920000,1670
1592006400,1672
1592092800,1673
1592179200,1674
1592265600,1669
1592352000,1670
1592438400,1670
1592524800,1673
1592611200,1674
1592697600,1676
1592784000,1678
1592870400,1673
1592956800,1673
1593043200,1662
1593129600,1664
1593216000,1669
1593302400,1670
1593388800,1666
1593475200,1670
1593561600,1672
1593648000,1673
1593734400,1676
1593820800,1675
1593907200,1678
1593993600,1680
1594080000,1681
1594166400,1683
1594252800,1679
1594339200,1678
1594425600,1679
1594512000,1679
1594598400,1674
1594684800,1680
1594771200,1680
1594857600,1680
1594944000,1684
1595030400,1686
1595116800,1688
1595203200,1685
1595289600,1686
1595376000,1681
1595462400,1682
1595548800,1682
1595635200,1683
1595721600,1680
1595808000,1674
1595894400,1680
1595980800,1683
1596067200,1685
1596153600,1686
1596240000,1684
1596326400,1685
1596412800,1687
1596499200,1685
1596585600,1694
1596672000,1689
1596758400,1702
1596844800,1699
1596931200,1702
1597017600,1703
1597104000,1703
1597190400,1702
1597276800,1698
1597363200,1701
1597449600,1706
1597536000,1708
1597622400,1712
1597708800,1707
1597795200,1710
1597881600,1710
1597968000,1705
1598054400,1709
1598140800,1709
1598227200,1704
1598313600,1705
1598400000,1709
1598486400,1705
1598572800,1708
1598659200,1708
1598745600,1708
1598832000,1718
1598918400,1717
1599004800,1724
1599091200,1727
1599177600,1725
1599264000,1719
1599350400,1721
1599436800,1718
1599523200,1714
1599609600,1716
1599696000,1716
1599782400,1715
1599868800,1715
1599955200,1713
1600041600,1711
1600128000,1715
1600214400,1710
1600300800,1708
1600387200,1708
1600473600,1708
1600560000,1707
1600646400,1705
1600732800,1705
1600819200,1707
1600905600,1708
1600992000,1710
1601078400,1714
1601164800,1713
1601251200,1709
1601337600,1711
1601424000,1711
1601510400,1708
1601596800,1713
1601683200,1713
1601769600,1710
1601856000,1704
1601942400,1707
1602028800,1714
1602115200,1715
1602201600,1713
1602288000,1713
1602374400,1711
1602460800,1711
1602547200,1712
1602633600,1713
1602720000,1711
1602806400,1717
1602892800,1717
1602979200,1714
1603065600,1719
1603152000,1719
1603238400,1725
1603324800,1739
1603411200,1761
1603497600,1761
1603584000,1765
1603670400,1758
1603756800,1758
1603843200,1753
1603929600,1755
1604016000,1757
1604102400,1758
1604188800,1758
1604275200,1757
1604361600,1759
1604448000,1755
1604534400,1757
1604620800,1763
1604707200,1763
1604793600,1762
1604880000,1755
1604966400,1760
1605052800,1762
1605139200,1763
1605225600,1762
1605312000,1759
1605398400,1761
1605484800,1761
1605571200,1757
1605657600,1751
1605744000,1750
1605830400,1749
1605916800,1742
1606003200,1740
1606089600,1746
1606176000,1744
1606262400,1744
1606348800,1745
1606435200,1740
1606521600,1739
1606608000,1738
1606694400,1742
1606780800,1740
1606867200,1741
1606953600,1744
1607040000,1748
1607126400,1742
1607212800,1741
1607299200,1739
1607385600,1739
1607472000,1738
1607558400,1742
1607644800,1744
1607731200,1741
1607817600,1745
1607904000,1743
1607990400,1738
1608076800,1735
1608163200,1723
1608249600,1727
1608336000,1720
1608422400,1694
1608508800,1685
1608595200,1693
1608681600,1711
1608768000,1711
1608854400,1714
1608940800,1711
1609027200,1708
1609113600,1709
1609200000,1697
1609286400,1703
1609372800,1696
1609459200,1689
1609545600,1687
1609632000,1683
1609718400,1674
1609804800,1662
1609891200,1654
1609977600,1634
1610064000,1629
1610150400,1625
1610236800,1630
1610323200,1630
1610409600,1633
1610496000,1627
1610582400,1631
1610668800,1621
1610755200,1624
1610841600,1623
1610928000,1621
1611014400,1617
1611100800,1616
1611187200,1608
1611273600,1612
1611360000,1610
1611446400,1613
1611532800,1610
1611619200,1606
1611705600,1610
1611792000,1621
1611878400,1614
1611964800,1614
1612051200,1618
1612137600,1617
1612224000,1621
1612310400,1622
1612396800,1627
1612483200,1626
1612569600,1631
1612656000,1637
1612742400,1632
1612828800,1634
1612915200,1634
1613001600,1635
1613088000,1632
1613174400,1633
1613260800,1631
1613347200,1631
1613433600,1627
1613520000,1622
1613606400,1615
1613692800,1614
1613779200,1609
1613865600,1611
1613952000,1608
1614038400,1607
1614124800,1606
1614211200,1613
1614297600,1621
1614384000,1618
1614470400,1617
1614556800,1609
1614643200,1606
1614729600,1607
1614816000,1608
1614902400,1610
1614988800,1609
1615075200,1612
1615161600,1608
1615248000,1607
1615334400,1605
1615420800,1596
1615507200,1603
1615593600,1604
1615680000,1601
1615766400,1606
1615852800,1601
1615939200,1603
1616025600,1604
1616112000,1605
1616198400,1600
1616284800,1601
1616371200,1604
1616457600,1597
1616544000,1591
1616630400,1594
1616716800,1593
1616803200,1589
1616889600,1588
1616976000,1587
1617062400,1582
1617148800,1585
1617235200,1583
1617321600,1584
1617408000,1583
1617494400,1584
1617580800,1580
1617667200,1581
1617753600,1581
1617840000,1580
1617926400,1578
1618012800,1575
1618099200,1581
1618185600,1577
1618272000,1579
1618358400,1583
1618444800,1585
1618531200,1586
1618617600,1588
1618704000,1593
1618790400,1593
1618876800,1595
1618963200,1597
1619049600,1593
1619136000,1590
1619222400,1586
1619308800,1588
1619395200,1589
1619481600,1594
1619568000,1587
1619654400,1582
1619740800,1581
1619827200,1581
1619913600,1582
1620000000,1578
1620086400,1580
1620172800,1582
1620259200,1578
1620345600,1581
1620432000,1581
1620518400,1588
1620604800,1581
1620691200,1581
1620777600,1582
1620864000,1580
1620950400,1581
1621036800,1586
1621123200,1578
1621209600,1570
1621296000,1567
1621382400,1566
1621468800,1578
1621555200,1582
1621641600,1588
1621728000,1591
1621814400,1589
1621900800,1579
1621987200,1576
1622073600,1575
1622160000,1577
1622246400,1576
1622332800,1573
1622419200,1575
1622505600,1572
1622592000,1576
1622678400,1575
1622764800,1572
1622851200,1577
1622937600,1576
1623024000,1578
1623110400,1571
1623196800,1568
1623283200,1572
1623369600,1567
1623456000,1566
1623542400,1567
1623628800,1567
1623715200,1565
1623801600,1565
1623888000,1563
1623974400,1562
1624060800,1564
1624147200,1562
1624233600,1556
1624320000,1553
1624406400,1563
1624492800,1566
1624579200,1565
1624665600,1563
1624752000,1558
1624838400,1559
1624924800,1558
1625011200,1553
1625097600,1554
1625184000,1554
1625270400,1550
1625356800,1551
1625443200,1549
1625529600,1548
1625616000,1553
1625702400,1554
1625788800,1555
1625875200,1556
1625961600,1556
1626048000,1559
1626134400,1561
1626220800,1559
1626307200,1559
1626393600,1563
1626480000,1569
1626566400,1569
1626652800,1573
1626739200,1573
1626825600,1570
1626912000,1570
1626998400,1570
1627084800,1570
1627171200,1572
1627257600,1563
1627344000,1554
1627430400,1561
1627516800,1567
1627603200,1560
1627689600,1562
1627776000,1563
1627862400,1558
1627948800,1561
1628035200,1559
1628121600,1559
1628208000,1557
1628294400,1558
1628380800,1562
1628467200,1569
1628553600,1565
1628640000,1557
1628726400,1557
1628812800,1561
1628899200,1561
1628985600,1563
1629072000,1562
1629158400,1561
1629244800,1563
1629331200,1563
1629417600,1565
1629504000,1562
1629590400,1562
1629676800,1559
1629763200,1557
1629849600,1566
1629936000,1570
1630022400,1568
1630108800,1566
1630195200,1566
1630281600,1565
1630368000,1566
1630454400,1562
1630540800,1557
1630627200,1563
1630713600,1562
1630800000,1562
1630886400,1563
1630972800,1562
1631059200,1560
1631145600,1558
1631232000,1560
1631318400,1560
1631404800,1561
1631491200,1556
1631577600,1558
1631664000,1561
1631750400,1563
1631836800,1562
1631923200,1563
1632009600,1564
1632096000,1567
1632182400,1566
1632268800,1573
1632355200,1572
1632441600,1576
1632528000,1575
1632614400,1574
1632700800,1575
1632787200,1573
1632873600,1575
1632960000,1574
1633046400,1575
1633132800,1578
1633219200,1578
1633305600,1576
1633392000,1572
1633478400,1575
1633564800,1572
1633651200,1571
1633737600,1568
1633824000,1568
1633910400,1570
1633996800,1571
1634083200,1573
1634169600,1574
1634256000,1570
1634342400,1570
1634428800,1571
1634515200,1573
1634601600,1572
1634688000,1577
1634774400,1577
1634860800,1574
1634947200,1575
1635033600,1577
1635120000,1573
1635206400,1575
1635292800,1569
1635379200,1575
1635465600,1571
1635552000,1569
1635638400,1567
1635724800,1572
1635811200,1563
1635897600,1568
1635984000,1566
1636070400,1566
1636156800,1565
1636243200,1565
1636329600,1558
1636416000,1559
1636502400,1563
1636588800,1564
1636675200,1564
1636761600,1567
1636848000,1565
1636934400,1562
1637020800,1560
1637107200,1565
1637193600,1567
1637280000,1570
1637366400,1568
1637452800,1570
1637539200,1572
1637625600,1570
1637712000,1564
1637798400,1564
1637884800,1561
1637971200,1562
1638057600,1562
1638144000,1558
1638230400,1556
1638316800,1553
1638403200,1555
1638489600,1556
1638576000,1561
1638662400,1565
1638748800,1557
1638835200,1563
1638921600,1562
1639008000,1568
1639094400,1569
1639180800,1565
1639267200,1566
1639353600,1568
1639440000,1575
1639526400,1575
1639612800,1574
1639699200,1572
1639785600,1571
1639872000,1572
1639958400,1566
1640044800,1574
1640131200,1573
1640217600,1581
1640304000,1577
1640390400,1575
1640476800,1575
1640563200,1569
1640649600,1568
1640736000,1560
1640822400,1557
1640908800,1560
1640995200,1564
1641081600,1559
1641168000,1555
1641254400,1556
1641340800,1556
1641427200,1554
1641513600,1558
1641600000,1554
1641686400,1557
1641772800,1556
1641859200,1556
1641945600,1557
1642032000,1559
1642118400,1563
1642204800,1559
1642291200,1561
1642377600,1560
1642464000,1557
1642550400,1555
1642636800,1556
1642723200,1566
1642809600,1562
1642896000,1563
1642982400,1559
1643068800,1564
1643155200,1561
1643241600,1570
1643328000,1570
1643414400,1566
1643500800,1566
1643587200,1569
1643673600,1570
1643760000,1568
1643846400,1568
1643932800,1566
1644019200,1566
1644105600,1564
1644192000,1563
1644278400,1562
1644364800,1562
1644451200,1565
1644537600,1564
1644624000,1564
1644710400,1563
1644796800,1563
1644883200,1559
1644969600,1560
1645056000,1560
1645142400,1562
1645228800,1559
1645315200,1555
1645401600,1561
1645488000,1556
1645574400,1563
1645660800,1561
1645747200,1558
1645833600,1563
1645920000,1560
1646006400,1575
1646092800,1571
1646179200,1575
1646265600,1574
1646352000,1577
1646438400,1575
1646524800,1575
1646611200,1579
1646697600,1587
1646784000,1587
1646870400,1583
1646956800,1594
1647043200,1593
1647129600,1592
1647216000,1593
1647302400,1590
1647388800,1600
1647475200,1598
1647561600,1604
1647648000,1605
1647734400,1604
1647820800,1603
1647907200,1600
1647993600,1599
1648080000,1595
1648166400,1591
1648252800,1590
1648339200,1594
1648425600,1593
1648512000,1586
1648598400,1585
1648684800,1583
1648771200,1582
1648857600,1584
1648944000,1583
1649030400,1584
1649116800,1579
1649203200,1581
1649289600,1578
1649376000,1578
1649462400,1578
1649548800,1577
1649635200,1579
1649721600,1581
1649808000,1581
1649894400,1594
1649980800,1591
1650067200,1592
1650153600,1593
1650240000,1606
1650326400,1603
1650412800,1601
1650499200,1598
1650585600,1599
1650672000,1600
1650758400,1600
1650844800,1597
1650931200,1601
1651017600,1598
1651104000,1597
1651190400,1597
1651276800,1597
1651363200,1598
1651449600,1596
1651536000,1591
1651622400,1588
1651708800,1588
1651795200,1583
1651881600,1581
1651968000,1576
1652054400,1564
1652140800,1562
1652227200,1553
1652313600,1555
1652400000,1548
1652486400,1559
1652572800,1556
1652659200,1550
1652745600,1553
1652832000,1550
1652918400,1552
1653004800,1552
1653091200,1551
1653177600,1550
1653264000,1548
1653350400,1545
1653436800,1543
1653523200,1543
1653609600,1543
1653696000,1544
1653782400,1542
1653868800,1543
1653955200,1543
1654041600,1545
1654128000,1546
1654214400,1546
1654300800,1544
1654387200,1544
1654473600,1543
1654560000,1547
1654646400,1542
1654732800,1537
1654819200,1532
1654905600,1529
1654992000,1525
1655078400,1517
1655164800,1517
1655251200,1513
1655337600,1524
1655424000,1537
1655510400,1530
1655596800,1532
1655683200,1541
1655769600,1535
1655856000,1537
1655942400,1532
1656028800,1537
1656115200,1537
1656201600,1539
1656288000,1536
1656374400,1537
1656460800,1531
1656547200,1531
1656633600,1537
1656720000,1537
1656806400,1536
1656892800,1536
1656979200,1530
1657065600,1534
1657152000,1530
1657238400,1529
1657324800,1529
1657411200,1533
1657497600,1526
1657584000,1532
1657670400,1537
1657756800,1534
1657843200,1527
1657929600,1525
1658016000,1525
1658102400,1518
1658188800,1522
1658275200,1516
1658361600,1516
1658448000,1512
1658534400,1514
1658620800,1515
1658707200,1518
1658793600,1517
1658880000,1518
1658966400,1523
1659052800,1522
1659139200,1520
1659225600,1517
1659312000,1516
1659398400,1514
1659484800,1514
1659571200,1512
1659657600,1521
1659744000,1517
1659830400,1515
1659916800,1517
1660003200,1509
1660089600,1503
1660176000,1504
1660262400,1506
1660348800,1508
1660435200,1508
1660521600,1509
1660608000,1506
1660694400,1505
1660780800,1511
1660867200,1510
1660953600,1508
1661040000,1509
1661126400,1509
1661212800,1512
1661299200,1512
1661385600,1512
1661472000,1511
1661558400,1508
1661644800,1509
1661731200,1511
1661817600,1506
1661904000,1504
1661990400,1501
1662076800,1495
1662163200,1498
1662249600,1497
1662336000,1500
1662422400,1498
1662508800,1497
1662595200,1493
1662681600,1492
1662768000,1492
1662854400,1491
1662940800,1490
1663027200,1485
1663113600,1485
1663200000,1484
1663286400,1484
1663372800,1481
1663459200,1480
1663545600,1483
1663632000,1482
1663718400,1480
1663804800,1478
1663891200,1476
1663977600,1473
1664064000,1472
1664150400,1472
1664236800,1474
1664323200,1469
1664409600,1469
1664496000,1470
1664582400,1468
1664668800,1468
1664755200,1465
1664841600,1467
1664928000,1465
1665014400,1467
1665100800,1466
1665187200,1467
1665273600,1465
1665360000,1461
1665446400,1466
1665532800,1466
1665619200,1470
1665705600,1471
1665792000,1469
1665878400,1468
1665964800,1473
1666051200,1486
1666137600,1482
1666224000,1477
1666310400,1480
1666396800,1476
1666483200,1477
1666569600,1473
1666656000,1475
1666742400,1473
1666828800,1477
1666915200,1476
1667001600,1475
1667088000,1476
1667174400,1476
1667260800,1476
1667347200,1470
1667433600,1474
1667520000,1467
1667606400,1467
1667692800,1466
1667779200,1470
1667865600,1465
1667952000,1460
1668038400,1466
1668124800,1469
1668211200,1461
1668297600,1461
1668384000,1462
1668470400,1469
1668556800,1464
1668643200,1462
1668729600,1463
1668816000,1463
1668902400,1462
1668988800,1458
1669075200,1454
1669161600,1466
1669248000,1468
1669334400,1461
1669420800,1459
1669507200,1459
1669593600,1457
1669680000,1456
1669766400,1455
1669852800,1457
1669939200,1451
1670025600,1451
1670112000,1454
1670198400,1450
1670284800,1453
1670371200,1451
1670457600,1450
1670544000,1451
1670630400,1452
1670716800,1452
1670803200,1452
1670889600,1458
1670976000,1457
1671062400,1461
1671148800,1457
1671235200,1458
1671321600,1460
1671408000,1463
1671494400,1461
1671580800,1466
1671667200,1461
1671753600,1458
1671840000,1458
1671926400,1457
1672012800,1458
1672099200,1456
1672185600,1459
1672272000,1454
1672358400,1454
1672444800,1451
1672531200,1448
1672617600,1449
1672704000,1452
1672790400,1450
1672876800,1449
1672963200,1452
1673049600,1450
1673136000,1450
1673222400,1451
1673308800,1453
1673395200,1454
1673481600,1453
1673568000,1450
1673654400,1451
1673740800,1448
1673827200,1453
1673913600,1454
1674000000,1455
1674086400,1453
1674172800,1454
1674259200,1450
1674345600,1451
1674432000,1457
1674518400,1457
1674604800,1457
1674691200,1460
1674777600,1457
1674864000,1456
1674950400,1458
1675036800,1456
1675123200,1456
1675209600,1456
1675296000,1459
1675382400,1454
1675468800,1457
1675555200,1457
1675641600,1460
1675728000,1459
1675814400,1458
1675900800,1460
1675987200,1462
1676073600,1461
1676160000,1462
1676246400,1466
1676332800,1468
1676419200,1468
1676505600,1465
1676592000,1466
1676678400,1465
1676764800,1464
1676851200,1460
1676937600,1466
1677024000,1465
1677110400,1461
1677196800,1459
1677283200,1458
1677369600,1460
1677456000,1463
1677542400,1459
1677628800,1461
1677715200,1457
1677801600,1455
1677888000,1452
1677974400,1454
1678060800,1457
1678147200,1459
1678233600,1462
1678320000,1456
1678406400,1459
1678492800,1459
1678579200,1457
1678665600,1452
1678752000,1453
1678838400,1454
1678924800,1453
1679011200,1458
1679097600,1461
1679184000,1462
1679270400,1461
1679356800,1456
1679443200,1461
1679529600,1465
1679616000,1459
1679702400,1460
1679788800,1459
1679875200,1457
1679961600,1458
1680048000,1458
1680134400,1461
1680220800,1457
1680307200,1455
1680393600,1456
1680480000,1455
1680566400,1456
1680652800,1452
1680739200,1455
1680825600,1450
1680912000,1448
1680998400,1448
1681084800,1446
1681171200,1442
1681257600,1439
1681344000,1441
1681430400,1440
1681516800,1442
1681603200,1440
1681689600,1434
1681776000,1437
1681862400,1440
1681948800,1441
1682035200,1440
1682121600,1438
1682208000,1435
1682294400,1432
1682380800,1431
1682467200,1434
1682553600,1437
1682640000,1437
1682726400,1438
1682812800,1439
1682899200,1438
1682985600,1437
1683072000,1436
1683158400,1433
1683244800,1439
1683331200,1440
1683417600,1442
1683504000,1438
1683590400,1441
1683676800,1439
1683763200,1442
1683849600,1450
1683936000,1449
1684022400,1448
1684108800,1459
1684195200,1456
1684281600,1456
1684368000,1461
1684454400,1462
1684540800,1462
1684627200,1462
1684713600,1457
1684800000,1457
1684886400,1456
1684972800,1455
1685059200,1455
1685145600,1455
1685232000,1454
1685318400,1453
1685404800,1447
1685491200,1447
1685577600,1448
1685664000,1454
1685750400,1455
1685836800,1454
1685923200,1450
1686009600,1448
1686096000,1446
1686182400,1442
1686268800,1444
1686355200,1443
1686441600,1442
1686528000,1440
1686614400,1438
1686700800,1441
1686787200,1435
1686873600,1434
1686960000,1435
1687046400,1436
1687132800,1437
1687219200,1439
1687305600,1445
1687392000,1446
1687478400,1444
1687564800,1440
1687651200,1441
1687737600,1445
1687824000,1442
1687910400,1436
1687996800,1444
1688083200,1443
1688169600,1455
1688256000,1456
1688342400,1460
1688428800,1460
1688515200,1461
1688601600,1469
1688688000,1472
1688774400,1468
1688860800,1466
1688947200,1465
1689033600,1468
1689120000,1466
1689206400,1462
1689292800,1458
1689379200,1459
1689465600,1459
1689552000,1455
1689638400,1455
1689724800,1458
1689811200,1460
1689897600,1461
1689984000,1459
1690070400,1456
1690156800,1456
1690243200,1457
1690329600,1455
1690416000,1458
1690502400,1456
1690588800,1456
1690675200,1453
1690761600,1455
1690848000,1456
1690934400,1457
1691020800,1458
1691107200,1455
1691193600,1457
1691280000,1458
1691366400,1455
1691452800,1460
1691539200,1460
1691625600,1462
1691712000,1460
1691798400,1460
1691884800,1459
1691971200,1461
1692057600,1461
1692144000,1460
1692230400,1457
1692316800,1458
1692403200,1458
1692489600,1457
1692576000,1455
1692662400,1459
1692748800,1459
1692835200,1459
1692921600,1467
1693008000,1467
1693094400,1467
1693180800,1465
1693267200,1469
1693353600,1473
1693440000,1472
1693526400,1465
1693612800,1465
1693699200,1463
1693785600,1461
1693872000,1459
1693958400,1457
1694044800,1460
1694131200,1461
1694217600,1460
1694304000,1460
1694390400,1463
1694476800,1463
1694563200,1463
1694649600,1462
1694736000,1463
1694822400,1463
1694908800,1463
1694995200,1462
1695081600,1460
1695168000,1466
1695254400,1468
1695340800,1465
1695427200,1464
1695513600,1463
1695600000,1458
1695686400,1456
1695772800,1457
1695859200,1461
1695945600,1461
1696032000,1460
1696118400,1459
1696204800,1462
1696291200,1463
1696377600,1461
1696464000,1461
1696550400,1467
1696636800,1467
1696723200,1467
1696809600,1467
1696896000,1464
1696982400,1465
1697068800,1460
1697155200,1461
1697241600,1460
1697328000,1460
1697414400,1467
1697500800,1465
1697587200,1469
1697673600,1470
1697760000,1469
1697846400,1469
1697932800,1471
1698019200,1471
1698105600,1474
1698192000,1476
1698278400,1476
1698364800,1475
1698451200,1474
1698537600,1474
1698624000,1474
1698710400,1474
1698796800,1480
1698883200,1482
1698969600,1485
1699056000,1483
1699142400,1483
1699228800,1482
1699315200,1481
1699401600,1477
1699488000,1472
1699574400,1472
1699660800,1472
1699747200,1472
1699833600,1472
1699920000,1476
1700006400,1473
1700092800,1472
1700179200,1475
1700265600,1473
1700352000,1475
1700438400,1473
1700524800,1476
1700611200,1474
1700697600,1475
1700784000,1482
1700870400,1481
1700956800,1482
1701043200,1484
1701129600,1486
1701216000,1489
1701302400,1494
1701388800,1494
1701475200,1496
1701561600,1499
1701648000,1494
1701734400,1497
1701820800,1494
1701907200,1495
1701993600,1492
1702080000,1490
1702166400,1492
1702252800,1505
1702339200,1494
1702425600,1495
1702512000,1497
1702598400,1497
1702684800,1498
1702771200,1494
1702857600,1496
1702944000,1495
1703030400,1499
1703116800,1494
1703203200,1482
1703289600,1481
1703376000,1487
1703462400,1487
1703548800,1491
1703635200,1505
1703721600,1504
1703808000,1502
1703894400,1499
1703980800,1498
1704067200,1496
1704153600,1499
1704240000,1490
1704326400,1488
1704412800,1493
1704499200,1493
1704585600,1491
1704672000,1490
1704758400,1483
1704844800,1476
1704931200,1473
1705017600,1475
1705104000,1483
1705190400,1481
1705276800,1483
1705363200,1483
1705449600,1487
1705536000,1485
1705622400,1480
1705708800,1482
1705795200,1483
1705881600,1484
1705968000,1490
1706054400,1492
1706140800,1494
1706227200,1498
1706313600,1497
1706400000,1498
1706486400,1501
1706572800,1508
1706659200,1511
1706745600,1509
1706832000,1512
1706918400,1510
1707004800,1509
1707091200,1508
1707177600,1512
1707264000,1512
1707350400,1514
1707436800,1501
1707523200,1500
1707609600,1503
1707696000,1503
1707782400,1506
1707868800,1525
1707955200,1535
1708041600,1540
1708128000,1543
1708214400,1542
1708300800,1539
1708387200,1545
1708473600,1543
1708560000,1549
1708646400,1548
1708732800,1549
1708819200,1549
1708905600,1549
1708992000,1557
1709078400,1564
1709164800,1565
1709251200,1572
1709337600,1571
1709424000,1572
1709510400,1568
1709596800,1587
1709683200,1585
1709769600,1581
1709856000,1581
1709942400,1582
1710028800,1582
1710115200,1578
1710201600,1574
1710288000,1587
1710374400,1584
1710460800,1594
1710547200,1597
1710633600,1599
1710720000,1605
1710806400,1597
1710892800,1598
1710979200,1597
1711065600,1603
1711152000,1610
1711238400,1611
1711324800,1617
1711411200,1615
1711497600,1611
1711584000,1620
1711670400,1618
1711756800,1618
1711843200,1619
1711929600,1623
1712016000,1626
1712102400,1630
1712188800,1642
1712275200,1642
1712361600,1641
1712448000,1640
1712534400,1644
1712620800,1646
1712707200,1650
1712793600,1651
1712880000,1650
1712966400,1652
1713052800,1654
1713139200,1655
1713225600,1658
1713312000,1655
1713398400,1660
1713484800,1658
1713571200,1658
1713657600,1659
1713744000,1654
1713830400,1649
1713916800,1649
1714003200,1655
1714089600,1652
1714176000,1652
1714262400,1652
1714348800,1652
1714435200,1649
1714521600,1647
1714608000,1645
1714694400,1641
1714780800,1642
1714867200,1640
1714953600,1643
1715040000,1642
1715126400,1647
1715212800,1647
1715299200,1644
1715385600,1645
1715472000,1645
1715558400,1643
1715644800,1644
1715731200,1652
1715817600,1652
1715904000,1654
1715990400,1656
1716076800,1656
1716163200,1659
1716249600,1663
1716336000,1660
1716422400,1667
1716508800,1667
1716595200,1667
1716681600,1668
1716768000,1668
1716854400,1670
1716940800,1673
1717027200,1679
1717113600,1678
1717200000,1678
